Copyright 1986-2019 Xilinx, Inc. All Rights Reserved.
----------------------------------------------------------------------------------------------------------------------------------------------------------------------------------------------------------------------
| Tool Version : Vivado v.2019.2 (lin64) Build 2708876 Wed Nov  6 21:39:14 MST 2019
| Date         : Wed Sep 16 20:32:23 2026
| Host         : oihv running 64-bit Arch Linux
| Command      : report_timing_summary -delay_type min_max -report_unconstrained -check_timing_verbose -max_paths 10 -input_pins -file /home/nikolas/Programming/repos/CPU-Pipeline/VivadoCPU/reports/timing_impl.rpt
| Design       : mips_pipeline
| Device       : 7k70t-fbv676
| Speed File   : -1  PRODUCTION 1.12 2017-02-17
----------------------------------------------------------------------------------------------------------------------------------------------------------------------------------------------------------------------

Timing Summary Report

------------------------------------------------------------------------------------------------
| Timer Settings
| --------------
------------------------------------------------------------------------------------------------

  Enable Multi Corner Analysis               :  Yes
  Enable Pessimism Removal                   :  Yes
  Pessimism Removal Resolution               :  Nearest Common Node
  Enable Input Delay Default Clock           :  No
  Enable Preset / Clear Arcs                 :  No
  Disable Flight Delays                      :  No
  Ignore I/O Paths                           :  No
  Timing Early Launch at Borrowing Latches   :  No
  Borrow Time for Max Delay Exceptions       :  Yes
  Merge Timing Exceptions                    :  Yes

  Corner  Analyze    Analyze    
  Name    Max Paths  Min Paths  
  ------  ---------  ---------  
  Slow    Yes        Yes        
  Fast    Yes        Yes        



check_timing report

Table of Contents
-----------------
1. checking no_clock
2. checking constant_clock
3. checking pulse_width_clock
4. checking unconstrained_internal_endpoints
5. checking no_input_delay
6. checking no_output_delay
7. checking multiple_clock
8. checking generated_clocks
9. checking loops
10. checking partial_input_delay
11. checking partial_output_delay
12. checking latch_loops

1. checking no_clock
--------------------
 There are 0 register/latch pins with no clock.


2. checking constant_clock
--------------------------
 There are 0 register/latch pins with constant_clock.


3. checking pulse_width_clock
-----------------------------
 There are 0 register/latch pins which need pulse_width check


4. checking unconstrained_internal_endpoints
--------------------------------------------
 There are 0 pins that are not constrained for maximum delay.

 There are 0 pins that are not constrained for maximum delay due to constant clock.


5. checking no_input_delay
--------------------------
 There are 65 input ports with no input delay specified. (HIGH)

data_sram_rdata[0]
data_sram_rdata[10]
data_sram_rdata[11]
data_sram_rdata[12]
data_sram_rdata[13]
data_sram_rdata[14]
data_sram_rdata[15]
data_sram_rdata[16]
data_sram_rdata[17]
data_sram_rdata[18]
data_sram_rdata[19]
data_sram_rdata[1]
data_sram_rdata[20]
data_sram_rdata[21]
data_sram_rdata[22]
data_sram_rdata[23]
data_sram_rdata[24]
data_sram_rdata[25]
data_sram_rdata[26]
data_sram_rdata[27]
data_sram_rdata[28]
data_sram_rdata[29]
data_sram_rdata[2]
data_sram_rdata[30]
data_sram_rdata[31]
data_sram_rdata[3]
data_sram_rdata[4]
data_sram_rdata[5]
data_sram_rdata[6]
data_sram_rdata[7]
data_sram_rdata[8]
data_sram_rdata[9]
inst_sram_rdata[0]
inst_sram_rdata[10]
inst_sram_rdata[11]
inst_sram_rdata[12]
inst_sram_rdata[13]
inst_sram_rdata[14]
inst_sram_rdata[15]
inst_sram_rdata[16]
inst_sram_rdata[17]
inst_sram_rdata[18]
inst_sram_rdata[19]
inst_sram_rdata[1]
inst_sram_rdata[20]
inst_sram_rdata[21]
inst_sram_rdata[22]
inst_sram_rdata[23]
inst_sram_rdata[24]
inst_sram_rdata[25]
inst_sram_rdata[26]
inst_sram_rdata[27]
inst_sram_rdata[28]
inst_sram_rdata[29]
inst_sram_rdata[2]
inst_sram_rdata[30]
inst_sram_rdata[31]
inst_sram_rdata[3]
inst_sram_rdata[4]
inst_sram_rdata[5]
inst_sram_rdata[6]
inst_sram_rdata[7]
inst_sram_rdata[8]
inst_sram_rdata[9]
resetn

 There are 0 input ports with no input delay but user has a false path constraint.


6. checking no_output_delay
---------------------------
 There are 174 ports with no output delay specified. (HIGH)

data_sram_addr[0]
data_sram_addr[10]
data_sram_addr[11]
data_sram_addr[12]
data_sram_addr[13]
data_sram_addr[14]
data_sram_addr[15]
data_sram_addr[16]
data_sram_addr[17]
data_sram_addr[18]
data_sram_addr[19]
data_sram_addr[1]
data_sram_addr[20]
data_sram_addr[21]
data_sram_addr[22]
data_sram_addr[23]
data_sram_addr[24]
data_sram_addr[25]
data_sram_addr[26]
data_sram_addr[27]
data_sram_addr[28]
data_sram_addr[29]
data_sram_addr[2]
data_sram_addr[30]
data_sram_addr[31]
data_sram_addr[3]
data_sram_addr[4]
data_sram_addr[5]
data_sram_addr[6]
data_sram_addr[7]
data_sram_addr[8]
data_sram_addr[9]
data_sram_wdata[0]
data_sram_wdata[10]
data_sram_wdata[11]
data_sram_wdata[12]
data_sram_wdata[13]
data_sram_wdata[14]
data_sram_wdata[15]
data_sram_wdata[16]
data_sram_wdata[17]
data_sram_wdata[18]
data_sram_wdata[19]
data_sram_wdata[1]
data_sram_wdata[20]
data_sram_wdata[21]
data_sram_wdata[22]
data_sram_wdata[23]
data_sram_wdata[24]
data_sram_wdata[25]
data_sram_wdata[26]
data_sram_wdata[27]
data_sram_wdata[28]
data_sram_wdata[29]
data_sram_wdata[2]
data_sram_wdata[30]
data_sram_wdata[31]
data_sram_wdata[3]
data_sram_wdata[4]
data_sram_wdata[5]
data_sram_wdata[6]
data_sram_wdata[7]
data_sram_wdata[8]
data_sram_wdata[9]
data_sram_wen[0]
data_sram_wen[1]
data_sram_wen[2]
data_sram_wen[3]
debug_wb_pc[0]
debug_wb_pc[10]
debug_wb_pc[11]
debug_wb_pc[12]
debug_wb_pc[13]
debug_wb_pc[14]
debug_wb_pc[15]
debug_wb_pc[16]
debug_wb_pc[17]
debug_wb_pc[18]
debug_wb_pc[19]
debug_wb_pc[1]
debug_wb_pc[20]
debug_wb_pc[21]
debug_wb_pc[22]
debug_wb_pc[23]
debug_wb_pc[24]
debug_wb_pc[25]
debug_wb_pc[26]
debug_wb_pc[27]
debug_wb_pc[28]
debug_wb_pc[29]
debug_wb_pc[2]
debug_wb_pc[30]
debug_wb_pc[31]
debug_wb_pc[3]
debug_wb_pc[4]
debug_wb_pc[5]
debug_wb_pc[6]
debug_wb_pc[7]
debug_wb_pc[8]
debug_wb_pc[9]
debug_wb_rf_wdata[0]
debug_wb_rf_wdata[10]
debug_wb_rf_wdata[11]
debug_wb_rf_wdata[12]
debug_wb_rf_wdata[13]
debug_wb_rf_wdata[14]
debug_wb_rf_wdata[15]
debug_wb_rf_wdata[16]
debug_wb_rf_wdata[17]
debug_wb_rf_wdata[18]
debug_wb_rf_wdata[19]
debug_wb_rf_wdata[1]
debug_wb_rf_wdata[20]
debug_wb_rf_wdata[21]
debug_wb_rf_wdata[22]
debug_wb_rf_wdata[23]
debug_wb_rf_wdata[24]
debug_wb_rf_wdata[25]
debug_wb_rf_wdata[26]
debug_wb_rf_wdata[27]
debug_wb_rf_wdata[28]
debug_wb_rf_wdata[29]
debug_wb_rf_wdata[2]
debug_wb_rf_wdata[30]
debug_wb_rf_wdata[31]
debug_wb_rf_wdata[3]
debug_wb_rf_wdata[4]
debug_wb_rf_wdata[5]
debug_wb_rf_wdata[6]
debug_wb_rf_wdata[7]
debug_wb_rf_wdata[8]
debug_wb_rf_wdata[9]
debug_wb_rf_wen[0]
debug_wb_rf_wen[1]
debug_wb_rf_wen[2]
debug_wb_rf_wen[3]
debug_wb_rf_wnum[0]
debug_wb_rf_wnum[1]
debug_wb_rf_wnum[2]
debug_wb_rf_wnum[3]
debug_wb_rf_wnum[4]
inst_sram_addr[0]
inst_sram_addr[10]
inst_sram_addr[11]
inst_sram_addr[12]
inst_sram_addr[13]
inst_sram_addr[14]
inst_sram_addr[15]
inst_sram_addr[16]
inst_sram_addr[17]
inst_sram_addr[18]
inst_sram_addr[19]
inst_sram_addr[1]
inst_sram_addr[20]
inst_sram_addr[21]
inst_sram_addr[22]
inst_sram_addr[23]
inst_sram_addr[24]
inst_sram_addr[25]
inst_sram_addr[26]
inst_sram_addr[27]
inst_sram_addr[28]
inst_sram_addr[29]
inst_sram_addr[2]
inst_sram_addr[30]
inst_sram_addr[31]
inst_sram_addr[3]
inst_sram_addr[4]
inst_sram_addr[5]
inst_sram_addr[6]
inst_sram_addr[7]
inst_sram_addr[8]
inst_sram_addr[9]
inst_sram_en

 There are 0 ports with no output delay but user has a false path constraint

 There are 0 ports with no output delay but with a timing clock defined on it or propagating through it


7. checking multiple_clock
--------------------------
 There are 0 register/latch pins with multiple clocks.


8. checking generated_clocks
----------------------------
 There are 0 generated clocks that are not connected to a clock source.


9. checking loops
-----------------
 There are 0 combinational loops in the design.


10. checking partial_input_delay
--------------------------------
 There are 0 input ports with partial input delay specified.


11. checking partial_output_delay
---------------------------------
 There are 0 ports with partial output delay specified.


12. checking latch_loops
------------------------
 There are 0 combinational latch loops in the design through latch input



------------------------------------------------------------------------------------------------
| Design Timing Summary
| ---------------------
------------------------------------------------------------------------------------------------

    WNS(ns)      TNS(ns)  TNS Failing Endpoints  TNS Total Endpoints      WHS(ns)      THS(ns)  THS Failing Endpoints  THS Total Endpoints     WPWS(ns)     TPWS(ns)  TPWS Failing Endpoints  TPWS Total Endpoints  
    -------      -------  ---------------------  -------------------      -------      -------  ---------------------  -------------------     --------     --------  ----------------------  --------------------  
      0.499        0.000                      0                 1568        0.071        0.000                      0                 1568        4.090        0.000                       0                   576  


All user specified timing constraints are met.


------------------------------------------------------------------------------------------------
| Clock Summary
| -------------
------------------------------------------------------------------------------------------------

Clock  Waveform(ns)       Period(ns)      Frequency(MHz)
-----  ------------       ----------      --------------
clk    {0.000 5.000}      10.000          100.000         


------------------------------------------------------------------------------------------------
| Intra Clock Table
| -----------------
------------------------------------------------------------------------------------------------

Clock             WNS(ns)      TNS(ns)  TNS Failing Endpoints  TNS Total Endpoints      WHS(ns)      THS(ns)  THS Failing Endpoints  THS Total Endpoints     WPWS(ns)     TPWS(ns)  TPWS Failing Endpoints  TPWS Total Endpoints  
-----             -------      -------  ---------------------  -------------------      -------      -------  ---------------------  -------------------     --------     --------  ----------------------  --------------------  
clk                 0.499        0.000                      0                 1568        0.071        0.000                      0                 1568        4.090        0.000                       0                   576  


------------------------------------------------------------------------------------------------
| Inter Clock Table
| -----------------
------------------------------------------------------------------------------------------------

From Clock    To Clock          WNS(ns)      TNS(ns)  TNS Failing Endpoints  TNS Total Endpoints      WHS(ns)      THS(ns)  THS Failing Endpoints  THS Total Endpoints  
----------    --------          -------      -------  ---------------------  -------------------      -------      -------  ---------------------  -------------------  


------------------------------------------------------------------------------------------------
| Other Path Groups Table
| -----------------------
------------------------------------------------------------------------------------------------

Path Group    From Clock    To Clock          WNS(ns)      TNS(ns)  TNS Failing Endpoints  TNS Total Endpoints      WHS(ns)      THS(ns)  THS Failing Endpoints  THS Total Endpoints  
----------    ----------    --------          -------      -------  ---------------------  -------------------      -------      -------  ---------------------  -------------------  


------------------------------------------------------------------------------------------------
| User Ignored Path Table
| -----------------------
------------------------------------------------------------------------------------------------

Path Group    From Clock    To Clock    
----------    ----------    --------    


------------------------------------------------------------------------------------------------
| Unconstrained Path Table
| ------------------------
------------------------------------------------------------------------------------------------

Path Group    From Clock    To Clock    
----------    ----------    --------    
(none)        clk                         
(none)                      clk           


------------------------------------------------------------------------------------------------
| Timing Details
| --------------
------------------------------------------------------------------------------------------------


---------------------------------------------------------------------------------------------------
From Clock:  clk
  To Clock:  clk

Setup :            0  Failing Endpoints,  Worst Slack        0.499ns,  Total Violation        0.000ns
Hold  :            0  Failing Endpoints,  Worst Slack        0.071ns,  Total Violation        0.000ns
PW    :            0  Failing Endpoints,  Worst Slack        4.090ns,  Total Violation        0.000ns
---------------------------------------------------------------------------------------------------


Max Delay Paths
--------------------------------------------------------------------------------------
Slack (MET) :             0.499ns  (required time - arrival time)
  Source:                 es_src1_is_pc_reg/C
                            (rising edge-triggered cell FDRE clocked by clk  {rise@0.000ns fall@5.000ns period=10.000ns})
  Destination:            ds_inst_reg[30]/CE
                            (rising edge-triggered cell FDRE clocked by clk  {rise@0.000ns fall@5.000ns period=10.000ns})
  Path Group:             clk
  Path Type:              Setup (Max at Slow Process Corner)
  Requirement:            10.000ns  (clk rise@10.000ns - clk rise@0.000ns)
  Data Path Delay:        9.076ns  (logic 1.451ns (15.987%)  route 7.625ns (84.013%))
  Logic Levels:           13  (CARRY4=3 LUT3=2 LUT5=2 LUT6=6)
  Clock Path Skew:        -0.029ns (DCD - SCD + CPR)
    Destination Clock Delay (DCD):    4.140ns = ( 14.140 - 10.000 ) 
    Source Clock Delay      (SCD):    4.422ns
    Clock Pessimism Removal (CPR):    0.253ns
  Clock Uncertainty:      0.035ns  ((TSJ^2 + TIJ^2)^1/2 + DJ) / 2 + PE
    Total System Jitter     (TSJ):    0.071ns
    Total Input Jitter      (TIJ):    0.000ns
    Discrete Jitter          (DJ):    0.000ns
    Phase Error              (PE):    0.000ns

    Location             Delay type                Incr(ns)  Path(ns)    Netlist Resource(s)
  -------------------------------------------------------------------    -------------------
                         (clock clk rise edge)        0.000     0.000 r  
    D23                                               0.000     0.000 r  clk (IN)
                         net (fo=0)                   0.000     0.000    clk
    D23                                                               r  clk_IBUF_inst/I
    D23                  IBUF (Prop_ibuf_I_O)         0.892     0.892 r  clk_IBUF_inst/O
                         net (fo=1, routed)           1.764     2.656    clk_IBUF
    BUFGCTRL_X0Y0                                                     r  clk_IBUF_BUFG_inst/I
    BUFGCTRL_X0Y0        BUFG (Prop_bufg_I_O)         0.120     2.776 r  clk_IBUF_BUFG_inst/O
                         net (fo=575, routed)         1.646     4.422    clk_IBUF_BUFG
    SLICE_X7Y17          FDRE                                         r  es_src1_is_pc_reg/C
  -------------------------------------------------------------------    -------------------
    SLICE_X7Y17          FDRE (Prop_fdre_C_Q)         0.269     4.691 r  es_src1_is_pc_reg/Q
                         net (fo=221, routed)         0.666     5.357    u_pc/es_src2_is_4
    SLICE_X7Y17                                                       r  u_pc/alu_result0_carry_i_1/I0
    SLICE_X7Y17          LUT5 (Prop_lut5_I0_O)        0.053     5.410 r  u_pc/alu_result0_carry_i_1/O
                         net (fo=121, routed)         1.158     6.568    u_pc/es_pc_reg[15][3]
    SLICE_X18Y15                                                      r  u_pc/data_sram_addr_OBUF[12]_inst_i_11/I1
    SLICE_X18Y15         LUT5 (Prop_lut5_I1_O)        0.053     6.621 r  u_pc/data_sram_addr_OBUF[12]_inst_i_11/O
                         net (fo=4, routed)           0.821     7.442    u_pc/data_sram_addr_OBUF[12]_inst_i_11_n_0
    SLICE_X17Y13                                                      r  u_pc/data_sram_addr_OBUF[6]_inst_i_7/I0
    SLICE_X17Y13         LUT6 (Prop_lut6_I0_O)        0.053     7.495 r  u_pc/data_sram_addr_OBUF[6]_inst_i_7/O
                         net (fo=3, routed)           0.823     8.318    u_pc/data_sram_addr_OBUF[6]_inst_i_7_n_0
    SLICE_X15Y22                                                      r  u_pc/es_rs_value[6]_i_7/I2
    SLICE_X15Y22         LUT3 (Prop_lut3_I2_O)        0.067     8.385 r  u_pc/es_rs_value[6]_i_7/O
                         net (fo=1, routed)           0.620     9.004    u_pc/es_rs_value[6]_i_7_n_0
    SLICE_X14Y13                                                      r  u_pc/es_rs_value[6]_i_4/I3
    SLICE_X14Y13         LUT6 (Prop_lut6_I3_O)        0.170     9.174 r  u_pc/es_rs_value[6]_i_4/O
                         net (fo=1, routed)           0.516     9.691    u_alu/es_rs_value_reg[6]_0
    SLICE_X8Y13                                                       r  u_alu/es_rs_value[6]_i_1/I3
    SLICE_X8Y13          LUT6 (Prop_lut6_I3_O)        0.053     9.744 r  u_alu/es_rs_value[6]_i_1/O
                         net (fo=6, routed)           0.929    10.673    u_alu/rs_value[6]
    SLICE_X6Y20                                                       r  u_alu/ds_pc[31]_i_73/I0
    SLICE_X6Y20          LUT6 (Prop_lut6_I0_O)        0.053    10.726 r  u_alu/ds_pc[31]_i_73/O
                         net (fo=1, routed)           0.000    10.726    u_alu/ds_pc[31]_i_73_n_0
    SLICE_X6Y20                                                       r  u_alu/ds_pc_reg[31]_i_54/S[2]
    SLICE_X6Y20          CARRY4 (Prop_carry4_S[2]_CO[3])
                                                      0.219    10.945 r  u_alu/ds_pc_reg[31]_i_54/CO[3]
                         net (fo=1, routed)           0.000    10.945    u_alu/ds_pc_reg[31]_i_54_n_0
    SLICE_X6Y21                                                       r  u_alu/ds_pc_reg[31]_i_36/CI
    SLICE_X6Y21          CARRY4 (Prop_carry4_CI_CO[3])
                                                      0.060    11.005 r  u_alu/ds_pc_reg[31]_i_36/CO[3]
                         net (fo=1, routed)           0.000    11.005    u_alu/ds_pc_reg[31]_i_36_n_0
    SLICE_X6Y22                                                       r  u_alu/ds_pc_reg[31]_i_19/CI
    SLICE_X6Y22          CARRY4 (Prop_carry4_CI_CO[2])
                                                      0.132    11.137 r  u_alu/ds_pc_reg[31]_i_19/CO[2]
                         net (fo=2, routed)           0.370    11.507    u_pc/CO[0]
    SLICE_X4Y20                                                       r  u_pc/ds_pc[31]_i_7/I0
    SLICE_X4Y20          LUT6 (Prop_lut6_I0_O)        0.160    11.667 f  u_pc/ds_pc[31]_i_7/O
                         net (fo=1, routed)           0.453    12.119    u_alu/pc_reg[0]_2
    SLICE_X3Y20                                                       f  u_alu/ds_pc[31]_i_3/I5
    SLICE_X3Y20          LUT6 (Prop_lut6_I5_O)        0.053    12.172 f  u_alu/ds_pc[31]_i_3/O
                         net (fo=35, routed)          0.661    12.833    u_alu/ds_valid_reg
    SLICE_X3Y25                                                       f  u_alu/ds_pc[31]_i_1/I1
    SLICE_X3Y25          LUT3 (Prop_lut3_I1_O)        0.056    12.889 r  u_alu/ds_pc[31]_i_1/O
                         net (fo=64, routed)          0.609    13.498    ds_pc0
    SLICE_X0Y21          FDRE                                         r  ds_inst_reg[30]/CE
  -------------------------------------------------------------------    -------------------

                         (clock clk rise edge)       10.000    10.000 r  
    D23                                               0.000    10.000 r  clk (IN)
                         net (fo=0)                   0.000    10.000    clk
    D23                                                               r  clk_IBUF_inst/I
    D23                  IBUF (Prop_ibuf_I_O)         0.815    10.815 r  clk_IBUF_inst/O
                         net (fo=1, routed)           1.679    12.494    clk_IBUF
    BUFGCTRL_X0Y0                                                     r  clk_IBUF_BUFG_inst/I
    BUFGCTRL_X0Y0        BUFG (Prop_bufg_I_O)         0.113    12.607 r  clk_IBUF_BUFG_inst/O
                         net (fo=575, routed)         1.533    14.140    clk_IBUF_BUFG
    SLICE_X0Y21          FDRE                                         r  ds_inst_reg[30]/C
                         clock pessimism              0.253    14.393    
                         clock uncertainty           -0.035    14.358    
    SLICE_X0Y21          FDRE (Setup_fdre_C_CE)      -0.361    13.997    ds_inst_reg[30]
  -------------------------------------------------------------------
                         required time                         13.997    
                         arrival time                         -13.498    
  -------------------------------------------------------------------
                         slack                                  0.499    

Slack (MET) :             0.499ns  (required time - arrival time)
  Source:                 es_src1_is_pc_reg/C
                            (rising edge-triggered cell FDRE clocked by clk  {rise@0.000ns fall@5.000ns period=10.000ns})
  Destination:            ds_inst_reg[31]/CE
                            (rising edge-triggered cell FDRE clocked by clk  {rise@0.000ns fall@5.000ns period=10.000ns})
  Path Group:             clk
  Path Type:              Setup (Max at Slow Process Corner)
  Requirement:            10.000ns  (clk rise@10.000ns - clk rise@0.000ns)
  Data Path Delay:        9.076ns  (logic 1.451ns (15.987%)  route 7.625ns (84.013%))
  Logic Levels:           13  (CARRY4=3 LUT3=2 LUT5=2 LUT6=6)
  Clock Path Skew:        -0.029ns (DCD - SCD + CPR)
    Destination Clock Delay (DCD):    4.140ns = ( 14.140 - 10.000 ) 
    Source Clock Delay      (SCD):    4.422ns
    Clock Pessimism Removal (CPR):    0.253ns
  Clock Uncertainty:      0.035ns  ((TSJ^2 + TIJ^2)^1/2 + DJ) / 2 + PE
    Total System Jitter     (TSJ):    0.071ns
    Total Input Jitter      (TIJ):    0.000ns
    Discrete Jitter          (DJ):    0.000ns
    Phase Error              (PE):    0.000ns

    Location             Delay type                Incr(ns)  Path(ns)    Netlist Resource(s)
  -------------------------------------------------------------------    -------------------
                         (clock clk rise edge)        0.000     0.000 r  
    D23                                               0.000     0.000 r  clk (IN)
                         net (fo=0)                   0.000     0.000    clk
    D23                                                               r  clk_IBUF_inst/I
    D23                  IBUF (Prop_ibuf_I_O)         0.892     0.892 r  clk_IBUF_inst/O
                         net (fo=1, routed)           1.764     2.656    clk_IBUF
    BUFGCTRL_X0Y0                                                     r  clk_IBUF_BUFG_inst/I
    BUFGCTRL_X0Y0        BUFG (Prop_bufg_I_O)         0.120     2.776 r  clk_IBUF_BUFG_inst/O
                         net (fo=575, routed)         1.646     4.422    clk_IBUF_BUFG
    SLICE_X7Y17          FDRE                                         r  es_src1_is_pc_reg/C
  -------------------------------------------------------------------    -------------------
    SLICE_X7Y17          FDRE (Prop_fdre_C_Q)         0.269     4.691 r  es_src1_is_pc_reg/Q
                         net (fo=221, routed)         0.666     5.357    u_pc/es_src2_is_4
    SLICE_X7Y17                                                       r  u_pc/alu_result0_carry_i_1/I0
    SLICE_X7Y17          LUT5 (Prop_lut5_I0_O)        0.053     5.410 r  u_pc/alu_result0_carry_i_1/O
                         net (fo=121, routed)         1.158     6.568    u_pc/es_pc_reg[15][3]
    SLICE_X18Y15                                                      r  u_pc/data_sram_addr_OBUF[12]_inst_i_11/I1
    SLICE_X18Y15         LUT5 (Prop_lut5_I1_O)        0.053     6.621 r  u_pc/data_sram_addr_OBUF[12]_inst_i_11/O
                         net (fo=4, routed)           0.821     7.442    u_pc/data_sram_addr_OBUF[12]_inst_i_11_n_0
    SLICE_X17Y13                                                      r  u_pc/data_sram_addr_OBUF[6]_inst_i_7/I0
    SLICE_X17Y13         LUT6 (Prop_lut6_I0_O)        0.053     7.495 r  u_pc/data_sram_addr_OBUF[6]_inst_i_7/O
                         net (fo=3, routed)           0.823     8.318    u_pc/data_sram_addr_OBUF[6]_inst_i_7_n_0
    SLICE_X15Y22                                                      r  u_pc/es_rs_value[6]_i_7/I2
    SLICE_X15Y22         LUT3 (Prop_lut3_I2_O)        0.067     8.385 r  u_pc/es_rs_value[6]_i_7/O
                         net (fo=1, routed)           0.620     9.004    u_pc/es_rs_value[6]_i_7_n_0
    SLICE_X14Y13                                                      r  u_pc/es_rs_value[6]_i_4/I3
    SLICE_X14Y13         LUT6 (Prop_lut6_I3_O)        0.170     9.174 r  u_pc/es_rs_value[6]_i_4/O
                         net (fo=1, routed)           0.516     9.691    u_alu/es_rs_value_reg[6]_0
    SLICE_X8Y13                                                       r  u_alu/es_rs_value[6]_i_1/I3
    SLICE_X8Y13          LUT6 (Prop_lut6_I3_O)        0.053     9.744 r  u_alu/es_rs_value[6]_i_1/O
                         net (fo=6, routed)           0.929    10.673    u_alu/rs_value[6]
    SLICE_X6Y20                                                       r  u_alu/ds_pc[31]_i_73/I0
    SLICE_X6Y20          LUT6 (Prop_lut6_I0_O)        0.053    10.726 r  u_alu/ds_pc[31]_i_73/O
                         net (fo=1, routed)           0.000    10.726    u_alu/ds_pc[31]_i_73_n_0
    SLICE_X6Y20                                                       r  u_alu/ds_pc_reg[31]_i_54/S[2]
    SLICE_X6Y20          CARRY4 (Prop_carry4_S[2]_CO[3])
                                                      0.219    10.945 r  u_alu/ds_pc_reg[31]_i_54/CO[3]
                         net (fo=1, routed)           0.000    10.945    u_alu/ds_pc_reg[31]_i_54_n_0
    SLICE_X6Y21                                                       r  u_alu/ds_pc_reg[31]_i_36/CI
    SLICE_X6Y21          CARRY4 (Prop_carry4_CI_CO[3])
                                                      0.060    11.005 r  u_alu/ds_pc_reg[31]_i_36/CO[3]
                         net (fo=1, routed)           0.000    11.005    u_alu/ds_pc_reg[31]_i_36_n_0
    SLICE_X6Y22                                                       r  u_alu/ds_pc_reg[31]_i_19/CI
    SLICE_X6Y22          CARRY4 (Prop_carry4_CI_CO[2])
                                                      0.132    11.137 r  u_alu/ds_pc_reg[31]_i_19/CO[2]
                         net (fo=2, routed)           0.370    11.507    u_pc/CO[0]
    SLICE_X4Y20                                                       r  u_pc/ds_pc[31]_i_7/I0
    SLICE_X4Y20          LUT6 (Prop_lut6_I0_O)        0.160    11.667 f  u_pc/ds_pc[31]_i_7/O
                         net (fo=1, routed)           0.453    12.119    u_alu/pc_reg[0]_2
    SLICE_X3Y20                                                       f  u_alu/ds_pc[31]_i_3/I5
    SLICE_X3Y20          LUT6 (Prop_lut6_I5_O)        0.053    12.172 f  u_alu/ds_pc[31]_i_3/O
                         net (fo=35, routed)          0.661    12.833    u_alu/ds_valid_reg
    SLICE_X3Y25                                                       f  u_alu/ds_pc[31]_i_1/I1
    SLICE_X3Y25          LUT3 (Prop_lut3_I1_O)        0.056    12.889 r  u_alu/ds_pc[31]_i_1/O
                         net (fo=64, routed)          0.609    13.498    ds_pc0
    SLICE_X0Y21          FDRE                                         r  ds_inst_reg[31]/CE
  -------------------------------------------------------------------    -------------------

                         (clock clk rise edge)       10.000    10.000 r  
    D23                                               0.000    10.000 r  clk (IN)
                         net (fo=0)                   0.000    10.000    clk
    D23                                                               r  clk_IBUF_inst/I
    D23                  IBUF (Prop_ibuf_I_O)         0.815    10.815 r  clk_IBUF_inst/O
                         net (fo=1, routed)           1.679    12.494    clk_IBUF
    BUFGCTRL_X0Y0                                                     r  clk_IBUF_BUFG_inst/I
    BUFGCTRL_X0Y0        BUFG (Prop_bufg_I_O)         0.113    12.607 r  clk_IBUF_BUFG_inst/O
                         net (fo=575, routed)         1.533    14.140    clk_IBUF_BUFG
    SLICE_X0Y21          FDRE                                         r  ds_inst_reg[31]/C
                         clock pessimism              0.253    14.393    
                         clock uncertainty           -0.035    14.358    
    SLICE_X0Y21          FDRE (Setup_fdre_C_CE)      -0.361    13.997    ds_inst_reg[31]
  -------------------------------------------------------------------
                         required time                         13.997    
                         arrival time                         -13.498    
  -------------------------------------------------------------------
                         slack                                  0.499    

Slack (MET) :             0.499ns  (required time - arrival time)
  Source:                 es_src1_is_pc_reg/C
                            (rising edge-triggered cell FDRE clocked by clk  {rise@0.000ns fall@5.000ns period=10.000ns})
  Destination:            ds_inst_reg[3]/CE
                            (rising edge-triggered cell FDRE clocked by clk  {rise@0.000ns fall@5.000ns period=10.000ns})
  Path Group:             clk
  Path Type:              Setup (Max at Slow Process Corner)
  Requirement:            10.000ns  (clk rise@10.000ns - clk rise@0.000ns)
  Data Path Delay:        9.076ns  (logic 1.451ns (15.987%)  route 7.625ns (84.013%))
  Logic Levels:           13  (CARRY4=3 LUT3=2 LUT5=2 LUT6=6)
  Clock Path Skew:        -0.029ns (DCD - SCD + CPR)
    Destination Clock Delay (DCD):    4.140ns = ( 14.140 - 10.000 ) 
    Source Clock Delay      (SCD):    4.422ns
    Clock Pessimism Removal (CPR):    0.253ns
  Clock Uncertainty:      0.035ns  ((TSJ^2 + TIJ^2)^1/2 + DJ) / 2 + PE
    Total System Jitter     (TSJ):    0.071ns
    Total Input Jitter      (TIJ):    0.000ns
    Discrete Jitter          (DJ):    0.000ns
    Phase Error              (PE):    0.000ns

    Location             Delay type                Incr(ns)  Path(ns)    Netlist Resource(s)
  -------------------------------------------------------------------    -------------------
                         (clock clk rise edge)        0.000     0.000 r  
    D23                                               0.000     0.000 r  clk (IN)
                         net (fo=0)                   0.000     0.000    clk
    D23                                                               r  clk_IBUF_inst/I
    D23                  IBUF (Prop_ibuf_I_O)         0.892     0.892 r  clk_IBUF_inst/O
                         net (fo=1, routed)           1.764     2.656    clk_IBUF
    BUFGCTRL_X0Y0                                                     r  clk_IBUF_BUFG_inst/I
    BUFGCTRL_X0Y0        BUFG (Prop_bufg_I_O)         0.120     2.776 r  clk_IBUF_BUFG_inst/O
                         net (fo=575, routed)         1.646     4.422    clk_IBUF_BUFG
    SLICE_X7Y17          FDRE                                         r  es_src1_is_pc_reg/C
  -------------------------------------------------------------------    -------------------
    SLICE_X7Y17          FDRE (Prop_fdre_C_Q)         0.269     4.691 r  es_src1_is_pc_reg/Q
                         net (fo=221, routed)         0.666     5.357    u_pc/es_src2_is_4
    SLICE_X7Y17                                                       r  u_pc/alu_result0_carry_i_1/I0
    SLICE_X7Y17          LUT5 (Prop_lut5_I0_O)        0.053     5.410 r  u_pc/alu_result0_carry_i_1/O
                         net (fo=121, routed)         1.158     6.568    u_pc/es_pc_reg[15][3]
    SLICE_X18Y15                                                      r  u_pc/data_sram_addr_OBUF[12]_inst_i_11/I1
    SLICE_X18Y15         LUT5 (Prop_lut5_I1_O)        0.053     6.621 r  u_pc/data_sram_addr_OBUF[12]_inst_i_11/O
                         net (fo=4, routed)           0.821     7.442    u_pc/data_sram_addr_OBUF[12]_inst_i_11_n_0
    SLICE_X17Y13                                                      r  u_pc/data_sram_addr_OBUF[6]_inst_i_7/I0
    SLICE_X17Y13         LUT6 (Prop_lut6_I0_O)        0.053     7.495 r  u_pc/data_sram_addr_OBUF[6]_inst_i_7/O
                         net (fo=3, routed)           0.823     8.318    u_pc/data_sram_addr_OBUF[6]_inst_i_7_n_0
    SLICE_X15Y22                                                      r  u_pc/es_rs_value[6]_i_7/I2
    SLICE_X15Y22         LUT3 (Prop_lut3_I2_O)        0.067     8.385 r  u_pc/es_rs_value[6]_i_7/O
                         net (fo=1, routed)           0.620     9.004    u_pc/es_rs_value[6]_i_7_n_0
    SLICE_X14Y13                                                      r  u_pc/es_rs_value[6]_i_4/I3
    SLICE_X14Y13         LUT6 (Prop_lut6_I3_O)        0.170     9.174 r  u_pc/es_rs_value[6]_i_4/O
                         net (fo=1, routed)           0.516     9.691    u_alu/es_rs_value_reg[6]_0
    SLICE_X8Y13                                                       r  u_alu/es_rs_value[6]_i_1/I3
    SLICE_X8Y13          LUT6 (Prop_lut6_I3_O)        0.053     9.744 r  u_alu/es_rs_value[6]_i_1/O
                         net (fo=6, routed)           0.929    10.673    u_alu/rs_value[6]
    SLICE_X6Y20                                                       r  u_alu/ds_pc[31]_i_73/I0
    SLICE_X6Y20          LUT6 (Prop_lut6_I0_O)        0.053    10.726 r  u_alu/ds_pc[31]_i_73/O
                         net (fo=1, routed)           0.000    10.726    u_alu/ds_pc[31]_i_73_n_0
    SLICE_X6Y20                                                       r  u_alu/ds_pc_reg[31]_i_54/S[2]
    SLICE_X6Y20          CARRY4 (Prop_carry4_S[2]_CO[3])
                                                      0.219    10.945 r  u_alu/ds_pc_reg[31]_i_54/CO[3]
                         net (fo=1, routed)           0.000    10.945    u_alu/ds_pc_reg[31]_i_54_n_0
    SLICE_X6Y21                                                       r  u_alu/ds_pc_reg[31]_i_36/CI
    SLICE_X6Y21          CARRY4 (Prop_carry4_CI_CO[3])
                                                      0.060    11.005 r  u_alu/ds_pc_reg[31]_i_36/CO[3]
                         net (fo=1, routed)           0.000    11.005    u_alu/ds_pc_reg[31]_i_36_n_0
    SLICE_X6Y22                                                       r  u_alu/ds_pc_reg[31]_i_19/CI
    SLICE_X6Y22          CARRY4 (Prop_carry4_CI_CO[2])
                                                      0.132    11.137 r  u_alu/ds_pc_reg[31]_i_19/CO[2]
                         net (fo=2, routed)           0.370    11.507    u_pc/CO[0]
    SLICE_X4Y20                                                       r  u_pc/ds_pc[31]_i_7/I0
    SLICE_X4Y20          LUT6 (Prop_lut6_I0_O)        0.160    11.667 f  u_pc/ds_pc[31]_i_7/O
                         net (fo=1, routed)           0.453    12.119    u_alu/pc_reg[0]_2
    SLICE_X3Y20                                                       f  u_alu/ds_pc[31]_i_3/I5
    SLICE_X3Y20          LUT6 (Prop_lut6_I5_O)        0.053    12.172 f  u_alu/ds_pc[31]_i_3/O
                         net (fo=35, routed)          0.661    12.833    u_alu/ds_valid_reg
    SLICE_X3Y25                                                       f  u_alu/ds_pc[31]_i_1/I1
    SLICE_X3Y25          LUT3 (Prop_lut3_I1_O)        0.056    12.889 r  u_alu/ds_pc[31]_i_1/O
                         net (fo=64, routed)          0.609    13.498    ds_pc0
    SLICE_X0Y21          FDRE                                         r  ds_inst_reg[3]/CE
  -------------------------------------------------------------------    -------------------

                         (clock clk rise edge)       10.000    10.000 r  
    D23                                               0.000    10.000 r  clk (IN)
                         net (fo=0)                   0.000    10.000    clk
    D23                                                               r  clk_IBUF_inst/I
    D23                  IBUF (Prop_ibuf_I_O)         0.815    10.815 r  clk_IBUF_inst/O
                         net (fo=1, routed)           1.679    12.494    clk_IBUF
    BUFGCTRL_X0Y0                                                     r  clk_IBUF_BUFG_inst/I
    BUFGCTRL_X0Y0        BUFG (Prop_bufg_I_O)         0.113    12.607 r  clk_IBUF_BUFG_inst/O
                         net (fo=575, routed)         1.533    14.140    clk_IBUF_BUFG
    SLICE_X0Y21          FDRE                                         r  ds_inst_reg[3]/C
                         clock pessimism              0.253    14.393    
                         clock uncertainty           -0.035    14.358    
    SLICE_X0Y21          FDRE (Setup_fdre_C_CE)      -0.361    13.997    ds_inst_reg[3]
  -------------------------------------------------------------------
                         required time                         13.997    
                         arrival time                         -13.498    
  -------------------------------------------------------------------
                         slack                                  0.499    

Slack (MET) :             0.573ns  (required time - arrival time)
  Source:                 es_src1_is_pc_reg/C
                            (rising edge-triggered cell FDRE clocked by clk  {rise@0.000ns fall@5.000ns period=10.000ns})
  Destination:            ds_inst_reg[13]/CE
                            (rising edge-triggered cell FDRE clocked by clk  {rise@0.000ns fall@5.000ns period=10.000ns})
  Path Group:             clk
  Path Type:              Setup (Max at Slow Process Corner)
  Requirement:            10.000ns  (clk rise@10.000ns - clk rise@0.000ns)
  Data Path Delay:        9.001ns  (logic 1.451ns (16.120%)  route 7.550ns (83.880%))
  Logic Levels:           13  (CARRY4=3 LUT3=2 LUT5=2 LUT6=6)
  Clock Path Skew:        -0.029ns (DCD - SCD + CPR)
    Destination Clock Delay (DCD):    4.140ns = ( 14.140 - 10.000 ) 
    Source Clock Delay      (SCD):    4.422ns
    Clock Pessimism Removal (CPR):    0.253ns
  Clock Uncertainty:      0.035ns  ((TSJ^2 + TIJ^2)^1/2 + DJ) / 2 + PE
    Total System Jitter     (TSJ):    0.071ns
    Total Input Jitter      (TIJ):    0.000ns
    Discrete Jitter          (DJ):    0.000ns
    Phase Error              (PE):    0.000ns

    Location             Delay type                Incr(ns)  Path(ns)    Netlist Resource(s)
  -------------------------------------------------------------------    -------------------
                         (clock clk rise edge)        0.000     0.000 r  
    D23                                               0.000     0.000 r  clk (IN)
                         net (fo=0)                   0.000     0.000    clk
    D23                                                               r  clk_IBUF_inst/I
    D23                  IBUF (Prop_ibuf_I_O)         0.892     0.892 r  clk_IBUF_inst/O
                         net (fo=1, routed)           1.764     2.656    clk_IBUF
    BUFGCTRL_X0Y0                                                     r  clk_IBUF_BUFG_inst/I
    BUFGCTRL_X0Y0        BUFG (Prop_bufg_I_O)         0.120     2.776 r  clk_IBUF_BUFG_inst/O
                         net (fo=575, routed)         1.646     4.422    clk_IBUF_BUFG
    SLICE_X7Y17          FDRE                                         r  es_src1_is_pc_reg/C
  -------------------------------------------------------------------    -------------------
    SLICE_X7Y17          FDRE (Prop_fdre_C_Q)         0.269     4.691 r  es_src1_is_pc_reg/Q
                         net (fo=221, routed)         0.666     5.357    u_pc/es_src2_is_4
    SLICE_X7Y17                                                       r  u_pc/alu_result0_carry_i_1/I0
    SLICE_X7Y17          LUT5 (Prop_lut5_I0_O)        0.053     5.410 r  u_pc/alu_result0_carry_i_1/O
                         net (fo=121, routed)         1.158     6.568    u_pc/es_pc_reg[15][3]
    SLICE_X18Y15                                                      r  u_pc/data_sram_addr_OBUF[12]_inst_i_11/I1
    SLICE_X18Y15         LUT5 (Prop_lut5_I1_O)        0.053     6.621 r  u_pc/data_sram_addr_OBUF[12]_inst_i_11/O
                         net (fo=4, routed)           0.821     7.442    u_pc/data_sram_addr_OBUF[12]_inst_i_11_n_0
    SLICE_X17Y13                                                      r  u_pc/data_sram_addr_OBUF[6]_inst_i_7/I0
    SLICE_X17Y13         LUT6 (Prop_lut6_I0_O)        0.053     7.495 r  u_pc/data_sram_addr_OBUF[6]_inst_i_7/O
                         net (fo=3, routed)           0.823     8.318    u_pc/data_sram_addr_OBUF[6]_inst_i_7_n_0
    SLICE_X15Y22                                                      r  u_pc/es_rs_value[6]_i_7/I2
    SLICE_X15Y22         LUT3 (Prop_lut3_I2_O)        0.067     8.385 r  u_pc/es_rs_value[6]_i_7/O
                         net (fo=1, routed)           0.620     9.004    u_pc/es_rs_value[6]_i_7_n_0
    SLICE_X14Y13                                                      r  u_pc/es_rs_value[6]_i_4/I3
    SLICE_X14Y13         LUT6 (Prop_lut6_I3_O)        0.170     9.174 r  u_pc/es_rs_value[6]_i_4/O
                         net (fo=1, routed)           0.516     9.691    u_alu/es_rs_value_reg[6]_0
    SLICE_X8Y13                                                       r  u_alu/es_rs_value[6]_i_1/I3
    SLICE_X8Y13          LUT6 (Prop_lut6_I3_O)        0.053     9.744 r  u_alu/es_rs_value[6]_i_1/O
                         net (fo=6, routed)           0.929    10.673    u_alu/rs_value[6]
    SLICE_X6Y20                                                       r  u_alu/ds_pc[31]_i_73/I0
    SLICE_X6Y20          LUT6 (Prop_lut6_I0_O)        0.053    10.726 r  u_alu/ds_pc[31]_i_73/O
                         net (fo=1, routed)           0.000    10.726    u_alu/ds_pc[31]_i_73_n_0
    SLICE_X6Y20                                                       r  u_alu/ds_pc_reg[31]_i_54/S[2]
    SLICE_X6Y20          CARRY4 (Prop_carry4_S[2]_CO[3])
                                                      0.219    10.945 r  u_alu/ds_pc_reg[31]_i_54/CO[3]
                         net (fo=1, routed)           0.000    10.945    u_alu/ds_pc_reg[31]_i_54_n_0
    SLICE_X6Y21                                                       r  u_alu/ds_pc_reg[31]_i_36/CI
    SLICE_X6Y21          CARRY4 (Prop_carry4_CI_CO[3])
                                                      0.060    11.005 r  u_alu/ds_pc_reg[31]_i_36/CO[3]
                         net (fo=1, routed)           0.000    11.005    u_alu/ds_pc_reg[31]_i_36_n_0
    SLICE_X6Y22                                                       r  u_alu/ds_pc_reg[31]_i_19/CI
    SLICE_X6Y22          CARRY4 (Prop_carry4_CI_CO[2])
                                                      0.132    11.137 r  u_alu/ds_pc_reg[31]_i_19/CO[2]
                         net (fo=2, routed)           0.370    11.507    u_pc/CO[0]
    SLICE_X4Y20                                                       r  u_pc/ds_pc[31]_i_7/I0
    SLICE_X4Y20          LUT6 (Prop_lut6_I0_O)        0.160    11.667 f  u_pc/ds_pc[31]_i_7/O
                         net (fo=1, routed)           0.453    12.119    u_alu/pc_reg[0]_2
    SLICE_X3Y20                                                       f  u_alu/ds_pc[31]_i_3/I5
    SLICE_X3Y20          LUT6 (Prop_lut6_I5_O)        0.053    12.172 f  u_alu/ds_pc[31]_i_3/O
                         net (fo=35, routed)          0.661    12.833    u_alu/ds_valid_reg
    SLICE_X3Y25                                                       f  u_alu/ds_pc[31]_i_1/I1
    SLICE_X3Y25          LUT3 (Prop_lut3_I1_O)        0.056    12.889 r  u_alu/ds_pc[31]_i_1/O
                         net (fo=64, routed)          0.534    13.423    ds_pc0
    SLICE_X1Y28          FDRE                                         r  ds_inst_reg[13]/CE
  -------------------------------------------------------------------    -------------------

                         (clock clk rise edge)       10.000    10.000 r  
    D23                                               0.000    10.000 r  clk (IN)
                         net (fo=0)                   0.000    10.000    clk
    D23                                                               r  clk_IBUF_inst/I
    D23                  IBUF (Prop_ibuf_I_O)         0.815    10.815 r  clk_IBUF_inst/O
                         net (fo=1, routed)           1.679    12.494    clk_IBUF
    BUFGCTRL_X0Y0                                                     r  clk_IBUF_BUFG_inst/I
    BUFGCTRL_X0Y0        BUFG (Prop_bufg_I_O)         0.113    12.607 r  clk_IBUF_BUFG_inst/O
                         net (fo=575, routed)         1.533    14.140    clk_IBUF_BUFG
    SLICE_X1Y28          FDRE                                         r  ds_inst_reg[13]/C
                         clock pessimism              0.253    14.393    
                         clock uncertainty           -0.035    14.358    
    SLICE_X1Y28          FDRE (Setup_fdre_C_CE)      -0.361    13.997    ds_inst_reg[13]
  -------------------------------------------------------------------
                         required time                         13.997    
                         arrival time                         -13.423    
  -------------------------------------------------------------------
                         slack                                  0.573    

Slack (MET) :             0.573ns  (required time - arrival time)
  Source:                 es_src1_is_pc_reg/C
                            (rising edge-triggered cell FDRE clocked by clk  {rise@0.000ns fall@5.000ns period=10.000ns})
  Destination:            ds_inst_reg[18]/CE
                            (rising edge-triggered cell FDRE clocked by clk  {rise@0.000ns fall@5.000ns period=10.000ns})
  Path Group:             clk
  Path Type:              Setup (Max at Slow Process Corner)
  Requirement:            10.000ns  (clk rise@10.000ns - clk rise@0.000ns)
  Data Path Delay:        9.001ns  (logic 1.451ns (16.120%)  route 7.550ns (83.880%))
  Logic Levels:           13  (CARRY4=3 LUT3=2 LUT5=2 LUT6=6)
  Clock Path Skew:        -0.029ns (DCD - SCD + CPR)
    Destination Clock Delay (DCD):    4.140ns = ( 14.140 - 10.000 ) 
    Source Clock Delay      (SCD):    4.422ns
    Clock Pessimism Removal (CPR):    0.253ns
  Clock Uncertainty:      0.035ns  ((TSJ^2 + TIJ^2)^1/2 + DJ) / 2 + PE
    Total System Jitter     (TSJ):    0.071ns
    Total Input Jitter      (TIJ):    0.000ns
    Discrete Jitter          (DJ):    0.000ns
    Phase Error              (PE):    0.000ns

    Location             Delay type                Incr(ns)  Path(ns)    Netlist Resource(s)
  -------------------------------------------------------------------    -------------------
                         (clock clk rise edge)        0.000     0.000 r  
    D23                                               0.000     0.000 r  clk (IN)
                         net (fo=0)                   0.000     0.000    clk
    D23                                                               r  clk_IBUF_inst/I
    D23                  IBUF (Prop_ibuf_I_O)         0.892     0.892 r  clk_IBUF_inst/O
                         net (fo=1, routed)           1.764     2.656    clk_IBUF
    BUFGCTRL_X0Y0                                                     r  clk_IBUF_BUFG_inst/I
    BUFGCTRL_X0Y0        BUFG (Prop_bufg_I_O)         0.120     2.776 r  clk_IBUF_BUFG_inst/O
                         net (fo=575, routed)         1.646     4.422    clk_IBUF_BUFG
    SLICE_X7Y17          FDRE                                         r  es_src1_is_pc_reg/C
  -------------------------------------------------------------------    -------------------
    SLICE_X7Y17          FDRE (Prop_fdre_C_Q)         0.269     4.691 r  es_src1_is_pc_reg/Q
                         net (fo=221, routed)         0.666     5.357    u_pc/es_src2_is_4
    SLICE_X7Y17                                                       r  u_pc/alu_result0_carry_i_1/I0
    SLICE_X7Y17          LUT5 (Prop_lut5_I0_O)        0.053     5.410 r  u_pc/alu_result0_carry_i_1/O
                         net (fo=121, routed)         1.158     6.568    u_pc/es_pc_reg[15][3]
    SLICE_X18Y15                                                      r  u_pc/data_sram_addr_OBUF[12]_inst_i_11/I1
    SLICE_X18Y15         LUT5 (Prop_lut5_I1_O)        0.053     6.621 r  u_pc/data_sram_addr_OBUF[12]_inst_i_11/O
                         net (fo=4, routed)           0.821     7.442    u_pc/data_sram_addr_OBUF[12]_inst_i_11_n_0
    SLICE_X17Y13                                                      r  u_pc/data_sram_addr_OBUF[6]_inst_i_7/I0
    SLICE_X17Y13         LUT6 (Prop_lut6_I0_O)        0.053     7.495 r  u_pc/data_sram_addr_OBUF[6]_inst_i_7/O
                         net (fo=3, routed)           0.823     8.318    u_pc/data_sram_addr_OBUF[6]_inst_i_7_n_0
    SLICE_X15Y22                                                      r  u_pc/es_rs_value[6]_i_7/I2
    SLICE_X15Y22         LUT3 (Prop_lut3_I2_O)        0.067     8.385 r  u_pc/es_rs_value[6]_i_7/O
                         net (fo=1, routed)           0.620     9.004    u_pc/es_rs_value[6]_i_7_n_0
    SLICE_X14Y13                                                      r  u_pc/es_rs_value[6]_i_4/I3
    SLICE_X14Y13         LUT6 (Prop_lut6_I3_O)        0.170     9.174 r  u_pc/es_rs_value[6]_i_4/O
                         net (fo=1, routed)           0.516     9.691    u_alu/es_rs_value_reg[6]_0
    SLICE_X8Y13                                                       r  u_alu/es_rs_value[6]_i_1/I3
    SLICE_X8Y13          LUT6 (Prop_lut6_I3_O)        0.053     9.744 r  u_alu/es_rs_value[6]_i_1/O
                         net (fo=6, routed)           0.929    10.673    u_alu/rs_value[6]
    SLICE_X6Y20                                                       r  u_alu/ds_pc[31]_i_73/I0
    SLICE_X6Y20          LUT6 (Prop_lut6_I0_O)        0.053    10.726 r  u_alu/ds_pc[31]_i_73/O
                         net (fo=1, routed)           0.000    10.726    u_alu/ds_pc[31]_i_73_n_0
    SLICE_X6Y20                                                       r  u_alu/ds_pc_reg[31]_i_54/S[2]
    SLICE_X6Y20          CARRY4 (Prop_carry4_S[2]_CO[3])
                                                      0.219    10.945 r  u_alu/ds_pc_reg[31]_i_54/CO[3]
                         net (fo=1, routed)           0.000    10.945    u_alu/ds_pc_reg[31]_i_54_n_0
    SLICE_X6Y21                                                       r  u_alu/ds_pc_reg[31]_i_36/CI
    SLICE_X6Y21          CARRY4 (Prop_carry4_CI_CO[3])
                                                      0.060    11.005 r  u_alu/ds_pc_reg[31]_i_36/CO[3]
                         net (fo=1, routed)           0.000    11.005    u_alu/ds_pc_reg[31]_i_36_n_0
    SLICE_X6Y22                                                       r  u_alu/ds_pc_reg[31]_i_19/CI
    SLICE_X6Y22          CARRY4 (Prop_carry4_CI_CO[2])
                                                      0.132    11.137 r  u_alu/ds_pc_reg[31]_i_19/CO[2]
                         net (fo=2, routed)           0.370    11.507    u_pc/CO[0]
    SLICE_X4Y20                                                       r  u_pc/ds_pc[31]_i_7/I0
    SLICE_X4Y20          LUT6 (Prop_lut6_I0_O)        0.160    11.667 f  u_pc/ds_pc[31]_i_7/O
                         net (fo=1, routed)           0.453    12.119    u_alu/pc_reg[0]_2
    SLICE_X3Y20                                                       f  u_alu/ds_pc[31]_i_3/I5
    SLICE_X3Y20          LUT6 (Prop_lut6_I5_O)        0.053    12.172 f  u_alu/ds_pc[31]_i_3/O
                         net (fo=35, routed)          0.661    12.833    u_alu/ds_valid_reg
    SLICE_X3Y25                                                       f  u_alu/ds_pc[31]_i_1/I1
    SLICE_X3Y25          LUT3 (Prop_lut3_I1_O)        0.056    12.889 r  u_alu/ds_pc[31]_i_1/O
                         net (fo=64, routed)          0.534    13.423    ds_pc0
    SLICE_X1Y28          FDRE                                         r  ds_inst_reg[18]/CE
  -------------------------------------------------------------------    -------------------

                         (clock clk rise edge)       10.000    10.000 r  
    D23                                               0.000    10.000 r  clk (IN)
                         net (fo=0)                   0.000    10.000    clk
    D23                                                               r  clk_IBUF_inst/I
    D23                  IBUF (Prop_ibuf_I_O)         0.815    10.815 r  clk_IBUF_inst/O
                         net (fo=1, routed)           1.679    12.494    clk_IBUF
    BUFGCTRL_X0Y0                                                     r  clk_IBUF_BUFG_inst/I
    BUFGCTRL_X0Y0        BUFG (Prop_bufg_I_O)         0.113    12.607 r  clk_IBUF_BUFG_inst/O
                         net (fo=575, routed)         1.533    14.140    clk_IBUF_BUFG
    SLICE_X1Y28          FDRE                                         r  ds_inst_reg[18]/C
                         clock pessimism              0.253    14.393    
                         clock uncertainty           -0.035    14.358    
    SLICE_X1Y28          FDRE (Setup_fdre_C_CE)      -0.361    13.997    ds_inst_reg[18]
  -------------------------------------------------------------------
                         required time                         13.997    
                         arrival time                         -13.423    
  -------------------------------------------------------------------
                         slack                                  0.573    

Slack (MET) :             0.573ns  (required time - arrival time)
  Source:                 es_src1_is_pc_reg/C
                            (rising edge-triggered cell FDRE clocked by clk  {rise@0.000ns fall@5.000ns period=10.000ns})
  Destination:            ds_inst_reg[20]/CE
                            (rising edge-triggered cell FDRE clocked by clk  {rise@0.000ns fall@5.000ns period=10.000ns})
  Path Group:             clk
  Path Type:              Setup (Max at Slow Process Corner)
  Requirement:            10.000ns  (clk rise@10.000ns - clk rise@0.000ns)
  Data Path Delay:        9.001ns  (logic 1.451ns (16.120%)  route 7.550ns (83.880%))
  Logic Levels:           13  (CARRY4=3 LUT3=2 LUT5=2 LUT6=6)
  Clock Path Skew:        -0.029ns (DCD - SCD + CPR)
    Destination Clock Delay (DCD):    4.140ns = ( 14.140 - 10.000 ) 
    Source Clock Delay      (SCD):    4.422ns
    Clock Pessimism Removal (CPR):    0.253ns
  Clock Uncertainty:      0.035ns  ((TSJ^2 + TIJ^2)^1/2 + DJ) / 2 + PE
    Total System Jitter     (TSJ):    0.071ns
    Total Input Jitter      (TIJ):    0.000ns
    Discrete Jitter          (DJ):    0.000ns
    Phase Error              (PE):    0.000ns

    Location             Delay type                Incr(ns)  Path(ns)    Netlist Resource(s)
  -------------------------------------------------------------------    -------------------
                         (clock clk rise edge)        0.000     0.000 r  
    D23                                               0.000     0.000 r  clk (IN)
                         net (fo=0)                   0.000     0.000    clk
    D23                                                               r  clk_IBUF_inst/I
    D23                  IBUF (Prop_ibuf_I_O)         0.892     0.892 r  clk_IBUF_inst/O
                         net (fo=1, routed)           1.764     2.656    clk_IBUF
    BUFGCTRL_X0Y0                                                     r  clk_IBUF_BUFG_inst/I
    BUFGCTRL_X0Y0        BUFG (Prop_bufg_I_O)         0.120     2.776 r  clk_IBUF_BUFG_inst/O
                         net (fo=575, routed)         1.646     4.422    clk_IBUF_BUFG
    SLICE_X7Y17          FDRE                                         r  es_src1_is_pc_reg/C
  -------------------------------------------------------------------    -------------------
    SLICE_X7Y17          FDRE (Prop_fdre_C_Q)         0.269     4.691 r  es_src1_is_pc_reg/Q
                         net (fo=221, routed)         0.666     5.357    u_pc/es_src2_is_4
    SLICE_X7Y17                                                       r  u_pc/alu_result0_carry_i_1/I0
    SLICE_X7Y17          LUT5 (Prop_lut5_I0_O)        0.053     5.410 r  u_pc/alu_result0_carry_i_1/O
                         net (fo=121, routed)         1.158     6.568    u_pc/es_pc_reg[15][3]
    SLICE_X18Y15                                                      r  u_pc/data_sram_addr_OBUF[12]_inst_i_11/I1
    SLICE_X18Y15         LUT5 (Prop_lut5_I1_O)        0.053     6.621 r  u_pc/data_sram_addr_OBUF[12]_inst_i_11/O
                         net (fo=4, routed)           0.821     7.442    u_pc/data_sram_addr_OBUF[12]_inst_i_11_n_0
    SLICE_X17Y13                                                      r  u_pc/data_sram_addr_OBUF[6]_inst_i_7/I0
    SLICE_X17Y13         LUT6 (Prop_lut6_I0_O)        0.053     7.495 r  u_pc/data_sram_addr_OBUF[6]_inst_i_7/O
                         net (fo=3, routed)           0.823     8.318    u_pc/data_sram_addr_OBUF[6]_inst_i_7_n_0
    SLICE_X15Y22                                                      r  u_pc/es_rs_value[6]_i_7/I2
    SLICE_X15Y22         LUT3 (Prop_lut3_I2_O)        0.067     8.385 r  u_pc/es_rs_value[6]_i_7/O
                         net (fo=1, routed)           0.620     9.004    u_pc/es_rs_value[6]_i_7_n_0
    SLICE_X14Y13                                                      r  u_pc/es_rs_value[6]_i_4/I3
    SLICE_X14Y13         LUT6 (Prop_lut6_I3_O)        0.170     9.174 r  u_pc/es_rs_value[6]_i_4/O
                         net (fo=1, routed)           0.516     9.691    u_alu/es_rs_value_reg[6]_0
    SLICE_X8Y13                                                       r  u_alu/es_rs_value[6]_i_1/I3
    SLICE_X8Y13          LUT6 (Prop_lut6_I3_O)        0.053     9.744 r  u_alu/es_rs_value[6]_i_1/O
                         net (fo=6, routed)           0.929    10.673    u_alu/rs_value[6]
    SLICE_X6Y20                                                       r  u_alu/ds_pc[31]_i_73/I0
    SLICE_X6Y20          LUT6 (Prop_lut6_I0_O)        0.053    10.726 r  u_alu/ds_pc[31]_i_73/O
                         net (fo=1, routed)           0.000    10.726    u_alu/ds_pc[31]_i_73_n_0
    SLICE_X6Y20                                                       r  u_alu/ds_pc_reg[31]_i_54/S[2]
    SLICE_X6Y20          CARRY4 (Prop_carry4_S[2]_CO[3])
                                                      0.219    10.945 r  u_alu/ds_pc_reg[31]_i_54/CO[3]
                         net (fo=1, routed)           0.000    10.945    u_alu/ds_pc_reg[31]_i_54_n_0
    SLICE_X6Y21                                                       r  u_alu/ds_pc_reg[31]_i_36/CI
    SLICE_X6Y21          CARRY4 (Prop_carry4_CI_CO[3])
                                                      0.060    11.005 r  u_alu/ds_pc_reg[31]_i_36/CO[3]
                         net (fo=1, routed)           0.000    11.005    u_alu/ds_pc_reg[31]_i_36_n_0
    SLICE_X6Y22                                                       r  u_alu/ds_pc_reg[31]_i_19/CI
    SLICE_X6Y22          CARRY4 (Prop_carry4_CI_CO[2])
                                                      0.132    11.137 r  u_alu/ds_pc_reg[31]_i_19/CO[2]
                         net (fo=2, routed)           0.370    11.507    u_pc/CO[0]
    SLICE_X4Y20                                                       r  u_pc/ds_pc[31]_i_7/I0
    SLICE_X4Y20          LUT6 (Prop_lut6_I0_O)        0.160    11.667 f  u_pc/ds_pc[31]_i_7/O
                         net (fo=1, routed)           0.453    12.119    u_alu/pc_reg[0]_2
    SLICE_X3Y20                                                       f  u_alu/ds_pc[31]_i_3/I5
    SLICE_X3Y20          LUT6 (Prop_lut6_I5_O)        0.053    12.172 f  u_alu/ds_pc[31]_i_3/O
                         net (fo=35, routed)          0.661    12.833    u_alu/ds_valid_reg
    SLICE_X3Y25                                                       f  u_alu/ds_pc[31]_i_1/I1
    SLICE_X3Y25          LUT3 (Prop_lut3_I1_O)        0.056    12.889 r  u_alu/ds_pc[31]_i_1/O
                         net (fo=64, routed)          0.534    13.423    ds_pc0
    SLICE_X1Y28          FDRE                                         r  ds_inst_reg[20]/CE
  -------------------------------------------------------------------    -------------------

                         (clock clk rise edge)       10.000    10.000 r  
    D23                                               0.000    10.000 r  clk (IN)
                         net (fo=0)                   0.000    10.000    clk
    D23                                                               r  clk_IBUF_inst/I
    D23                  IBUF (Prop_ibuf_I_O)         0.815    10.815 r  clk_IBUF_inst/O
                         net (fo=1, routed)           1.679    12.494    clk_IBUF
    BUFGCTRL_X0Y0                                                     r  clk_IBUF_BUFG_inst/I
    BUFGCTRL_X0Y0        BUFG (Prop_bufg_I_O)         0.113    12.607 r  clk_IBUF_BUFG_inst/O
                         net (fo=575, routed)         1.533    14.140    clk_IBUF_BUFG
    SLICE_X1Y28          FDRE                                         r  ds_inst_reg[20]/C
                         clock pessimism              0.253    14.393    
                         clock uncertainty           -0.035    14.358    
    SLICE_X1Y28          FDRE (Setup_fdre_C_CE)      -0.361    13.997    ds_inst_reg[20]
  -------------------------------------------------------------------
                         required time                         13.997    
                         arrival time                         -13.423    
  -------------------------------------------------------------------
                         slack                                  0.573    

Slack (MET) :             0.573ns  (required time - arrival time)
  Source:                 es_src1_is_pc_reg/C
                            (rising edge-triggered cell FDRE clocked by clk  {rise@0.000ns fall@5.000ns period=10.000ns})
  Destination:            ds_inst_reg[22]/CE
                            (rising edge-triggered cell FDRE clocked by clk  {rise@0.000ns fall@5.000ns period=10.000ns})
  Path Group:             clk
  Path Type:              Setup (Max at Slow Process Corner)
  Requirement:            10.000ns  (clk rise@10.000ns - clk rise@0.000ns)
  Data Path Delay:        9.001ns  (logic 1.451ns (16.120%)  route 7.550ns (83.880%))
  Logic Levels:           13  (CARRY4=3 LUT3=2 LUT5=2 LUT6=6)
  Clock Path Skew:        -0.029ns (DCD - SCD + CPR)
    Destination Clock Delay (DCD):    4.140ns = ( 14.140 - 10.000 ) 
    Source Clock Delay      (SCD):    4.422ns
    Clock Pessimism Removal (CPR):    0.253ns
  Clock Uncertainty:      0.035ns  ((TSJ^2 + TIJ^2)^1/2 + DJ) / 2 + PE
    Total System Jitter     (TSJ):    0.071ns
    Total Input Jitter      (TIJ):    0.000ns
    Discrete Jitter          (DJ):    0.000ns
    Phase Error              (PE):    0.000ns

    Location             Delay type                Incr(ns)  Path(ns)    Netlist Resource(s)
  -------------------------------------------------------------------    -------------------
                         (clock clk rise edge)        0.000     0.000 r  
    D23                                               0.000     0.000 r  clk (IN)
                         net (fo=0)                   0.000     0.000    clk
    D23                                                               r  clk_IBUF_inst/I
    D23                  IBUF (Prop_ibuf_I_O)         0.892     0.892 r  clk_IBUF_inst/O
                         net (fo=1, routed)           1.764     2.656    clk_IBUF
    BUFGCTRL_X0Y0                                                     r  clk_IBUF_BUFG_inst/I
    BUFGCTRL_X0Y0        BUFG (Prop_bufg_I_O)         0.120     2.776 r  clk_IBUF_BUFG_inst/O
                         net (fo=575, routed)         1.646     4.422    clk_IBUF_BUFG
    SLICE_X7Y17          FDRE                                         r  es_src1_is_pc_reg/C
  -------------------------------------------------------------------    -------------------
    SLICE_X7Y17          FDRE (Prop_fdre_C_Q)         0.269     4.691 r  es_src1_is_pc_reg/Q
                         net (fo=221, routed)         0.666     5.357    u_pc/es_src2_is_4
    SLICE_X7Y17                                                       r  u_pc/alu_result0_carry_i_1/I0
    SLICE_X7Y17          LUT5 (Prop_lut5_I0_O)        0.053     5.410 r  u_pc/alu_result0_carry_i_1/O
                         net (fo=121, routed)         1.158     6.568    u_pc/es_pc_reg[15][3]
    SLICE_X18Y15                                                      r  u_pc/data_sram_addr_OBUF[12]_inst_i_11/I1
    SLICE_X18Y15         LUT5 (Prop_lut5_I1_O)        0.053     6.621 r  u_pc/data_sram_addr_OBUF[12]_inst_i_11/O
                         net (fo=4, routed)           0.821     7.442    u_pc/data_sram_addr_OBUF[12]_inst_i_11_n_0
    SLICE_X17Y13                                                      r  u_pc/data_sram_addr_OBUF[6]_inst_i_7/I0
    SLICE_X17Y13         LUT6 (Prop_lut6_I0_O)        0.053     7.495 r  u_pc/data_sram_addr_OBUF[6]_inst_i_7/O
                         net (fo=3, routed)           0.823     8.318    u_pc/data_sram_addr_OBUF[6]_inst_i_7_n_0
    SLICE_X15Y22                                                      r  u_pc/es_rs_value[6]_i_7/I2
    SLICE_X15Y22         LUT3 (Prop_lut3_I2_O)        0.067     8.385 r  u_pc/es_rs_value[6]_i_7/O
                         net (fo=1, routed)           0.620     9.004    u_pc/es_rs_value[6]_i_7_n_0
    SLICE_X14Y13                                                      r  u_pc/es_rs_value[6]_i_4/I3
    SLICE_X14Y13         LUT6 (Prop_lut6_I3_O)        0.170     9.174 r  u_pc/es_rs_value[6]_i_4/O
                         net (fo=1, routed)           0.516     9.691    u_alu/es_rs_value_reg[6]_0
    SLICE_X8Y13                                                       r  u_alu/es_rs_value[6]_i_1/I3
    SLICE_X8Y13          LUT6 (Prop_lut6_I3_O)        0.053     9.744 r  u_alu/es_rs_value[6]_i_1/O
                         net (fo=6, routed)           0.929    10.673    u_alu/rs_value[6]
    SLICE_X6Y20                                                       r  u_alu/ds_pc[31]_i_73/I0
    SLICE_X6Y20          LUT6 (Prop_lut6_I0_O)        0.053    10.726 r  u_alu/ds_pc[31]_i_73/O
                         net (fo=1, routed)           0.000    10.726    u_alu/ds_pc[31]_i_73_n_0
    SLICE_X6Y20                                                       r  u_alu/ds_pc_reg[31]_i_54/S[2]
    SLICE_X6Y20          CARRY4 (Prop_carry4_S[2]_CO[3])
                                                      0.219    10.945 r  u_alu/ds_pc_reg[31]_i_54/CO[3]
                         net (fo=1, routed)           0.000    10.945    u_alu/ds_pc_reg[31]_i_54_n_0
    SLICE_X6Y21                                                       r  u_alu/ds_pc_reg[31]_i_36/CI
    SLICE_X6Y21          CARRY4 (Prop_carry4_CI_CO[3])
                                                      0.060    11.005 r  u_alu/ds_pc_reg[31]_i_36/CO[3]
                         net (fo=1, routed)           0.000    11.005    u_alu/ds_pc_reg[31]_i_36_n_0
    SLICE_X6Y22                                                       r  u_alu/ds_pc_reg[31]_i_19/CI
    SLICE_X6Y22          CARRY4 (Prop_carry4_CI_CO[2])
                                                      0.132    11.137 r  u_alu/ds_pc_reg[31]_i_19/CO[2]
                         net (fo=2, routed)           0.370    11.507    u_pc/CO[0]
    SLICE_X4Y20                                                       r  u_pc/ds_pc[31]_i_7/I0
    SLICE_X4Y20          LUT6 (Prop_lut6_I0_O)        0.160    11.667 f  u_pc/ds_pc[31]_i_7/O
                         net (fo=1, routed)           0.453    12.119    u_alu/pc_reg[0]_2
    SLICE_X3Y20                                                       f  u_alu/ds_pc[31]_i_3/I5
    SLICE_X3Y20          LUT6 (Prop_lut6_I5_O)        0.053    12.172 f  u_alu/ds_pc[31]_i_3/O
                         net (fo=35, routed)          0.661    12.833    u_alu/ds_valid_reg
    SLICE_X3Y25                                                       f  u_alu/ds_pc[31]_i_1/I1
    SLICE_X3Y25          LUT3 (Prop_lut3_I1_O)        0.056    12.889 r  u_alu/ds_pc[31]_i_1/O
                         net (fo=64, routed)          0.534    13.423    ds_pc0
    SLICE_X1Y28          FDRE                                         r  ds_inst_reg[22]/CE
  -------------------------------------------------------------------    -------------------

                         (clock clk rise edge)       10.000    10.000 r  
    D23                                               0.000    10.000 r  clk (IN)
                         net (fo=0)                   0.000    10.000    clk
    D23                                                               r  clk_IBUF_inst/I
    D23                  IBUF (Prop_ibuf_I_O)         0.815    10.815 r  clk_IBUF_inst/O
                         net (fo=1, routed)           1.679    12.494    clk_IBUF
    BUFGCTRL_X0Y0                                                     r  clk_IBUF_BUFG_inst/I
    BUFGCTRL_X0Y0        BUFG (Prop_bufg_I_O)         0.113    12.607 r  clk_IBUF_BUFG_inst/O
                         net (fo=575, routed)         1.533    14.140    clk_IBUF_BUFG
    SLICE_X1Y28          FDRE                                         r  ds_inst_reg[22]/C
                         clock pessimism              0.253    14.393    
                         clock uncertainty           -0.035    14.358    
    SLICE_X1Y28          FDRE (Setup_fdre_C_CE)      -0.361    13.997    ds_inst_reg[22]
  -------------------------------------------------------------------
                         required time                         13.997    
                         arrival time                         -13.423    
  -------------------------------------------------------------------
                         slack                                  0.573    

Slack (MET) :             0.573ns  (required time - arrival time)
  Source:                 es_src1_is_pc_reg/C
                            (rising edge-triggered cell FDRE clocked by clk  {rise@0.000ns fall@5.000ns period=10.000ns})
  Destination:            ds_inst_reg[24]/CE
                            (rising edge-triggered cell FDRE clocked by clk  {rise@0.000ns fall@5.000ns period=10.000ns})
  Path Group:             clk
  Path Type:              Setup (Max at Slow Process Corner)
  Requirement:            10.000ns  (clk rise@10.000ns - clk rise@0.000ns)
  Data Path Delay:        9.001ns  (logic 1.451ns (16.120%)  route 7.550ns (83.880%))
  Logic Levels:           13  (CARRY4=3 LUT3=2 LUT5=2 LUT6=6)
  Clock Path Skew:        -0.029ns (DCD - SCD + CPR)
    Destination Clock Delay (DCD):    4.140ns = ( 14.140 - 10.000 ) 
    Source Clock Delay      (SCD):    4.422ns
    Clock Pessimism Removal (CPR):    0.253ns
  Clock Uncertainty:      0.035ns  ((TSJ^2 + TIJ^2)^1/2 + DJ) / 2 + PE
    Total System Jitter     (TSJ):    0.071ns
    Total Input Jitter      (TIJ):    0.000ns
    Discrete Jitter          (DJ):    0.000ns
    Phase Error              (PE):    0.000ns

    Location             Delay type                Incr(ns)  Path(ns)    Netlist Resource(s)
  -------------------------------------------------------------------    -------------------
                         (clock clk rise edge)        0.000     0.000 r  
    D23                                               0.000     0.000 r  clk (IN)
                         net (fo=0)                   0.000     0.000    clk
    D23                                                               r  clk_IBUF_inst/I
    D23                  IBUF (Prop_ibuf_I_O)         0.892     0.892 r  clk_IBUF_inst/O
                         net (fo=1, routed)           1.764     2.656    clk_IBUF
    BUFGCTRL_X0Y0                                                     r  clk_IBUF_BUFG_inst/I
    BUFGCTRL_X0Y0        BUFG (Prop_bufg_I_O)         0.120     2.776 r  clk_IBUF_BUFG_inst/O
                         net (fo=575, routed)         1.646     4.422    clk_IBUF_BUFG
    SLICE_X7Y17          FDRE                                         r  es_src1_is_pc_reg/C
  -------------------------------------------------------------------    -------------------
    SLICE_X7Y17          FDRE (Prop_fdre_C_Q)         0.269     4.691 r  es_src1_is_pc_reg/Q
                         net (fo=221, routed)         0.666     5.357    u_pc/es_src2_is_4
    SLICE_X7Y17                                                       r  u_pc/alu_result0_carry_i_1/I0
    SLICE_X7Y17          LUT5 (Prop_lut5_I0_O)        0.053     5.410 r  u_pc/alu_result0_carry_i_1/O
                         net (fo=121, routed)         1.158     6.568    u_pc/es_pc_reg[15][3]
    SLICE_X18Y15                                                      r  u_pc/data_sram_addr_OBUF[12]_inst_i_11/I1
    SLICE_X18Y15         LUT5 (Prop_lut5_I1_O)        0.053     6.621 r  u_pc/data_sram_addr_OBUF[12]_inst_i_11/O
                         net (fo=4, routed)           0.821     7.442    u_pc/data_sram_addr_OBUF[12]_inst_i_11_n_0
    SLICE_X17Y13                                                      r  u_pc/data_sram_addr_OBUF[6]_inst_i_7/I0
    SLICE_X17Y13         LUT6 (Prop_lut6_I0_O)        0.053     7.495 r  u_pc/data_sram_addr_OBUF[6]_inst_i_7/O
                         net (fo=3, routed)           0.823     8.318    u_pc/data_sram_addr_OBUF[6]_inst_i_7_n_0
    SLICE_X15Y22                                                      r  u_pc/es_rs_value[6]_i_7/I2
    SLICE_X15Y22         LUT3 (Prop_lut3_I2_O)        0.067     8.385 r  u_pc/es_rs_value[6]_i_7/O
                         net (fo=1, routed)           0.620     9.004    u_pc/es_rs_value[6]_i_7_n_0
    SLICE_X14Y13                                                      r  u_pc/es_rs_value[6]_i_4/I3
    SLICE_X14Y13         LUT6 (Prop_lut6_I3_O)        0.170     9.174 r  u_pc/es_rs_value[6]_i_4/O
                         net (fo=1, routed)           0.516     9.691    u_alu/es_rs_value_reg[6]_0
    SLICE_X8Y13                                                       r  u_alu/es_rs_value[6]_i_1/I3
    SLICE_X8Y13          LUT6 (Prop_lut6_I3_O)        0.053     9.744 r  u_alu/es_rs_value[6]_i_1/O
                         net (fo=6, routed)           0.929    10.673    u_alu/rs_value[6]
    SLICE_X6Y20                                                       r  u_alu/ds_pc[31]_i_73/I0
    SLICE_X6Y20          LUT6 (Prop_lut6_I0_O)        0.053    10.726 r  u_alu/ds_pc[31]_i_73/O
                         net (fo=1, routed)           0.000    10.726    u_alu/ds_pc[31]_i_73_n_0
    SLICE_X6Y20                                                       r  u_alu/ds_pc_reg[31]_i_54/S[2]
    SLICE_X6Y20          CARRY4 (Prop_carry4_S[2]_CO[3])
                                                      0.219    10.945 r  u_alu/ds_pc_reg[31]_i_54/CO[3]
                         net (fo=1, routed)           0.000    10.945    u_alu/ds_pc_reg[31]_i_54_n_0
    SLICE_X6Y21                                                       r  u_alu/ds_pc_reg[31]_i_36/CI
    SLICE_X6Y21          CARRY4 (Prop_carry4_CI_CO[3])
                                                      0.060    11.005 r  u_alu/ds_pc_reg[31]_i_36/CO[3]
                         net (fo=1, routed)           0.000    11.005    u_alu/ds_pc_reg[31]_i_36_n_0
    SLICE_X6Y22                                                       r  u_alu/ds_pc_reg[31]_i_19/CI
    SLICE_X6Y22          CARRY4 (Prop_carry4_CI_CO[2])
                                                      0.132    11.137 r  u_alu/ds_pc_reg[31]_i_19/CO[2]
                         net (fo=2, routed)           0.370    11.507    u_pc/CO[0]
    SLICE_X4Y20                                                       r  u_pc/ds_pc[31]_i_7/I0
    SLICE_X4Y20          LUT6 (Prop_lut6_I0_O)        0.160    11.667 f  u_pc/ds_pc[31]_i_7/O
                         net (fo=1, routed)           0.453    12.119    u_alu/pc_reg[0]_2
    SLICE_X3Y20                                                       f  u_alu/ds_pc[31]_i_3/I5
    SLICE_X3Y20          LUT6 (Prop_lut6_I5_O)        0.053    12.172 f  u_alu/ds_pc[31]_i_3/O
                         net (fo=35, routed)          0.661    12.833    u_alu/ds_valid_reg
    SLICE_X3Y25                                                       f  u_alu/ds_pc[31]_i_1/I1
    SLICE_X3Y25          LUT3 (Prop_lut3_I1_O)        0.056    12.889 r  u_alu/ds_pc[31]_i_1/O
                         net (fo=64, routed)          0.534    13.423    ds_pc0
    SLICE_X1Y28          FDRE                                         r  ds_inst_reg[24]/CE
  -------------------------------------------------------------------    -------------------

                         (clock clk rise edge)       10.000    10.000 r  
    D23                                               0.000    10.000 r  clk (IN)
                         net (fo=0)                   0.000    10.000    clk
    D23                                                               r  clk_IBUF_inst/I
    D23                  IBUF (Prop_ibuf_I_O)         0.815    10.815 r  clk_IBUF_inst/O
                         net (fo=1, routed)           1.679    12.494    clk_IBUF
    BUFGCTRL_X0Y0                                                     r  clk_IBUF_BUFG_inst/I
    BUFGCTRL_X0Y0        BUFG (Prop_bufg_I_O)         0.113    12.607 r  clk_IBUF_BUFG_inst/O
                         net (fo=575, routed)         1.533    14.140    clk_IBUF_BUFG
    SLICE_X1Y28          FDRE                                         r  ds_inst_reg[24]/C
                         clock pessimism              0.253    14.393    
                         clock uncertainty           -0.035    14.358    
    SLICE_X1Y28          FDRE (Setup_fdre_C_CE)      -0.361    13.997    ds_inst_reg[24]
  -------------------------------------------------------------------
                         required time                         13.997    
                         arrival time                         -13.423    
  -------------------------------------------------------------------
                         slack                                  0.573    

Slack (MET) :             0.575ns  (required time - arrival time)
  Source:                 es_src1_is_pc_reg/C
                            (rising edge-triggered cell FDRE clocked by clk  {rise@0.000ns fall@5.000ns period=10.000ns})
  Destination:            ds_pc_reg[0]/CE
                            (rising edge-triggered cell FDRE clocked by clk  {rise@0.000ns fall@5.000ns period=10.000ns})
  Path Group:             clk
  Path Type:              Setup (Max at Slow Process Corner)
  Requirement:            10.000ns  (clk rise@10.000ns - clk rise@0.000ns)
  Data Path Delay:        9.025ns  (logic 1.451ns (16.078%)  route 7.574ns (83.922%))
  Logic Levels:           13  (CARRY4=3 LUT3=2 LUT5=2 LUT6=6)
  Clock Path Skew:        -0.029ns (DCD - SCD + CPR)
    Destination Clock Delay (DCD):    4.140ns = ( 14.140 - 10.000 ) 
    Source Clock Delay      (SCD):    4.422ns
    Clock Pessimism Removal (CPR):    0.253ns
  Clock Uncertainty:      0.035ns  ((TSJ^2 + TIJ^2)^1/2 + DJ) / 2 + PE
    Total System Jitter     (TSJ):    0.071ns
    Total Input Jitter      (TIJ):    0.000ns
    Discrete Jitter          (DJ):    0.000ns
    Phase Error              (PE):    0.000ns

    Location             Delay type                Incr(ns)  Path(ns)    Netlist Resource(s)
  -------------------------------------------------------------------    -------------------
                         (clock clk rise edge)        0.000     0.000 r  
    D23                                               0.000     0.000 r  clk (IN)
                         net (fo=0)                   0.000     0.000    clk
    D23                                                               r  clk_IBUF_inst/I
    D23                  IBUF (Prop_ibuf_I_O)         0.892     0.892 r  clk_IBUF_inst/O
                         net (fo=1, routed)           1.764     2.656    clk_IBUF
    BUFGCTRL_X0Y0                                                     r  clk_IBUF_BUFG_inst/I
    BUFGCTRL_X0Y0        BUFG (Prop_bufg_I_O)         0.120     2.776 r  clk_IBUF_BUFG_inst/O
                         net (fo=575, routed)         1.646     4.422    clk_IBUF_BUFG
    SLICE_X7Y17          FDRE                                         r  es_src1_is_pc_reg/C
  -------------------------------------------------------------------    -------------------
    SLICE_X7Y17          FDRE (Prop_fdre_C_Q)         0.269     4.691 r  es_src1_is_pc_reg/Q
                         net (fo=221, routed)         0.666     5.357    u_pc/es_src2_is_4
    SLICE_X7Y17                                                       r  u_pc/alu_result0_carry_i_1/I0
    SLICE_X7Y17          LUT5 (Prop_lut5_I0_O)        0.053     5.410 r  u_pc/alu_result0_carry_i_1/O
                         net (fo=121, routed)         1.158     6.568    u_pc/es_pc_reg[15][3]
    SLICE_X18Y15                                                      r  u_pc/data_sram_addr_OBUF[12]_inst_i_11/I1
    SLICE_X18Y15         LUT5 (Prop_lut5_I1_O)        0.053     6.621 r  u_pc/data_sram_addr_OBUF[12]_inst_i_11/O
                         net (fo=4, routed)           0.821     7.442    u_pc/data_sram_addr_OBUF[12]_inst_i_11_n_0
    SLICE_X17Y13                                                      r  u_pc/data_sram_addr_OBUF[6]_inst_i_7/I0
    SLICE_X17Y13         LUT6 (Prop_lut6_I0_O)        0.053     7.495 r  u_pc/data_sram_addr_OBUF[6]_inst_i_7/O
                         net (fo=3, routed)           0.823     8.318    u_pc/data_sram_addr_OBUF[6]_inst_i_7_n_0
    SLICE_X15Y22                                                      r  u_pc/es_rs_value[6]_i_7/I2
    SLICE_X15Y22         LUT3 (Prop_lut3_I2_O)        0.067     8.385 r  u_pc/es_rs_value[6]_i_7/O
                         net (fo=1, routed)           0.620     9.004    u_pc/es_rs_value[6]_i_7_n_0
    SLICE_X14Y13                                                      r  u_pc/es_rs_value[6]_i_4/I3
    SLICE_X14Y13         LUT6 (Prop_lut6_I3_O)        0.170     9.174 r  u_pc/es_rs_value[6]_i_4/O
                         net (fo=1, routed)           0.516     9.691    u_alu/es_rs_value_reg[6]_0
    SLICE_X8Y13                                                       r  u_alu/es_rs_value[6]_i_1/I3
    SLICE_X8Y13          LUT6 (Prop_lut6_I3_O)        0.053     9.744 r  u_alu/es_rs_value[6]_i_1/O
                         net (fo=6, routed)           0.929    10.673    u_alu/rs_value[6]
    SLICE_X6Y20                                                       r  u_alu/ds_pc[31]_i_73/I0
    SLICE_X6Y20          LUT6 (Prop_lut6_I0_O)        0.053    10.726 r  u_alu/ds_pc[31]_i_73/O
                         net (fo=1, routed)           0.000    10.726    u_alu/ds_pc[31]_i_73_n_0
    SLICE_X6Y20                                                       r  u_alu/ds_pc_reg[31]_i_54/S[2]
    SLICE_X6Y20          CARRY4 (Prop_carry4_S[2]_CO[3])
                                                      0.219    10.945 r  u_alu/ds_pc_reg[31]_i_54/CO[3]
                         net (fo=1, routed)           0.000    10.945    u_alu/ds_pc_reg[31]_i_54_n_0
    SLICE_X6Y21                                                       r  u_alu/ds_pc_reg[31]_i_36/CI
    SLICE_X6Y21          CARRY4 (Prop_carry4_CI_CO[3])
                                                      0.060    11.005 r  u_alu/ds_pc_reg[31]_i_36/CO[3]
                         net (fo=1, routed)           0.000    11.005    u_alu/ds_pc_reg[31]_i_36_n_0
    SLICE_X6Y22                                                       r  u_alu/ds_pc_reg[31]_i_19/CI
    SLICE_X6Y22          CARRY4 (Prop_carry4_CI_CO[2])
                                                      0.132    11.137 r  u_alu/ds_pc_reg[31]_i_19/CO[2]
                         net (fo=2, routed)           0.370    11.507    u_pc/CO[0]
    SLICE_X4Y20                                                       r  u_pc/ds_pc[31]_i_7/I0
    SLICE_X4Y20          LUT6 (Prop_lut6_I0_O)        0.160    11.667 f  u_pc/ds_pc[31]_i_7/O
                         net (fo=1, routed)           0.453    12.119    u_alu/pc_reg[0]_2
    SLICE_X3Y20                                                       f  u_alu/ds_pc[31]_i_3/I5
    SLICE_X3Y20          LUT6 (Prop_lut6_I5_O)        0.053    12.172 f  u_alu/ds_pc[31]_i_3/O
                         net (fo=35, routed)          0.661    12.833    u_alu/ds_valid_reg
    SLICE_X3Y25                                                       f  u_alu/ds_pc[31]_i_1/I1
    SLICE_X3Y25          LUT3 (Prop_lut3_I1_O)        0.056    12.889 r  u_alu/ds_pc[31]_i_1/O
                         net (fo=64, routed)          0.558    13.447    ds_pc0
    SLICE_X2Y21          FDRE                                         r  ds_pc_reg[0]/CE
  -------------------------------------------------------------------    -------------------

                         (clock clk rise edge)       10.000    10.000 r  
    D23                                               0.000    10.000 r  clk (IN)
                         net (fo=0)                   0.000    10.000    clk
    D23                                                               r  clk_IBUF_inst/I
    D23                  IBUF (Prop_ibuf_I_O)         0.815    10.815 r  clk_IBUF_inst/O
                         net (fo=1, routed)           1.679    12.494    clk_IBUF
    BUFGCTRL_X0Y0                                                     r  clk_IBUF_BUFG_inst/I
    BUFGCTRL_X0Y0        BUFG (Prop_bufg_I_O)         0.113    12.607 r  clk_IBUF_BUFG_inst/O
                         net (fo=575, routed)         1.533    14.140    clk_IBUF_BUFG
    SLICE_X2Y21          FDRE                                         r  ds_pc_reg[0]/C
                         clock pessimism              0.253    14.393    
                         clock uncertainty           -0.035    14.358    
    SLICE_X2Y21          FDRE (Setup_fdre_C_CE)      -0.336    14.022    ds_pc_reg[0]
  -------------------------------------------------------------------
                         required time                         14.022    
                         arrival time                         -13.447    
  -------------------------------------------------------------------
                         slack                                  0.575    

Slack (MET) :             0.575ns  (required time - arrival time)
  Source:                 es_src1_is_pc_reg/C
                            (rising edge-triggered cell FDRE clocked by clk  {rise@0.000ns fall@5.000ns period=10.000ns})
  Destination:            ds_pc_reg[1]/CE
                            (rising edge-triggered cell FDRE clocked by clk  {rise@0.000ns fall@5.000ns period=10.000ns})
  Path Group:             clk
  Path Type:              Setup (Max at Slow Process Corner)
  Requirement:            10.000ns  (clk rise@10.000ns - clk rise@0.000ns)
  Data Path Delay:        9.025ns  (logic 1.451ns (16.078%)  route 7.574ns (83.922%))
  Logic Levels:           13  (CARRY4=3 LUT3=2 LUT5=2 LUT6=6)
  Clock Path Skew:        -0.029ns (DCD - SCD + CPR)
    Destination Clock Delay (DCD):    4.140ns = ( 14.140 - 10.000 ) 
    Source Clock Delay      (SCD):    4.422ns
    Clock Pessimism Removal (CPR):    0.253ns
  Clock Uncertainty:      0.035ns  ((TSJ^2 + TIJ^2)^1/2 + DJ) / 2 + PE
    Total System Jitter     (TSJ):    0.071ns
    Total Input Jitter      (TIJ):    0.000ns
    Discrete Jitter          (DJ):    0.000ns
    Phase Error              (PE):    0.000ns

    Location             Delay type                Incr(ns)  Path(ns)    Netlist Resource(s)
  -------------------------------------------------------------------    -------------------
                         (clock clk rise edge)        0.000     0.000 r  
    D23                                               0.000     0.000 r  clk (IN)
                         net (fo=0)                   0.000     0.000    clk
    D23                                                               r  clk_IBUF_inst/I
    D23                  IBUF (Prop_ibuf_I_O)         0.892     0.892 r  clk_IBUF_inst/O
                         net (fo=1, routed)           1.764     2.656    clk_IBUF
    BUFGCTRL_X0Y0                                                     r  clk_IBUF_BUFG_inst/I
    BUFGCTRL_X0Y0        BUFG (Prop_bufg_I_O)         0.120     2.776 r  clk_IBUF_BUFG_inst/O
                         net (fo=575, routed)         1.646     4.422    clk_IBUF_BUFG
    SLICE_X7Y17          FDRE                                         r  es_src1_is_pc_reg/C
  -------------------------------------------------------------------    -------------------
    SLICE_X7Y17          FDRE (Prop_fdre_C_Q)         0.269     4.691 r  es_src1_is_pc_reg/Q
                         net (fo=221, routed)         0.666     5.357    u_pc/es_src2_is_4
    SLICE_X7Y17                                                       r  u_pc/alu_result0_carry_i_1/I0
    SLICE_X7Y17          LUT5 (Prop_lut5_I0_O)        0.053     5.410 r  u_pc/alu_result0_carry_i_1/O
                         net (fo=121, routed)         1.158     6.568    u_pc/es_pc_reg[15][3]
    SLICE_X18Y15                                                      r  u_pc/data_sram_addr_OBUF[12]_inst_i_11/I1
    SLICE_X18Y15         LUT5 (Prop_lut5_I1_O)        0.053     6.621 r  u_pc/data_sram_addr_OBUF[12]_inst_i_11/O
                         net (fo=4, routed)           0.821     7.442    u_pc/data_sram_addr_OBUF[12]_inst_i_11_n_0
    SLICE_X17Y13                                                      r  u_pc/data_sram_addr_OBUF[6]_inst_i_7/I0
    SLICE_X17Y13         LUT6 (Prop_lut6_I0_O)        0.053     7.495 r  u_pc/data_sram_addr_OBUF[6]_inst_i_7/O
                         net (fo=3, routed)           0.823     8.318    u_pc/data_sram_addr_OBUF[6]_inst_i_7_n_0
    SLICE_X15Y22                                                      r  u_pc/es_rs_value[6]_i_7/I2
    SLICE_X15Y22         LUT3 (Prop_lut3_I2_O)        0.067     8.385 r  u_pc/es_rs_value[6]_i_7/O
                         net (fo=1, routed)           0.620     9.004    u_pc/es_rs_value[6]_i_7_n_0
    SLICE_X14Y13                                                      r  u_pc/es_rs_value[6]_i_4/I3
    SLICE_X14Y13         LUT6 (Prop_lut6_I3_O)        0.170     9.174 r  u_pc/es_rs_value[6]_i_4/O
                         net (fo=1, routed)           0.516     9.691    u_alu/es_rs_value_reg[6]_0
    SLICE_X8Y13                                                       r  u_alu/es_rs_value[6]_i_1/I3
    SLICE_X8Y13          LUT6 (Prop_lut6_I3_O)        0.053     9.744 r  u_alu/es_rs_value[6]_i_1/O
                         net (fo=6, routed)           0.929    10.673    u_alu/rs_value[6]
    SLICE_X6Y20                                                       r  u_alu/ds_pc[31]_i_73/I0
    SLICE_X6Y20          LUT6 (Prop_lut6_I0_O)        0.053    10.726 r  u_alu/ds_pc[31]_i_73/O
                         net (fo=1, routed)           0.000    10.726    u_alu/ds_pc[31]_i_73_n_0
    SLICE_X6Y20                                                       r  u_alu/ds_pc_reg[31]_i_54/S[2]
    SLICE_X6Y20          CARRY4 (Prop_carry4_S[2]_CO[3])
                                                      0.219    10.945 r  u_alu/ds_pc_reg[31]_i_54/CO[3]
                         net (fo=1, routed)           0.000    10.945    u_alu/ds_pc_reg[31]_i_54_n_0
    SLICE_X6Y21                                                       r  u_alu/ds_pc_reg[31]_i_36/CI
    SLICE_X6Y21          CARRY4 (Prop_carry4_CI_CO[3])
                                                      0.060    11.005 r  u_alu/ds_pc_reg[31]_i_36/CO[3]
                         net (fo=1, routed)           0.000    11.005    u_alu/ds_pc_reg[31]_i_36_n_0
    SLICE_X6Y22                                                       r  u_alu/ds_pc_reg[31]_i_19/CI
    SLICE_X6Y22          CARRY4 (Prop_carry4_CI_CO[2])
                                                      0.132    11.137 r  u_alu/ds_pc_reg[31]_i_19/CO[2]
                         net (fo=2, routed)           0.370    11.507    u_pc/CO[0]
    SLICE_X4Y20                                                       r  u_pc/ds_pc[31]_i_7/I0
    SLICE_X4Y20          LUT6 (Prop_lut6_I0_O)        0.160    11.667 f  u_pc/ds_pc[31]_i_7/O
                         net (fo=1, routed)           0.453    12.119    u_alu/pc_reg[0]_2
    SLICE_X3Y20                                                       f  u_alu/ds_pc[31]_i_3/I5
    SLICE_X3Y20          LUT6 (Prop_lut6_I5_O)        0.053    12.172 f  u_alu/ds_pc[31]_i_3/O
                         net (fo=35, routed)          0.661    12.833    u_alu/ds_valid_reg
    SLICE_X3Y25                                                       f  u_alu/ds_pc[31]_i_1/I1
    SLICE_X3Y25          LUT3 (Prop_lut3_I1_O)        0.056    12.889 r  u_alu/ds_pc[31]_i_1/O
                         net (fo=64, routed)          0.558    13.447    ds_pc0
    SLICE_X2Y21          FDRE                                         r  ds_pc_reg[1]/CE
  -------------------------------------------------------------------    -------------------

                         (clock clk rise edge)       10.000    10.000 r  
    D23                                               0.000    10.000 r  clk (IN)
                         net (fo=0)                   0.000    10.000    clk
    D23                                                               r  clk_IBUF_inst/I
    D23                  IBUF (Prop_ibuf_I_O)         0.815    10.815 r  clk_IBUF_inst/O
                         net (fo=1, routed)           1.679    12.494    clk_IBUF
    BUFGCTRL_X0Y0                                                     r  clk_IBUF_BUFG_inst/I
    BUFGCTRL_X0Y0        BUFG (Prop_bufg_I_O)         0.113    12.607 r  clk_IBUF_BUFG_inst/O
                         net (fo=575, routed)         1.533    14.140    clk_IBUF_BUFG
    SLICE_X2Y21          FDRE                                         r  ds_pc_reg[1]/C
                         clock pessimism              0.253    14.393    
                         clock uncertainty           -0.035    14.358    
    SLICE_X2Y21          FDRE (Setup_fdre_C_CE)      -0.336    14.022    ds_pc_reg[1]
  -------------------------------------------------------------------
                         required time                         14.022    
                         arrival time                         -13.447    
  -------------------------------------------------------------------
                         slack                                  0.575    





Min Delay Paths
--------------------------------------------------------------------------------------
Slack (MET) :             0.071ns  (arrival time - required time)
  Source:                 ws_final_result_reg[20]/C
                            (rising edge-triggered cell FDRE clocked by clk  {rise@0.000ns fall@5.000ns period=10.000ns})
  Destination:            u_regfile/rf_reg_r2_0_31_18_23/RAMB/I
                            (rising edge-triggered cell RAMD32 clocked by clk  {rise@0.000ns fall@5.000ns period=10.000ns})
  Path Group:             clk
  Path Type:              Hold (Min at Fast Process Corner)
  Requirement:            0.000ns  (clk rise@0.000ns - clk rise@0.000ns)
  Data Path Delay:        0.214ns  (logic 0.100ns (46.681%)  route 0.114ns (53.319%))
  Logic Levels:           0  
  Clock Path Skew:        0.011ns (DCD - SCD - CPR)
    Destination Clock Delay (DCD):    2.011ns
    Source Clock Delay      (SCD):    1.476ns
    Clock Pessimism Removal (CPR):    0.524ns

    Location             Delay type                Incr(ns)  Path(ns)    Netlist Resource(s)
  -------------------------------------------------------------------    -------------------
                         (clock clk rise edge)        0.000     0.000 r  
    D23                                               0.000     0.000 r  clk (IN)
                         net (fo=0)                   0.000     0.000    clk
    D23                                                               r  clk_IBUF_inst/I
    D23                  IBUF (Prop_ibuf_I_O)         0.155     0.155 r  clk_IBUF_inst/O
                         net (fo=1, routed)           0.676     0.831    clk_IBUF
    BUFGCTRL_X0Y0                                                     r  clk_IBUF_BUFG_inst/I
    BUFGCTRL_X0Y0        BUFG (Prop_bufg_I_O)         0.026     0.857 r  clk_IBUF_BUFG_inst/O
                         net (fo=575, routed)         0.619     1.476    clk_IBUF_BUFG
    SLICE_X7Y25          FDRE                                         r  ws_final_result_reg[20]/C
  -------------------------------------------------------------------    -------------------
    SLICE_X7Y25          FDRE (Prop_fdre_C_Q)         0.100     1.576 r  ws_final_result_reg[20]/Q
                         net (fo=4, routed)           0.114     1.691    u_regfile/rf_reg_r2_0_31_18_23/DIB0
    SLICE_X6Y25          RAMD32                                       r  u_regfile/rf_reg_r2_0_31_18_23/RAMB/I
  -------------------------------------------------------------------    -------------------

                         (clock clk rise edge)        0.000     0.000 r  
    D23                                               0.000     0.000 r  clk (IN)
                         net (fo=0)                   0.000     0.000    clk
    D23                                                               r  clk_IBUF_inst/I
    D23                  IBUF (Prop_ibuf_I_O)         0.404     0.404 r  clk_IBUF_inst/O
                         net (fo=1, routed)           0.739     1.143    clk_IBUF
    BUFGCTRL_X0Y0                                                     r  clk_IBUF_BUFG_inst/I
    BUFGCTRL_X0Y0        BUFG (Prop_bufg_I_O)         0.030     1.173 r  clk_IBUF_BUFG_inst/O
                         net (fo=575, routed)         0.838     2.011    u_regfile/rf_reg_r2_0_31_18_23/WCLK
    SLICE_X6Y25          RAMD32                                       r  u_regfile/rf_reg_r2_0_31_18_23/RAMB/CLK
                         clock pessimism             -0.524     1.487    
    SLICE_X6Y25          RAMD32 (Hold_ramd32_CLK_I)
                                                      0.132     1.619    u_regfile/rf_reg_r2_0_31_18_23/RAMB
  -------------------------------------------------------------------
                         required time                         -1.619    
                         arrival time                           1.691    
  -------------------------------------------------------------------
                         slack                                  0.071    

Slack (MET) :             0.076ns  (arrival time - required time)
  Source:                 ws_final_result_reg[15]/C
                            (rising edge-triggered cell FDRE clocked by clk  {rise@0.000ns fall@5.000ns period=10.000ns})
  Destination:            u_regfile/rf_reg_r1_0_31_12_17/RAMB_D1/I
                            (rising edge-triggered cell RAMD32 clocked by clk  {rise@0.000ns fall@5.000ns period=10.000ns})
  Path Group:             clk
  Path Type:              Hold (Min at Fast Process Corner)
  Requirement:            0.000ns  (clk rise@0.000ns - clk rise@0.000ns)
  Data Path Delay:        0.224ns  (logic 0.100ns (44.704%)  route 0.124ns (55.296%))
  Logic Levels:           0  
  Clock Path Skew:        0.033ns (DCD - SCD - CPR)
    Destination Clock Delay (DCD):    2.018ns
    Source Clock Delay      (SCD):    1.481ns
    Clock Pessimism Removal (CPR):    0.504ns

    Location             Delay type                Incr(ns)  Path(ns)    Netlist Resource(s)
  -------------------------------------------------------------------    -------------------
                         (clock clk rise edge)        0.000     0.000 r  
    D23                                               0.000     0.000 r  clk (IN)
                         net (fo=0)                   0.000     0.000    clk
    D23                                                               r  clk_IBUF_inst/I
    D23                  IBUF (Prop_ibuf_I_O)         0.155     0.155 r  clk_IBUF_inst/O
                         net (fo=1, routed)           0.676     0.831    clk_IBUF
    BUFGCTRL_X0Y0                                                     r  clk_IBUF_BUFG_inst/I
    BUFGCTRL_X0Y0        BUFG (Prop_bufg_I_O)         0.026     0.857 r  clk_IBUF_BUFG_inst/O
                         net (fo=575, routed)         0.624     1.481    clk_IBUF_BUFG
    SLICE_X5Y19          FDRE                                         r  ws_final_result_reg[15]/C
  -------------------------------------------------------------------    -------------------
    SLICE_X5Y19          FDRE (Prop_fdre_C_Q)         0.100     1.581 r  ws_final_result_reg[15]/Q
                         net (fo=4, routed)           0.124     1.705    u_regfile/rf_reg_r1_0_31_12_17/DIB1
    SLICE_X2Y19          RAMD32                                       r  u_regfile/rf_reg_r1_0_31_12_17/RAMB_D1/I
  -------------------------------------------------------------------    -------------------

                         (clock clk rise edge)        0.000     0.000 r  
    D23                                               0.000     0.000 r  clk (IN)
                         net (fo=0)                   0.000     0.000    clk
    D23                                                               r  clk_IBUF_inst/I
    D23                  IBUF (Prop_ibuf_I_O)         0.404     0.404 r  clk_IBUF_inst/O
                         net (fo=1, routed)           0.739     1.143    clk_IBUF
    BUFGCTRL_X0Y0                                                     r  clk_IBUF_BUFG_inst/I
    BUFGCTRL_X0Y0        BUFG (Prop_bufg_I_O)         0.030     1.173 r  clk_IBUF_BUFG_inst/O
                         net (fo=575, routed)         0.845     2.018    u_regfile/rf_reg_r1_0_31_12_17/WCLK
    SLICE_X2Y19          RAMD32                                       r  u_regfile/rf_reg_r1_0_31_12_17/RAMB_D1/CLK
                         clock pessimism             -0.504     1.514    
    SLICE_X2Y19          RAMD32 (Hold_ramd32_CLK_I)
                                                      0.115     1.629    u_regfile/rf_reg_r1_0_31_12_17/RAMB_D1
  -------------------------------------------------------------------
                         required time                         -1.629    
                         arrival time                           1.705    
  -------------------------------------------------------------------
                         slack                                  0.076    

Slack (MET) :             0.078ns  (arrival time - required time)
  Source:                 ws_final_result_reg[17]/C
                            (rising edge-triggered cell FDRE clocked by clk  {rise@0.000ns fall@5.000ns period=10.000ns})
  Destination:            u_regfile/rf_reg_r1_0_31_12_17/RAMC_D1/I
                            (rising edge-triggered cell RAMD32 clocked by clk  {rise@0.000ns fall@5.000ns period=10.000ns})
  Path Group:             clk
  Path Type:              Hold (Min at Fast Process Corner)
  Requirement:            0.000ns  (clk rise@0.000ns - clk rise@0.000ns)
  Data Path Delay:        0.217ns  (logic 0.100ns (46.147%)  route 0.117ns (53.853%))
  Logic Levels:           0  
  Clock Path Skew:        0.033ns (DCD - SCD - CPR)
    Destination Clock Delay (DCD):    2.018ns
    Source Clock Delay      (SCD):    1.481ns
    Clock Pessimism Removal (CPR):    0.504ns

    Location             Delay type                Incr(ns)  Path(ns)    Netlist Resource(s)
  -------------------------------------------------------------------    -------------------
                         (clock clk rise edge)        0.000     0.000 r  
    D23                                               0.000     0.000 r  clk (IN)
                         net (fo=0)                   0.000     0.000    clk
    D23                                                               r  clk_IBUF_inst/I
    D23                  IBUF (Prop_ibuf_I_O)         0.155     0.155 r  clk_IBUF_inst/O
                         net (fo=1, routed)           0.676     0.831    clk_IBUF
    BUFGCTRL_X0Y0                                                     r  clk_IBUF_BUFG_inst/I
    BUFGCTRL_X0Y0        BUFG (Prop_bufg_I_O)         0.026     0.857 r  clk_IBUF_BUFG_inst/O
                         net (fo=575, routed)         0.624     1.481    clk_IBUF_BUFG
    SLICE_X5Y19          FDRE                                         r  ws_final_result_reg[17]/C
  -------------------------------------------------------------------    -------------------
    SLICE_X5Y19          FDRE (Prop_fdre_C_Q)         0.100     1.581 r  ws_final_result_reg[17]/Q
                         net (fo=4, routed)           0.117     1.698    u_regfile/rf_reg_r1_0_31_12_17/DIC1
    SLICE_X2Y19          RAMD32                                       r  u_regfile/rf_reg_r1_0_31_12_17/RAMC_D1/I
  -------------------------------------------------------------------    -------------------

                         (clock clk rise edge)        0.000     0.000 r  
    D23                                               0.000     0.000 r  clk (IN)
                         net (fo=0)                   0.000     0.000    clk
    D23                                                               r  clk_IBUF_inst/I
    D23                  IBUF (Prop_ibuf_I_O)         0.404     0.404 r  clk_IBUF_inst/O
                         net (fo=1, routed)           0.739     1.143    clk_IBUF
    BUFGCTRL_X0Y0                                                     r  clk_IBUF_BUFG_inst/I
    BUFGCTRL_X0Y0        BUFG (Prop_bufg_I_O)         0.030     1.173 r  clk_IBUF_BUFG_inst/O
                         net (fo=575, routed)         0.845     2.018    u_regfile/rf_reg_r1_0_31_12_17/WCLK
    SLICE_X2Y19          RAMD32                                       r  u_regfile/rf_reg_r1_0_31_12_17/RAMC_D1/CLK
                         clock pessimism             -0.504     1.514    
    SLICE_X2Y19          RAMD32 (Hold_ramd32_CLK_I)
                                                      0.106     1.620    u_regfile/rf_reg_r1_0_31_12_17/RAMC_D1
  -------------------------------------------------------------------
                         required time                         -1.620    
                         arrival time                           1.698    
  -------------------------------------------------------------------
                         slack                                  0.078    

Slack (MET) :             0.090ns  (arrival time - required time)
  Source:                 ws_final_result_reg[1]/C
                            (rising edge-triggered cell FDRE clocked by clk  {rise@0.000ns fall@5.000ns period=10.000ns})
  Destination:            u_regfile/rf_reg_r1_0_31_0_5/RAMA_D1/I
                            (rising edge-triggered cell RAMD32 clocked by clk  {rise@0.000ns fall@5.000ns period=10.000ns})
  Path Group:             clk
  Path Type:              Hold (Min at Fast Process Corner)
  Requirement:            0.000ns  (clk rise@0.000ns - clk rise@0.000ns)
  Data Path Delay:        0.231ns  (logic 0.100ns (43.287%)  route 0.131ns (56.713%))
  Logic Levels:           0  
  Clock Path Skew:        0.033ns (DCD - SCD - CPR)
    Destination Clock Delay (DCD):    2.022ns
    Source Clock Delay      (SCD):    1.485ns
    Clock Pessimism Removal (CPR):    0.504ns

    Location             Delay type                Incr(ns)  Path(ns)    Netlist Resource(s)
  -------------------------------------------------------------------    -------------------
                         (clock clk rise edge)        0.000     0.000 r  
    D23                                               0.000     0.000 r  clk (IN)
                         net (fo=0)                   0.000     0.000    clk
    D23                                                               r  clk_IBUF_inst/I
    D23                  IBUF (Prop_ibuf_I_O)         0.155     0.155 r  clk_IBUF_inst/O
                         net (fo=1, routed)           0.676     0.831    clk_IBUF
    BUFGCTRL_X0Y0                                                     r  clk_IBUF_BUFG_inst/I
    BUFGCTRL_X0Y0        BUFG (Prop_bufg_I_O)         0.026     0.857 r  clk_IBUF_BUFG_inst/O
                         net (fo=575, routed)         0.628     1.485    clk_IBUF_BUFG
    SLICE_X4Y15          FDRE                                         r  ws_final_result_reg[1]/C
  -------------------------------------------------------------------    -------------------
    SLICE_X4Y15          FDRE (Prop_fdre_C_Q)         0.100     1.585 r  ws_final_result_reg[1]/Q
                         net (fo=4, routed)           0.131     1.716    u_regfile/rf_reg_r1_0_31_0_5/DIA1
    SLICE_X2Y15          RAMD32                                       r  u_regfile/rf_reg_r1_0_31_0_5/RAMA_D1/I
  -------------------------------------------------------------------    -------------------

                         (clock clk rise edge)        0.000     0.000 r  
    D23                                               0.000     0.000 r  clk (IN)
                         net (fo=0)                   0.000     0.000    clk
    D23                                                               r  clk_IBUF_inst/I
    D23                  IBUF (Prop_ibuf_I_O)         0.404     0.404 r  clk_IBUF_inst/O
                         net (fo=1, routed)           0.739     1.143    clk_IBUF
    BUFGCTRL_X0Y0                                                     r  clk_IBUF_BUFG_inst/I
    BUFGCTRL_X0Y0        BUFG (Prop_bufg_I_O)         0.030     1.173 r  clk_IBUF_BUFG_inst/O
                         net (fo=575, routed)         0.849     2.022    u_regfile/rf_reg_r1_0_31_0_5/WCLK
    SLICE_X2Y15          RAMD32                                       r  u_regfile/rf_reg_r1_0_31_0_5/RAMA_D1/CLK
                         clock pessimism             -0.504     1.518    
    SLICE_X2Y15          RAMD32 (Hold_ramd32_CLK_I)
                                                      0.108     1.626    u_regfile/rf_reg_r1_0_31_0_5/RAMA_D1
  -------------------------------------------------------------------
                         required time                         -1.626    
                         arrival time                           1.716    
  -------------------------------------------------------------------
                         slack                                  0.090    

Slack (MET) :             0.091ns  (arrival time - required time)
  Source:                 ws_final_result_reg[29]/C
                            (rising edge-triggered cell FDRE clocked by clk  {rise@0.000ns fall@5.000ns period=10.000ns})
  Destination:            u_regfile/rf_reg_r1_0_31_24_29/RAMC_D1/I
                            (rising edge-triggered cell RAMD32 clocked by clk  {rise@0.000ns fall@5.000ns period=10.000ns})
  Path Group:             clk
  Path Type:              Hold (Min at Fast Process Corner)
  Requirement:            0.000ns  (clk rise@0.000ns - clk rise@0.000ns)
  Data Path Delay:        0.258ns  (logic 0.100ns (38.698%)  route 0.158ns (61.302%))
  Logic Levels:           0  
  Clock Path Skew:        0.061ns (DCD - SCD - CPR)
    Destination Clock Delay (DCD):    2.014ns
    Source Clock Delay      (SCD):    1.449ns
    Clock Pessimism Removal (CPR):    0.504ns

    Location             Delay type                Incr(ns)  Path(ns)    Netlist Resource(s)
  -------------------------------------------------------------------    -------------------
                         (clock clk rise edge)        0.000     0.000 r  
    D23                                               0.000     0.000 r  clk (IN)
                         net (fo=0)                   0.000     0.000    clk
    D23                                                               r  clk_IBUF_inst/I
    D23                  IBUF (Prop_ibuf_I_O)         0.155     0.155 r  clk_IBUF_inst/O
                         net (fo=1, routed)           0.676     0.831    clk_IBUF
    BUFGCTRL_X0Y0                                                     r  clk_IBUF_BUFG_inst/I
    BUFGCTRL_X0Y0        BUFG (Prop_bufg_I_O)         0.026     0.857 r  clk_IBUF_BUFG_inst/O
                         net (fo=575, routed)         0.592     1.449    clk_IBUF_BUFG
    SLICE_X9Y27          FDRE                                         r  ws_final_result_reg[29]/C
  -------------------------------------------------------------------    -------------------
    SLICE_X9Y27          FDRE (Prop_fdre_C_Q)         0.100     1.549 r  ws_final_result_reg[29]/Q
                         net (fo=4, routed)           0.158     1.708    u_regfile/rf_reg_r1_0_31_24_29/DIC1
    SLICE_X6Y27          RAMD32                                       r  u_regfile/rf_reg_r1_0_31_24_29/RAMC_D1/I
  -------------------------------------------------------------------    -------------------

                         (clock clk rise edge)        0.000     0.000 r  
    D23                                               0.000     0.000 r  clk (IN)
                         net (fo=0)                   0.000     0.000    clk
    D23                                                               r  clk_IBUF_inst/I
    D23                  IBUF (Prop_ibuf_I_O)         0.404     0.404 r  clk_IBUF_inst/O
                         net (fo=1, routed)           0.739     1.143    clk_IBUF
    BUFGCTRL_X0Y0                                                     r  clk_IBUF_BUFG_inst/I
    BUFGCTRL_X0Y0        BUFG (Prop_bufg_I_O)         0.030     1.173 r  clk_IBUF_BUFG_inst/O
                         net (fo=575, routed)         0.841     2.014    u_regfile/rf_reg_r1_0_31_24_29/WCLK
    SLICE_X6Y27          RAMD32                                       r  u_regfile/rf_reg_r1_0_31_24_29/RAMC_D1/CLK
                         clock pessimism             -0.504     1.510    
    SLICE_X6Y27          RAMD32 (Hold_ramd32_CLK_I)
                                                      0.106     1.616    u_regfile/rf_reg_r1_0_31_24_29/RAMC_D1
  -------------------------------------------------------------------
                         required time                         -1.616    
                         arrival time                           1.708    
  -------------------------------------------------------------------
                         slack                                  0.091    

Slack (MET) :             0.091ns  (arrival time - required time)
  Source:                 ws_final_result_reg[18]/C
                            (rising edge-triggered cell FDRE clocked by clk  {rise@0.000ns fall@5.000ns period=10.000ns})
  Destination:            u_regfile/rf_reg_r1_0_31_18_23/RAMA/I
                            (rising edge-triggered cell RAMD32 clocked by clk  {rise@0.000ns fall@5.000ns period=10.000ns})
  Path Group:             clk
  Path Type:              Hold (Min at Fast Process Corner)
  Requirement:            0.000ns  (clk rise@0.000ns - clk rise@0.000ns)
  Data Path Delay:        0.232ns  (logic 0.100ns (43.015%)  route 0.132ns (56.985%))
  Logic Levels:           0  
  Clock Path Skew:        0.010ns (DCD - SCD - CPR)
    Destination Clock Delay (DCD):    2.011ns
    Source Clock Delay      (SCD):    1.477ns
    Clock Pessimism Removal (CPR):    0.524ns

    Location             Delay type                Incr(ns)  Path(ns)    Netlist Resource(s)
  -------------------------------------------------------------------    -------------------
                         (clock clk rise edge)        0.000     0.000 r  
    D23                                               0.000     0.000 r  clk (IN)
                         net (fo=0)                   0.000     0.000    clk
    D23                                                               r  clk_IBUF_inst/I
    D23                  IBUF (Prop_ibuf_I_O)         0.155     0.155 r  clk_IBUF_inst/O
                         net (fo=1, routed)           0.676     0.831    clk_IBUF
    BUFGCTRL_X0Y0                                                     r  clk_IBUF_BUFG_inst/I
    BUFGCTRL_X0Y0        BUFG (Prop_bufg_I_O)         0.026     0.857 r  clk_IBUF_BUFG_inst/O
                         net (fo=575, routed)         0.620     1.477    clk_IBUF_BUFG
    SLICE_X7Y23          FDRE                                         r  ws_final_result_reg[18]/C
  -------------------------------------------------------------------    -------------------
    SLICE_X7Y23          FDRE (Prop_fdre_C_Q)         0.100     1.577 r  ws_final_result_reg[18]/Q
                         net (fo=4, routed)           0.132     1.710    u_regfile/rf_reg_r1_0_31_18_23/DIA0
    SLICE_X6Y24          RAMD32                                       r  u_regfile/rf_reg_r1_0_31_18_23/RAMA/I
  -------------------------------------------------------------------    -------------------

                         (clock clk rise edge)        0.000     0.000 r  
    D23                                               0.000     0.000 r  clk (IN)
                         net (fo=0)                   0.000     0.000    clk
    D23                                                               r  clk_IBUF_inst/I
    D23                  IBUF (Prop_ibuf_I_O)         0.404     0.404 r  clk_IBUF_inst/O
                         net (fo=1, routed)           0.739     1.143    clk_IBUF
    BUFGCTRL_X0Y0                                                     r  clk_IBUF_BUFG_inst/I
    BUFGCTRL_X0Y0        BUFG (Prop_bufg_I_O)         0.030     1.173 r  clk_IBUF_BUFG_inst/O
                         net (fo=575, routed)         0.838     2.011    u_regfile/rf_reg_r1_0_31_18_23/WCLK
    SLICE_X6Y24          RAMD32                                       r  u_regfile/rf_reg_r1_0_31_18_23/RAMA/CLK
                         clock pessimism             -0.524     1.487    
    SLICE_X6Y24          RAMD32 (Hold_ramd32_CLK_I)
                                                      0.131     1.618    u_regfile/rf_reg_r1_0_31_18_23/RAMA
  -------------------------------------------------------------------
                         required time                         -1.618    
                         arrival time                           1.710    
  -------------------------------------------------------------------
                         slack                                  0.091    

Slack (MET) :             0.094ns  (arrival time - required time)
  Source:                 ws_final_result_reg[21]/C
                            (rising edge-triggered cell FDRE clocked by clk  {rise@0.000ns fall@5.000ns period=10.000ns})
  Destination:            u_regfile/rf_reg_r1_0_31_18_23/RAMB_D1/I
                            (rising edge-triggered cell RAMD32 clocked by clk  {rise@0.000ns fall@5.000ns period=10.000ns})
  Path Group:             clk
  Path Type:              Hold (Min at Fast Process Corner)
  Requirement:            0.000ns  (clk rise@0.000ns - clk rise@0.000ns)
  Data Path Delay:        0.240ns  (logic 0.100ns (41.706%)  route 0.140ns (58.294%))
  Logic Levels:           0  
  Clock Path Skew:        0.031ns (DCD - SCD - CPR)
    Destination Clock Delay (DCD):    2.011ns
    Source Clock Delay      (SCD):    1.476ns
    Clock Pessimism Removal (CPR):    0.504ns

    Location             Delay type                Incr(ns)  Path(ns)    Netlist Resource(s)
  -------------------------------------------------------------------    -------------------
                         (clock clk rise edge)        0.000     0.000 r  
    D23                                               0.000     0.000 r  clk (IN)
                         net (fo=0)                   0.000     0.000    clk
    D23                                                               r  clk_IBUF_inst/I
    D23                  IBUF (Prop_ibuf_I_O)         0.155     0.155 r  clk_IBUF_inst/O
                         net (fo=1, routed)           0.676     0.831    clk_IBUF
    BUFGCTRL_X0Y0                                                     r  clk_IBUF_BUFG_inst/I
    BUFGCTRL_X0Y0        BUFG (Prop_bufg_I_O)         0.026     0.857 r  clk_IBUF_BUFG_inst/O
                         net (fo=575, routed)         0.619     1.476    clk_IBUF_BUFG
    SLICE_X5Y25          FDRE                                         r  ws_final_result_reg[21]/C
  -------------------------------------------------------------------    -------------------
    SLICE_X5Y25          FDRE (Prop_fdre_C_Q)         0.100     1.576 r  ws_final_result_reg[21]/Q
                         net (fo=4, routed)           0.140     1.716    u_regfile/rf_reg_r1_0_31_18_23/DIB1
    SLICE_X6Y24          RAMD32                                       r  u_regfile/rf_reg_r1_0_31_18_23/RAMB_D1/I
  -------------------------------------------------------------------    -------------------

                         (clock clk rise edge)        0.000     0.000 r  
    D23                                               0.000     0.000 r  clk (IN)
                         net (fo=0)                   0.000     0.000    clk
    D23                                                               r  clk_IBUF_inst/I
    D23                  IBUF (Prop_ibuf_I_O)         0.404     0.404 r  clk_IBUF_inst/O
                         net (fo=1, routed)           0.739     1.143    clk_IBUF
    BUFGCTRL_X0Y0                                                     r  clk_IBUF_BUFG_inst/I
    BUFGCTRL_X0Y0        BUFG (Prop_bufg_I_O)         0.030     1.173 r  clk_IBUF_BUFG_inst/O
                         net (fo=575, routed)         0.838     2.011    u_regfile/rf_reg_r1_0_31_18_23/WCLK
    SLICE_X6Y24          RAMD32                                       r  u_regfile/rf_reg_r1_0_31_18_23/RAMB_D1/CLK
                         clock pessimism             -0.504     1.507    
    SLICE_X6Y24          RAMD32 (Hold_ramd32_CLK_I)
                                                      0.115     1.622    u_regfile/rf_reg_r1_0_31_18_23/RAMB_D1
  -------------------------------------------------------------------
                         required time                         -1.622    
                         arrival time                           1.716    
  -------------------------------------------------------------------
                         slack                                  0.094    

Slack (MET) :             0.103ns  (arrival time - required time)
  Source:                 ws_dest_reg[4]/C
                            (rising edge-triggered cell FDRE clocked by clk  {rise@0.000ns fall@5.000ns period=10.000ns})
  Destination:            u_regfile/rf_reg_r2_0_31_30_31/RAMA/WADR4
                            (rising edge-triggered cell RAMD32 clocked by clk  {rise@0.000ns fall@5.000ns period=10.000ns})
  Path Group:             clk
  Path Type:              Hold (Min at Fast Process Corner)
  Requirement:            0.000ns  (clk rise@0.000ns - clk rise@0.000ns)
  Data Path Delay:        0.323ns  (logic 0.100ns (30.931%)  route 0.223ns (69.069%))
  Logic Levels:           0  
  Clock Path Skew:        0.035ns (DCD - SCD - CPR)
    Destination Clock Delay (DCD):    2.015ns
    Source Clock Delay      (SCD):    1.476ns
    Clock Pessimism Removal (CPR):    0.504ns

    Location             Delay type                Incr(ns)  Path(ns)    Netlist Resource(s)
  -------------------------------------------------------------------    -------------------
                         (clock clk rise edge)        0.000     0.000 r  
    D23                                               0.000     0.000 r  clk (IN)
                         net (fo=0)                   0.000     0.000    clk
    D23                                                               r  clk_IBUF_inst/I
    D23                  IBUF (Prop_ibuf_I_O)         0.155     0.155 r  clk_IBUF_inst/O
                         net (fo=1, routed)           0.676     0.831    clk_IBUF
    BUFGCTRL_X0Y0                                                     r  clk_IBUF_BUFG_inst/I
    BUFGCTRL_X0Y0        BUFG (Prop_bufg_I_O)         0.026     0.857 r  clk_IBUF_BUFG_inst/O
                         net (fo=575, routed)         0.619     1.476    clk_IBUF_BUFG
    SLICE_X4Y25          FDRE                                         r  ws_dest_reg[4]/C
  -------------------------------------------------------------------    -------------------
    SLICE_X4Y25          FDRE (Prop_fdre_C_Q)         0.100     1.576 r  ws_dest_reg[4]/Q
                         net (fo=99, routed)          0.223     1.800    u_regfile/rf_reg_r2_0_31_30_31/ADDRD4
    SLICE_X2Y27          RAMD32                                       r  u_regfile/rf_reg_r2_0_31_30_31/RAMA/WADR4
  -------------------------------------------------------------------    -------------------

                         (clock clk rise edge)        0.000     0.000 r  
    D23                                               0.000     0.000 r  clk (IN)
                         net (fo=0)                   0.000     0.000    clk
    D23                                                               r  clk_IBUF_inst/I
    D23                  IBUF (Prop_ibuf_I_O)         0.404     0.404 r  clk_IBUF_inst/O
                         net (fo=1, routed)           0.739     1.143    clk_IBUF
    BUFGCTRL_X0Y0                                                     r  clk_IBUF_BUFG_inst/I
    BUFGCTRL_X0Y0        BUFG (Prop_bufg_I_O)         0.030     1.173 r  clk_IBUF_BUFG_inst/O
                         net (fo=575, routed)         0.842     2.015    u_regfile/rf_reg_r2_0_31_30_31/WCLK
    SLICE_X2Y27          RAMD32                                       r  u_regfile/rf_reg_r2_0_31_30_31/RAMA/CLK
                         clock pessimism             -0.504     1.511    
    SLICE_X2Y27          RAMD32 (Hold_ramd32_CLK_WADR4)
                                                      0.185     1.696    u_regfile/rf_reg_r2_0_31_30_31/RAMA
  -------------------------------------------------------------------
                         required time                         -1.696    
                         arrival time                           1.800    
  -------------------------------------------------------------------
                         slack                                  0.103    

Slack (MET) :             0.103ns  (arrival time - required time)
  Source:                 ws_dest_reg[4]/C
                            (rising edge-triggered cell FDRE clocked by clk  {rise@0.000ns fall@5.000ns period=10.000ns})
  Destination:            u_regfile/rf_reg_r2_0_31_30_31/RAMA_D1/WADR4
                            (rising edge-triggered cell RAMD32 clocked by clk  {rise@0.000ns fall@5.000ns period=10.000ns})
  Path Group:             clk
  Path Type:              Hold (Min at Fast Process Corner)
  Requirement:            0.000ns  (clk rise@0.000ns - clk rise@0.000ns)
  Data Path Delay:        0.323ns  (logic 0.100ns (30.931%)  route 0.223ns (69.069%))
  Logic Levels:           0  
  Clock Path Skew:        0.035ns (DCD - SCD - CPR)
    Destination Clock Delay (DCD):    2.015ns
    Source Clock Delay      (SCD):    1.476ns
    Clock Pessimism Removal (CPR):    0.504ns

    Location             Delay type                Incr(ns)  Path(ns)    Netlist Resource(s)
  -------------------------------------------------------------------    -------------------
                         (clock clk rise edge)        0.000     0.000 r  
    D23                                               0.000     0.000 r  clk (IN)
                         net (fo=0)                   0.000     0.000    clk
    D23                                                               r  clk_IBUF_inst/I
    D23                  IBUF (Prop_ibuf_I_O)         0.155     0.155 r  clk_IBUF_inst/O
                         net (fo=1, routed)           0.676     0.831    clk_IBUF
    BUFGCTRL_X0Y0                                                     r  clk_IBUF_BUFG_inst/I
    BUFGCTRL_X0Y0        BUFG (Prop_bufg_I_O)         0.026     0.857 r  clk_IBUF_BUFG_inst/O
                         net (fo=575, routed)         0.619     1.476    clk_IBUF_BUFG
    SLICE_X4Y25          FDRE                                         r  ws_dest_reg[4]/C
  -------------------------------------------------------------------    -------------------
    SLICE_X4Y25          FDRE (Prop_fdre_C_Q)         0.100     1.576 r  ws_dest_reg[4]/Q
                         net (fo=99, routed)          0.223     1.800    u_regfile/rf_reg_r2_0_31_30_31/ADDRD4
    SLICE_X2Y27          RAMD32                                       r  u_regfile/rf_reg_r2_0_31_30_31/RAMA_D1/WADR4
  -------------------------------------------------------------------    -------------------

                         (clock clk rise edge)        0.000     0.000 r  
    D23                                               0.000     0.000 r  clk (IN)
                         net (fo=0)                   0.000     0.000    clk
    D23                                                               r  clk_IBUF_inst/I
    D23                  IBUF (Prop_ibuf_I_O)         0.404     0.404 r  clk_IBUF_inst/O
                         net (fo=1, routed)           0.739     1.143    clk_IBUF
    BUFGCTRL_X0Y0                                                     r  clk_IBUF_BUFG_inst/I
    BUFGCTRL_X0Y0        BUFG (Prop_bufg_I_O)         0.030     1.173 r  clk_IBUF_BUFG_inst/O
                         net (fo=575, routed)         0.842     2.015    u_regfile/rf_reg_r2_0_31_30_31/WCLK
    SLICE_X2Y27          RAMD32                                       r  u_regfile/rf_reg_r2_0_31_30_31/RAMA_D1/CLK
                         clock pessimism             -0.504     1.511    
    SLICE_X2Y27          RAMD32 (Hold_ramd32_CLK_WADR4)
                                                      0.185     1.696    u_regfile/rf_reg_r2_0_31_30_31/RAMA_D1
  -------------------------------------------------------------------
                         required time                         -1.696    
                         arrival time                           1.800    
  -------------------------------------------------------------------
                         slack                                  0.103    

Slack (MET) :             0.103ns  (arrival time - required time)
  Source:                 ws_dest_reg[4]/C
                            (rising edge-triggered cell FDRE clocked by clk  {rise@0.000ns fall@5.000ns period=10.000ns})
  Destination:            u_regfile/rf_reg_r2_0_31_30_31/RAMB/WADR4
                            (rising edge-triggered cell RAMD32 clocked by clk  {rise@0.000ns fall@5.000ns period=10.000ns})
  Path Group:             clk
  Path Type:              Hold (Min at Fast Process Corner)
  Requirement:            0.000ns  (clk rise@0.000ns - clk rise@0.000ns)
  Data Path Delay:        0.323ns  (logic 0.100ns (30.931%)  route 0.223ns (69.069%))
  Logic Levels:           0  
  Clock Path Skew:        0.035ns (DCD - SCD - CPR)
    Destination Clock Delay (DCD):    2.015ns
    Source Clock Delay      (SCD):    1.476ns
    Clock Pessimism Removal (CPR):    0.504ns

    Location             Delay type                Incr(ns)  Path(ns)    Netlist Resource(s)
  -------------------------------------------------------------------    -------------------
                         (clock clk rise edge)        0.000     0.000 r  
    D23                                               0.000     0.000 r  clk (IN)
                         net (fo=0)                   0.000     0.000    clk
    D23                                                               r  clk_IBUF_inst/I
    D23                  IBUF (Prop_ibuf_I_O)         0.155     0.155 r  clk_IBUF_inst/O
                         net (fo=1, routed)           0.676     0.831    clk_IBUF
    BUFGCTRL_X0Y0                                                     r  clk_IBUF_BUFG_inst/I
    BUFGCTRL_X0Y0        BUFG (Prop_bufg_I_O)         0.026     0.857 r  clk_IBUF_BUFG_inst/O
                         net (fo=575, routed)         0.619     1.476    clk_IBUF_BUFG
    SLICE_X4Y25          FDRE                                         r  ws_dest_reg[4]/C
  -------------------------------------------------------------------    -------------------
    SLICE_X4Y25          FDRE (Prop_fdre_C_Q)         0.100     1.576 r  ws_dest_reg[4]/Q
                         net (fo=99, routed)          0.223     1.800    u_regfile/rf_reg_r2_0_31_30_31/ADDRD4
    SLICE_X2Y27          RAMD32                                       r  u_regfile/rf_reg_r2_0_31_30_31/RAMB/WADR4
  -------------------------------------------------------------------    -------------------

                         (clock clk rise edge)        0.000     0.000 r  
    D23                                               0.000     0.000 r  clk (IN)
                         net (fo=0)                   0.000     0.000    clk
    D23                                                               r  clk_IBUF_inst/I
    D23                  IBUF (Prop_ibuf_I_O)         0.404     0.404 r  clk_IBUF_inst/O
                         net (fo=1, routed)           0.739     1.143    clk_IBUF
    BUFGCTRL_X0Y0                                                     r  clk_IBUF_BUFG_inst/I
    BUFGCTRL_X0Y0        BUFG (Prop_bufg_I_O)         0.030     1.173 r  clk_IBUF_BUFG_inst/O
                         net (fo=575, routed)         0.842     2.015    u_regfile/rf_reg_r2_0_31_30_31/WCLK
    SLICE_X2Y27          RAMD32                                       r  u_regfile/rf_reg_r2_0_31_30_31/RAMB/CLK
                         clock pessimism             -0.504     1.511    
    SLICE_X2Y27          RAMD32 (Hold_ramd32_CLK_WADR4)
                                                      0.185     1.696    u_regfile/rf_reg_r2_0_31_30_31/RAMB
  -------------------------------------------------------------------
                         required time                         -1.696    
                         arrival time                           1.800    
  -------------------------------------------------------------------
                         slack                                  0.103    





Pulse Width Checks
--------------------------------------------------------------------------------------
Clock Name:         clk
Waveform(ns):       { 0.000 5.000 }
Period(ns):         10.000
Sources:            { clk }

Check Type        Corner  Lib Pin     Reference Pin  Required(ns)  Actual(ns)  Slack(ns)  Location       Pin
Min Period        n/a     BUFG/I      n/a            1.600         10.000      8.400      BUFGCTRL_X0Y0  clk_IBUF_BUFG_inst/I
Min Period        n/a     FDRE/C      n/a            0.750         10.000      9.250      SLICE_X8Y16    es_rt_value_reg[4]/C
Min Period        n/a     FDRE/C      n/a            0.750         10.000      9.250      SLICE_X6Y17    es_pc_reg[1]/C
Min Period        n/a     FDRE/C      n/a            0.750         10.000      9.250      SLICE_X3Y20    ms_res_from_mem_reg/C
Min Period        n/a     FDRE/C      n/a            0.750         10.000      9.250      SLICE_X5Y17    ws_final_result_reg[1]_lopt_replica/C
Min Period        n/a     FDRE/C      n/a            0.750         10.000      9.250      SLICE_X7Y16    es_pc_reg[2]/C
Min Period        n/a     FDRE/C      n/a            0.750         10.000      9.250      SLICE_X9Y25    es_rs_value_reg[31]/C
Min Period        n/a     FDRE/C      n/a            0.750         10.000      9.250      SLICE_X5Y17    ws_final_result_reg[4]_lopt_replica/C
Min Period        n/a     FDRE/C      n/a            0.750         10.000      9.250      SLICE_X5Y19    ws_final_result_reg[7]_lopt_replica/C
Min Period        n/a     FDRE/C      n/a            0.750         10.000      9.250      SLICE_X2Y28    ds_inst_reg[23]/C
Low Pulse Width   Fast    RAMS32/CLK  n/a            0.910         5.000       4.090      SLICE_X2Y15    u_regfile/rf_reg_r1_0_31_0_5/RAMD_D1/CLK
Low Pulse Width   Fast    RAMD32/CLK  n/a            0.910         5.000       4.090      SLICE_X2Y13    u_regfile/rf_reg_r2_0_31_0_5/RAMC/CLK
Low Pulse Width   Fast    RAMD32/CLK  n/a            0.910         5.000       4.090      SLICE_X2Y13    u_regfile/rf_reg_r2_0_31_0_5/RAMC_D1/CLK
Low Pulse Width   Fast    RAMS32/CLK  n/a            0.910         5.000       4.090      SLICE_X2Y13    u_regfile/rf_reg_r2_0_31_0_5/RAMD/CLK
Low Pulse Width   Fast    RAMS32/CLK  n/a            0.910         5.000       4.090      SLICE_X2Y13    u_regfile/rf_reg_r2_0_31_0_5/RAMD_D1/CLK
Low Pulse Width   Fast    RAMD32/CLK  n/a            0.910         5.000       4.090      SLICE_X6Y24    u_regfile/rf_reg_r1_0_31_18_23/RAMA/CLK
Low Pulse Width   Fast    RAMD32/CLK  n/a            0.910         5.000       4.090      SLICE_X6Y24    u_regfile/rf_reg_r1_0_31_18_23/RAMA_D1/CLK
Low Pulse Width   Fast    RAMD32/CLK  n/a            0.910         5.000       4.090      SLICE_X6Y24    u_regfile/rf_reg_r1_0_31_18_23/RAMB/CLK
Low Pulse Width   Fast    RAMD32/CLK  n/a            0.910         5.000       4.090      SLICE_X6Y24    u_regfile/rf_reg_r1_0_31_18_23/RAMB_D1/CLK
Low Pulse Width   Fast    RAMD32/CLK  n/a            0.910         5.000       4.090      SLICE_X6Y24    u_regfile/rf_reg_r1_0_31_18_23/RAMC/CLK
High Pulse Width  Slow    RAMD32/CLK  n/a            0.910         5.000       4.090      SLICE_X2Y19    u_regfile/rf_reg_r1_0_31_12_17/RAMA/CLK
High Pulse Width  Slow    RAMD32/CLK  n/a            0.910         5.000       4.090      SLICE_X2Y19    u_regfile/rf_reg_r1_0_31_12_17/RAMA_D1/CLK
High Pulse Width  Slow    RAMD32/CLK  n/a            0.910         5.000       4.090      SLICE_X2Y19    u_regfile/rf_reg_r1_0_31_12_17/RAMB/CLK
High Pulse Width  Slow    RAMD32/CLK  n/a            0.910         5.000       4.090      SLICE_X2Y19    u_regfile/rf_reg_r1_0_31_12_17/RAMB_D1/CLK
High Pulse Width  Slow    RAMD32/CLK  n/a            0.910         5.000       4.090      SLICE_X2Y19    u_regfile/rf_reg_r1_0_31_12_17/RAMC/CLK
High Pulse Width  Slow    RAMD32/CLK  n/a            0.910         5.000       4.090      SLICE_X2Y19    u_regfile/rf_reg_r1_0_31_12_17/RAMC_D1/CLK
High Pulse Width  Slow    RAMD32/CLK  n/a            0.910         5.000       4.090      SLICE_X2Y18    u_regfile/rf_reg_r2_0_31_12_17/RAMA/CLK
High Pulse Width  Slow    RAMD32/CLK  n/a            0.910         5.000       4.090      SLICE_X2Y18    u_regfile/rf_reg_r2_0_31_12_17/RAMA_D1/CLK
High Pulse Width  Slow    RAMD32/CLK  n/a            0.910         5.000       4.090      SLICE_X2Y18    u_regfile/rf_reg_r2_0_31_12_17/RAMB/CLK
High Pulse Width  Slow    RAMD32/CLK  n/a            0.910         5.000       4.090      SLICE_X2Y18    u_regfile/rf_reg_r2_0_31_12_17/RAMB_D1/CLK



--------------------------------------------------------------------------------------
Path Group:  (none)
From Clock:  clk
  To Clock:  

Max Delay           174 Endpoints
Min Delay           174 Endpoints
--------------------------------------------------------------------------------------


Max Delay Paths
--------------------------------------------------------------------------------------
Slack:                    inf
  Source:                 es_src2_is_uimm_reg/C
                            (rising edge-triggered cell FDRE clocked by clk  {rise@0.000ns fall@5.000ns period=10.000ns})
  Destination:            data_sram_addr[29]
                            (output port)
  Path Group:             (none)
  Path Type:              Max at Slow Process Corner
  Data Path Delay:        9.257ns  (logic 3.244ns (35.039%)  route 6.013ns (64.961%))
  Logic Levels:           7  (LUT5=3 LUT6=3 OBUF=1)
  Clock Uncertainty:      0.025ns  ((TSJ^2 + TIJ^2)^1/2 + DJ) / 2 + PE
    Total System Jitter     (TSJ):    0.050ns
    Total Input Jitter      (TIJ):    0.000ns
    Discrete Jitter          (DJ):    0.000ns
    Phase Error              (PE):    0.000ns

    Location             Delay type                Incr(ns)  Path(ns)    Netlist Resource(s)
  -------------------------------------------------------------------    -------------------
                         (clock clk rise edge)        0.000     0.000 r  
    D23                                               0.000     0.000 r  clk (IN)
                         net (fo=0)                   0.000     0.000    clk
    D23                                                               r  clk_IBUF_inst/I
    D23                  IBUF (Prop_ibuf_I_O)         0.892     0.892 r  clk_IBUF_inst/O
                         net (fo=1, routed)           1.764     2.656    clk_IBUF
    BUFGCTRL_X0Y0                                                     r  clk_IBUF_BUFG_inst/I
    BUFGCTRL_X0Y0        BUFG (Prop_bufg_I_O)         0.120     2.776 r  clk_IBUF_BUFG_inst/O
                         net (fo=575, routed)         1.591     4.367    clk_IBUF_BUFG
    SLICE_X8Y15          FDRE                                         r  es_src2_is_uimm_reg/C
  -------------------------------------------------------------------    -------------------
    SLICE_X8Y15          FDRE (Prop_fdre_C_Q)         0.308     4.675 r  es_src2_is_uimm_reg/Q
                         net (fo=57, routed)          0.817     5.492    u_pc/es_src2_is_uimm
    SLICE_X5Y18                                                       r  u_pc/alu_result0_carry__0_i_9/I2
    SLICE_X5Y18          LUT5 (Prop_lut5_I2_O)        0.053     5.545 r  u_pc/alu_result0_carry__0_i_9/O
                         net (fo=13, routed)          1.056     6.601    u_pc/alu_src2[7]
    SLICE_X20Y18                                                      r  u_pc/data_sram_addr_OBUF[30]_inst_i_11/I2
    SLICE_X20Y18         LUT5 (Prop_lut5_I2_O)        0.068     6.669 r  u_pc/data_sram_addr_OBUF[30]_inst_i_11/O
                         net (fo=4, routed)           0.621     7.290    u_pc/data_sram_addr_OBUF[30]_inst_i_11_n_0
    SLICE_X21Y18                                                      r  u_pc/data_sram_addr_OBUF[30]_inst_i_6/I0
    SLICE_X21Y18         LUT6 (Prop_lut6_I0_O)        0.172     7.462 r  u_pc/data_sram_addr_OBUF[30]_inst_i_6/O
                         net (fo=2, routed)           0.611     8.073    u_pc/data_sram_addr_OBUF[30]_inst_i_6_n_0
    SLICE_X15Y24                                                      r  u_pc/data_sram_addr_OBUF[29]_inst_i_3/I2
    SLICE_X15Y24         LUT6 (Prop_lut6_I2_O)        0.053     8.126 r  u_pc/data_sram_addr_OBUF[29]_inst_i_3/O
                         net (fo=2, routed)           0.579     8.704    u_pc/es_alu_op_reg[8]_4
    SLICE_X14Y25                                                      r  u_pc/data_sram_addr_OBUF[29]_inst_i_2/I1
    SLICE_X14Y25         LUT6 (Prop_lut6_I1_O)        0.053     8.757 r  u_pc/data_sram_addr_OBUF[29]_inst_i_2/O
                         net (fo=1, routed)           0.474     9.232    u_alu/ms_alu_result_reg[29]
    SLICE_X10Y25                                                      r  u_alu/data_sram_addr_OBUF[29]_inst_i_1/I0
    SLICE_X10Y25         LUT5 (Prop_lut5_I0_O)        0.053     9.285 r  u_alu/data_sram_addr_OBUF[29]_inst_i_1/O
                         net (fo=3, routed)           1.855    11.140    data_sram_addr_OBUF[29]
    M22                                                               r  data_sram_addr_OBUF[29]_inst/I
    M22                  OBUF (Prop_obuf_I_O)         2.484    13.624 r  data_sram_addr_OBUF[29]_inst/O
                         net (fo=0)                   0.000    13.624    data_sram_addr[29]
    M22                                                               r  data_sram_addr[29] (OUT)
  -------------------------------------------------------------------    -------------------

Slack:                    inf
  Source:                 es_src2_is_imm_reg/C
                            (rising edge-triggered cell FDRE clocked by clk  {rise@0.000ns fall@5.000ns period=10.000ns})
  Destination:            data_sram_addr[1]
                            (output port)
  Path Group:             (none)
  Path Type:              Max at Slow Process Corner
  Data Path Delay:        9.162ns  (logic 3.165ns (34.542%)  route 5.997ns (65.458%))
  Logic Levels:           7  (LUT5=3 LUT6=3 OBUF=1)
  Clock Uncertainty:      0.025ns  ((TSJ^2 + TIJ^2)^1/2 + DJ) / 2 + PE
    Total System Jitter     (TSJ):    0.050ns
    Total Input Jitter      (TIJ):    0.000ns
    Discrete Jitter          (DJ):    0.000ns
    Phase Error              (PE):    0.000ns

    Location             Delay type                Incr(ns)  Path(ns)    Netlist Resource(s)
  -------------------------------------------------------------------    -------------------
                         (clock clk rise edge)        0.000     0.000 r  
    D23                                               0.000     0.000 r  clk (IN)
                         net (fo=0)                   0.000     0.000    clk
    D23                                                               r  clk_IBUF_inst/I
    D23                  IBUF (Prop_ibuf_I_O)         0.892     0.892 r  clk_IBUF_inst/O
                         net (fo=1, routed)           1.764     2.656    clk_IBUF
    BUFGCTRL_X0Y0                                                     r  clk_IBUF_BUFG_inst/I
    BUFGCTRL_X0Y0        BUFG (Prop_bufg_I_O)         0.120     2.776 r  clk_IBUF_BUFG_inst/O
                         net (fo=575, routed)         1.647     4.423    clk_IBUF_BUFG
    SLICE_X7Y16          FDRE                                         r  es_src2_is_imm_reg/C
  -------------------------------------------------------------------    -------------------
    SLICE_X7Y16          FDRE (Prop_fdre_C_Q)         0.269     4.692 r  es_src2_is_imm_reg/Q
                         net (fo=64, routed)          0.999     5.691    u_pc/es_src2_is_imm
    SLICE_X13Y20                                                      r  u_pc/alu_result0_carry__4_i_10/I3
    SLICE_X13Y20         LUT5 (Prop_lut5_I3_O)        0.053     5.744 r  u_pc/alu_result0_carry__4_i_10/O
                         net (fo=10, routed)          0.848     6.592    u_pc/alu_src2[22]
    SLICE_X18Y17                                                      r  u_pc/data_sram_addr_OBUF[5]_inst_i_11/I1
    SLICE_X18Y17         LUT6 (Prop_lut6_I1_O)        0.053     6.645 r  u_pc/data_sram_addr_OBUF[5]_inst_i_11/O
                         net (fo=7, routed)           0.624     7.269    u_pc/data_sram_addr_OBUF[5]_inst_i_11_n_0
    SLICE_X18Y14                                                      r  u_pc/data_sram_addr_OBUF[2]_inst_i_9/I3
    SLICE_X18Y14         LUT6 (Prop_lut6_I3_O)        0.053     7.322 r  u_pc/data_sram_addr_OBUF[2]_inst_i_9/O
                         net (fo=2, routed)           0.570     7.892    u_pc/data_sram_addr_OBUF[2]_inst_i_9_n_0
    SLICE_X18Y13                                                      r  u_pc/data_sram_addr_OBUF[1]_inst_i_4/I1
    SLICE_X18Y13         LUT6 (Prop_lut6_I1_O)        0.053     7.945 r  u_pc/data_sram_addr_OBUF[1]_inst_i_4/O
                         net (fo=2, routed)           0.478     8.423    u_pc_n_204
    SLICE_X10Y13                                                      r  data_sram_addr_OBUF[1]_inst_i_2/I2
    SLICE_X10Y13         LUT5 (Prop_lut5_I2_O)        0.053     8.476 r  data_sram_addr_OBUF[1]_inst_i_2/O
                         net (fo=1, routed)           0.566     9.042    u_alu/ms_alu_result_reg[1]
    SLICE_X9Y13                                                       r  u_alu/data_sram_addr_OBUF[1]_inst_i_1/I0
    SLICE_X9Y13          LUT5 (Prop_lut5_I0_O)        0.063     9.105 r  u_alu/data_sram_addr_OBUF[1]_inst_i_1/O
                         net (fo=2, routed)           1.912    11.017    data_sram_addr_OBUF[1]
    P18                                                               r  data_sram_addr_OBUF[1]_inst/I
    P18                  OBUF (Prop_obuf_I_O)         2.568    13.584 r  data_sram_addr_OBUF[1]_inst/O
                         net (fo=0)                   0.000    13.584    data_sram_addr[1]
    P18                                                               r  data_sram_addr[1] (OUT)
  -------------------------------------------------------------------    -------------------

Slack:                    inf
  Source:                 es_src1_is_pc_reg/C
                            (rising edge-triggered cell FDRE clocked by clk  {rise@0.000ns fall@5.000ns period=10.000ns})
  Destination:            data_sram_addr[21]
                            (output port)
  Path Group:             (none)
  Path Type:              Max at Slow Process Corner
  Data Path Delay:        9.125ns  (logic 3.056ns (33.495%)  route 6.068ns (66.505%))
  Logic Levels:           7  (LUT5=2 LUT6=4 OBUF=1)
  Clock Uncertainty:      0.025ns  ((TSJ^2 + TIJ^2)^1/2 + DJ) / 2 + PE
    Total System Jitter     (TSJ):    0.050ns
    Total Input Jitter      (TIJ):    0.000ns
    Discrete Jitter          (DJ):    0.000ns
    Phase Error              (PE):    0.000ns

    Location             Delay type                Incr(ns)  Path(ns)    Netlist Resource(s)
  -------------------------------------------------------------------    -------------------
                         (clock clk rise edge)        0.000     0.000 r  
    D23                                               0.000     0.000 r  clk (IN)
                         net (fo=0)                   0.000     0.000    clk
    D23                                                               r  clk_IBUF_inst/I
    D23                  IBUF (Prop_ibuf_I_O)         0.892     0.892 r  clk_IBUF_inst/O
                         net (fo=1, routed)           1.764     2.656    clk_IBUF
    BUFGCTRL_X0Y0                                                     r  clk_IBUF_BUFG_inst/I
    BUFGCTRL_X0Y0        BUFG (Prop_bufg_I_O)         0.120     2.776 r  clk_IBUF_BUFG_inst/O
                         net (fo=575, routed)         1.646     4.422    clk_IBUF_BUFG
    SLICE_X7Y17          FDRE                                         r  es_src1_is_pc_reg/C
  -------------------------------------------------------------------    -------------------
    SLICE_X7Y17          FDRE (Prop_fdre_C_Q)         0.269     4.691 r  es_src1_is_pc_reg/Q
                         net (fo=221, routed)         0.921     5.612    u_pc/es_src2_is_4
    SLICE_X11Y16                                                      r  u_pc/alu_result0_carry_i_2/I0
    SLICE_X11Y16         LUT5 (Prop_lut5_I0_O)        0.053     5.665 r  u_pc/alu_result0_carry_i_2/O
                         net (fo=130, routed)         1.131     6.795    u_pc/es_pc_reg[15][2]
    SLICE_X19Y20                                                      r  u_pc/data_sram_addr_OBUF[24]_inst_i_12/I1
    SLICE_X19Y20         LUT6 (Prop_lut6_I1_O)        0.053     6.848 r  u_pc/data_sram_addr_OBUF[24]_inst_i_12/O
                         net (fo=4, routed)           0.495     7.343    u_pc/data_sram_addr_OBUF[24]_inst_i_12_n_0
    SLICE_X18Y20                                                      r  u_pc/data_sram_addr_OBUF[22]_inst_i_8/I0
    SLICE_X18Y20         LUT5 (Prop_lut5_I0_O)        0.053     7.396 r  u_pc/data_sram_addr_OBUF[22]_inst_i_8/O
                         net (fo=2, routed)           0.441     7.837    u_pc/data_sram_addr_OBUF[22]_inst_i_8_n_0
    SLICE_X18Y20                                                      r  u_pc/data_sram_addr_OBUF[21]_inst_i_4/I4
    SLICE_X18Y20         LUT6 (Prop_lut6_I4_O)        0.053     7.890 r  u_pc/data_sram_addr_OBUF[21]_inst_i_4/O
                         net (fo=1, routed)           0.406     8.296    u_pc/data_sram_addr_OBUF[21]_inst_i_4_n_0
    SLICE_X17Y20                                                      r  u_pc/data_sram_addr_OBUF[21]_inst_i_2/I2
    SLICE_X17Y20         LUT6 (Prop_lut6_I2_O)        0.053     8.349 r  u_pc/data_sram_addr_OBUF[21]_inst_i_2/O
                         net (fo=1, routed)           0.485     8.834    u_alu/ms_alu_result_reg[21]
    SLICE_X10Y21                                                      r  u_alu/data_sram_addr_OBUF[21]_inst_i_1/I2
    SLICE_X10Y21         LUT6 (Prop_lut6_I2_O)        0.053     8.887 r  u_alu/data_sram_addr_OBUF[21]_inst_i_1/O
                         net (fo=5, routed)           2.190    11.077    data_sram_addr_OBUF[21]
    R23                                                               r  data_sram_addr_OBUF[21]_inst/I
    R23                  OBUF (Prop_obuf_I_O)         2.469    13.547 r  data_sram_addr_OBUF[21]_inst/O
                         net (fo=0)                   0.000    13.547    data_sram_addr[21]
    R23                                                               r  data_sram_addr[21] (OUT)
  -------------------------------------------------------------------    -------------------

Slack:                    inf
  Source:                 es_src2_is_imm_reg/C
                            (rising edge-triggered cell FDRE clocked by clk  {rise@0.000ns fall@5.000ns period=10.000ns})
  Destination:            data_sram_addr[20]
                            (output port)
  Path Group:             (none)
  Path Type:              Max at Slow Process Corner
  Data Path Delay:        9.095ns  (logic 3.056ns (33.602%)  route 6.039ns (66.398%))
  Logic Levels:           7  (LUT5=2 LUT6=4 OBUF=1)
  Clock Uncertainty:      0.025ns  ((TSJ^2 + TIJ^2)^1/2 + DJ) / 2 + PE
    Total System Jitter     (TSJ):    0.050ns
    Total Input Jitter      (TIJ):    0.000ns
    Discrete Jitter          (DJ):    0.000ns
    Phase Error              (PE):    0.000ns

    Location             Delay type                Incr(ns)  Path(ns)    Netlist Resource(s)
  -------------------------------------------------------------------    -------------------
                         (clock clk rise edge)        0.000     0.000 r  
    D23                                               0.000     0.000 r  clk (IN)
                         net (fo=0)                   0.000     0.000    clk
    D23                                                               r  clk_IBUF_inst/I
    D23                  IBUF (Prop_ibuf_I_O)         0.892     0.892 r  clk_IBUF_inst/O
                         net (fo=1, routed)           1.764     2.656    clk_IBUF
    BUFGCTRL_X0Y0                                                     r  clk_IBUF_BUFG_inst/I
    BUFGCTRL_X0Y0        BUFG (Prop_bufg_I_O)         0.120     2.776 r  clk_IBUF_BUFG_inst/O
                         net (fo=575, routed)         1.647     4.423    clk_IBUF_BUFG
    SLICE_X7Y16          FDRE                                         r  es_src2_is_imm_reg/C
  -------------------------------------------------------------------    -------------------
    SLICE_X7Y16          FDRE (Prop_fdre_C_Q)         0.269     4.692 r  es_src2_is_imm_reg/Q
                         net (fo=64, routed)          0.999     5.691    u_pc/es_src2_is_imm
    SLICE_X13Y20                                                      r  u_pc/alu_result0_carry__4_i_10/I3
    SLICE_X13Y20         LUT5 (Prop_lut5_I3_O)        0.053     5.744 r  u_pc/alu_result0_carry__4_i_10/O
                         net (fo=10, routed)          0.821     6.565    u_pc/alu_src2[22]
    SLICE_X18Y18                                                      r  u_pc/data_sram_addr_OBUF[22]_inst_i_13/I2
    SLICE_X18Y18         LUT5 (Prop_lut5_I2_O)        0.053     6.618 r  u_pc/data_sram_addr_OBUF[22]_inst_i_13/O
                         net (fo=4, routed)           0.580     7.198    u_pc/data_sram_addr_OBUF[22]_inst_i_13_n_0
    SLICE_X16Y17                                                      r  u_pc/data_sram_addr_OBUF[20]_inst_i_8/I1
    SLICE_X16Y17         LUT6 (Prop_lut6_I1_O)        0.053     7.251 r  u_pc/data_sram_addr_OBUF[20]_inst_i_8/O
                         net (fo=2, routed)           0.587     7.839    u_pc/data_sram_addr_OBUF[20]_inst_i_8_n_0
    SLICE_X14Y17                                                      r  u_pc/data_sram_addr_OBUF[20]_inst_i_4/I3
    SLICE_X14Y17         LUT6 (Prop_lut6_I3_O)        0.053     7.892 r  u_pc/data_sram_addr_OBUF[20]_inst_i_4/O
                         net (fo=1, routed)           0.503     8.394    u_pc/data_sram_addr_OBUF[20]_inst_i_4_n_0
    SLICE_X14Y21                                                      r  u_pc/data_sram_addr_OBUF[20]_inst_i_2/I2
    SLICE_X14Y21         LUT6 (Prop_lut6_I2_O)        0.053     8.447 r  u_pc/data_sram_addr_OBUF[20]_inst_i_2/O
                         net (fo=1, routed)           0.588     9.035    u_alu/ms_alu_result_reg[20]
    SLICE_X10Y22                                                      r  u_alu/data_sram_addr_OBUF[20]_inst_i_1/I2
    SLICE_X10Y22         LUT6 (Prop_lut6_I2_O)        0.053     9.088 r  u_alu/data_sram_addr_OBUF[20]_inst_i_1/O
                         net (fo=5, routed)           1.961    11.049    data_sram_addr_OBUF[20]
    T24                                                               r  data_sram_addr_OBUF[20]_inst/I
    T24                  OBUF (Prop_obuf_I_O)         2.469    13.518 r  data_sram_addr_OBUF[20]_inst/O
                         net (fo=0)                   0.000    13.518    data_sram_addr[20]
    T24                                                               r  data_sram_addr[20] (OUT)
  -------------------------------------------------------------------    -------------------

Slack:                    inf
  Source:                 es_src1_is_pc_reg/C
                            (rising edge-triggered cell FDRE clocked by clk  {rise@0.000ns fall@5.000ns period=10.000ns})
  Destination:            data_sram_addr[31]
                            (output port)
  Path Group:             (none)
  Path Type:              Max at Slow Process Corner
  Data Path Delay:        8.889ns  (logic 3.071ns (34.547%)  route 5.818ns (65.453%))
  Logic Levels:           7  (LUT5=1 LUT6=5 OBUF=1)
  Clock Uncertainty:      0.025ns  ((TSJ^2 + TIJ^2)^1/2 + DJ) / 2 + PE
    Total System Jitter     (TSJ):    0.050ns
    Total Input Jitter      (TIJ):    0.000ns
    Discrete Jitter          (DJ):    0.000ns
    Phase Error              (PE):    0.000ns

    Location             Delay type                Incr(ns)  Path(ns)    Netlist Resource(s)
  -------------------------------------------------------------------    -------------------
                         (clock clk rise edge)        0.000     0.000 r  
    D23                                               0.000     0.000 r  clk (IN)
                         net (fo=0)                   0.000     0.000    clk
    D23                                                               r  clk_IBUF_inst/I
    D23                  IBUF (Prop_ibuf_I_O)         0.892     0.892 r  clk_IBUF_inst/O
                         net (fo=1, routed)           1.764     2.656    clk_IBUF
    BUFGCTRL_X0Y0                                                     r  clk_IBUF_BUFG_inst/I
    BUFGCTRL_X0Y0        BUFG (Prop_bufg_I_O)         0.120     2.776 r  clk_IBUF_BUFG_inst/O
                         net (fo=575, routed)         1.646     4.422    clk_IBUF_BUFG
    SLICE_X7Y17          FDRE                                         r  es_src1_is_pc_reg/C
  -------------------------------------------------------------------    -------------------
    SLICE_X7Y17          FDRE (Prop_fdre_C_Q)         0.269     4.691 f  es_src1_is_pc_reg/Q
                         net (fo=221, routed)         1.062     5.753    u_pc/es_src2_is_4
    SLICE_X14Y20                                                      f  u_pc/alu_result0_carry__5_i_9/I2
    SLICE_X14Y20         LUT5 (Prop_lut5_I2_O)        0.053     5.806 r  u_pc/alu_result0_carry__5_i_9/O
                         net (fo=14, routed)          0.940     6.746    u_pc/alu_src2[27]
    SLICE_X20Y17                                                      r  u_pc/data_sram_addr_OBUF[31]_inst_i_20/I0
    SLICE_X20Y17         LUT6 (Prop_lut6_I0_O)        0.053     6.799 r  u_pc/data_sram_addr_OBUF[31]_inst_i_20/O
                         net (fo=3, routed)           0.467     7.267    u_pc/data_sram_addr_OBUF[31]_inst_i_20_n_0
    SLICE_X21Y17                                                      r  u_pc/data_sram_addr_OBUF[31]_inst_i_11/I1
    SLICE_X21Y17         LUT6 (Prop_lut6_I1_O)        0.053     7.320 r  u_pc/data_sram_addr_OBUF[31]_inst_i_11/O
                         net (fo=1, routed)           0.584     7.904    u_pc/data_sram_addr_OBUF[31]_inst_i_11_n_0
    SLICE_X15Y23                                                      r  u_pc/data_sram_addr_OBUF[31]_inst_i_7/I2
    SLICE_X15Y23         LUT6 (Prop_lut6_I2_O)        0.053     7.957 r  u_pc/data_sram_addr_OBUF[31]_inst_i_7/O
                         net (fo=2, routed)           0.590     8.548    u_pc/es_alu_op_reg[8]_8
    SLICE_X12Y25                                                      r  u_pc/data_sram_addr_OBUF[31]_inst_i_3/I1
    SLICE_X12Y25         LUT6 (Prop_lut6_I1_O)        0.053     8.601 r  u_pc/data_sram_addr_OBUF[31]_inst_i_3/O
                         net (fo=1, routed)           0.482     9.083    u_alu/ms_alu_result_reg[31]
    SLICE_X10Y25                                                      r  u_alu/data_sram_addr_OBUF[31]_inst_i_1/I2
    SLICE_X10Y25         LUT6 (Prop_lut6_I2_O)        0.053     9.136 r  u_alu/data_sram_addr_OBUF[31]_inst_i_1/O
                         net (fo=3, routed)           1.691    10.827    data_sram_addr_OBUF[31]
    P20                                                               r  data_sram_addr_OBUF[31]_inst/I
    P20                  OBUF (Prop_obuf_I_O)         2.484    13.311 r  data_sram_addr_OBUF[31]_inst/O
                         net (fo=0)                   0.000    13.311    data_sram_addr[31]
    P20                                                               r  data_sram_addr[31] (OUT)
  -------------------------------------------------------------------    -------------------

Slack:                    inf
  Source:                 es_src2_is_uimm_reg/C
                            (rising edge-triggered cell FDRE clocked by clk  {rise@0.000ns fall@5.000ns period=10.000ns})
  Destination:            data_sram_addr[3]
                            (output port)
  Path Group:             (none)
  Path Type:              Max at Slow Process Corner
  Data Path Delay:        8.937ns  (logic 3.045ns (34.076%)  route 5.892ns (65.924%))
  Logic Levels:           7  (LUT5=1 LUT6=5 OBUF=1)
  Clock Uncertainty:      0.025ns  ((TSJ^2 + TIJ^2)^1/2 + DJ) / 2 + PE
    Total System Jitter     (TSJ):    0.050ns
    Total Input Jitter      (TIJ):    0.000ns
    Discrete Jitter          (DJ):    0.000ns
    Phase Error              (PE):    0.000ns

    Location             Delay type                Incr(ns)  Path(ns)    Netlist Resource(s)
  -------------------------------------------------------------------    -------------------
                         (clock clk rise edge)        0.000     0.000 r  
    D23                                               0.000     0.000 r  clk (IN)
                         net (fo=0)                   0.000     0.000    clk
    D23                                                               r  clk_IBUF_inst/I
    D23                  IBUF (Prop_ibuf_I_O)         0.892     0.892 r  clk_IBUF_inst/O
                         net (fo=1, routed)           1.764     2.656    clk_IBUF
    BUFGCTRL_X0Y0                                                     r  clk_IBUF_BUFG_inst/I
    BUFGCTRL_X0Y0        BUFG (Prop_bufg_I_O)         0.120     2.776 r  clk_IBUF_BUFG_inst/O
                         net (fo=575, routed)         1.591     4.367    clk_IBUF_BUFG
    SLICE_X8Y15          FDRE                                         r  es_src2_is_uimm_reg/C
  -------------------------------------------------------------------    -------------------
    SLICE_X8Y15          FDRE (Prop_fdre_C_Q)         0.308     4.675 f  es_src2_is_uimm_reg/Q
                         net (fo=57, routed)          0.958     5.633    u_pc/es_src2_is_uimm
    SLICE_X13Y20                                                      f  u_pc/alu_result0_carry__4_i_11/I1
    SLICE_X13Y20         LUT5 (Prop_lut5_I1_O)        0.053     5.686 r  u_pc/alu_result0_carry__4_i_11/O
                         net (fo=10, routed)          0.922     6.608    u_pc/alu_src2[21]
    SLICE_X19Y15                                                      r  u_pc/data_sram_addr_OBUF[4]_inst_i_7/I1
    SLICE_X19Y15         LUT6 (Prop_lut6_I1_O)        0.053     6.661 r  u_pc/data_sram_addr_OBUF[4]_inst_i_7/O
                         net (fo=6, routed)           0.690     7.351    u_pc/data_sram_addr_OBUF[4]_inst_i_7_n_0
    SLICE_X18Y13                                                      r  u_pc/data_sram_addr_OBUF[2]_inst_i_4/I1
    SLICE_X18Y13         LUT6 (Prop_lut6_I1_O)        0.053     7.404 r  u_pc/data_sram_addr_OBUF[2]_inst_i_4/O
                         net (fo=2, routed)           0.465     7.869    u_pc/data_sram_addr_OBUF[2]_inst_i_4_n_0
    SLICE_X16Y13                                                      r  u_pc/data_sram_addr_OBUF[3]_inst_i_5/I0
    SLICE_X16Y13         LUT6 (Prop_lut6_I0_O)        0.053     7.922 r  u_pc/data_sram_addr_OBUF[3]_inst_i_5/O
                         net (fo=2, routed)           0.577     8.499    u_pc/data_sram_addr_OBUF[3]_inst_i_5_n_0
    SLICE_X13Y13                                                      r  u_pc/data_sram_addr_OBUF[3]_inst_i_2/I4
    SLICE_X13Y13         LUT6 (Prop_lut6_I4_O)        0.053     8.552 r  u_pc/data_sram_addr_OBUF[3]_inst_i_2/O
                         net (fo=1, routed)           0.353     8.905    u_alu/ms_alu_result_reg[3]
    SLICE_X9Y13                                                       r  u_alu/data_sram_addr_OBUF[3]_inst_i_1/I2
    SLICE_X9Y13          LUT6 (Prop_lut6_I2_O)        0.053     8.958 r  u_alu/data_sram_addr_OBUF[3]_inst_i_1/O
                         net (fo=3, routed)           1.927    10.885    data_sram_addr_OBUF[3]
    T17                                                               r  data_sram_addr_OBUF[3]_inst/I
    T17                  OBUF (Prop_obuf_I_O)         2.419    13.304 r  data_sram_addr_OBUF[3]_inst/O
                         net (fo=0)                   0.000    13.304    data_sram_addr[3]
    T17                                                               r  data_sram_addr[3] (OUT)
  -------------------------------------------------------------------    -------------------

Slack:                    inf
  Source:                 es_src2_is_imm_reg/C
                            (rising edge-triggered cell FDRE clocked by clk  {rise@0.000ns fall@5.000ns period=10.000ns})
  Destination:            data_sram_addr[26]
                            (output port)
  Path Group:             (none)
  Path Type:              Max at Slow Process Corner
  Data Path Delay:        8.844ns  (logic 3.198ns (36.162%)  route 5.646ns (63.838%))
  Logic Levels:           7  (LUT5=2 LUT6=4 OBUF=1)
  Clock Uncertainty:      0.025ns  ((TSJ^2 + TIJ^2)^1/2 + DJ) / 2 + PE
    Total System Jitter     (TSJ):    0.050ns
    Total Input Jitter      (TIJ):    0.000ns
    Discrete Jitter          (DJ):    0.000ns
    Phase Error              (PE):    0.000ns

    Location             Delay type                Incr(ns)  Path(ns)    Netlist Resource(s)
  -------------------------------------------------------------------    -------------------
                         (clock clk rise edge)        0.000     0.000 r  
    D23                                               0.000     0.000 r  clk (IN)
                         net (fo=0)                   0.000     0.000    clk
    D23                                                               r  clk_IBUF_inst/I
    D23                  IBUF (Prop_ibuf_I_O)         0.892     0.892 r  clk_IBUF_inst/O
                         net (fo=1, routed)           1.764     2.656    clk_IBUF
    BUFGCTRL_X0Y0                                                     r  clk_IBUF_BUFG_inst/I
    BUFGCTRL_X0Y0        BUFG (Prop_bufg_I_O)         0.120     2.776 r  clk_IBUF_BUFG_inst/O
                         net (fo=575, routed)         1.647     4.423    clk_IBUF_BUFG
    SLICE_X7Y16          FDRE                                         r  es_src2_is_imm_reg/C
  -------------------------------------------------------------------    -------------------
    SLICE_X7Y16          FDRE (Prop_fdre_C_Q)         0.269     4.692 r  es_src2_is_imm_reg/Q
                         net (fo=64, routed)          1.053     5.745    u_pc/es_src2_is_imm
    SLICE_X12Y23                                                      r  u_pc/alu_result0_carry__2_i_12/I3
    SLICE_X12Y23         LUT5 (Prop_lut5_I3_O)        0.053     5.798 r  u_pc/alu_result0_carry__2_i_12/O
                         net (fo=14, routed)          0.879     6.677    u_pc/alu_src2[12]
    SLICE_X15Y17                                                      r  u_pc/data_sram_addr_OBUF[27]_inst_i_16/I0
    SLICE_X15Y17         LUT5 (Prop_lut5_I0_O)        0.064     6.741 r  u_pc/data_sram_addr_OBUF[27]_inst_i_16/O
                         net (fo=4, routed)           0.718     7.459    u_pc/data_sram_addr_OBUF[27]_inst_i_16_n_0
    SLICE_X16Y21                                                      r  u_pc/data_sram_addr_OBUF[27]_inst_i_13/I0
    SLICE_X16Y21         LUT6 (Prop_lut6_I0_O)        0.170     7.629 r  u_pc/data_sram_addr_OBUF[27]_inst_i_13/O
                         net (fo=2, routed)           0.450     8.078    u_pc/data_sram_addr_OBUF[27]_inst_i_13_n_0
    SLICE_X14Y22                                                      r  u_pc/data_sram_addr_OBUF[26]_inst_i_5/I2
    SLICE_X14Y22         LUT6 (Prop_lut6_I2_O)        0.053     8.131 r  u_pc/data_sram_addr_OBUF[26]_inst_i_5/O
                         net (fo=2, routed)           0.332     8.464    u_pc/es_alu_op_reg[8]_1
    SLICE_X14Y24                                                      r  u_pc/data_sram_addr_OBUF[26]_inst_i_2/I0
    SLICE_X14Y24         LUT6 (Prop_lut6_I0_O)        0.053     8.517 r  u_pc/data_sram_addr_OBUF[26]_inst_i_2/O
                         net (fo=1, routed)           0.524     9.041    u_alu/ms_alu_result_reg[26]_0
    SLICE_X11Y24                                                      r  u_alu/data_sram_addr_OBUF[26]_inst_i_1/I1
    SLICE_X11Y24         LUT6 (Prop_lut6_I1_O)        0.053     9.094 r  u_alu/data_sram_addr_OBUF[26]_inst_i_1/O
                         net (fo=3, routed)           1.690    10.784    data_sram_addr_OBUF[26]
    N21                                                               r  data_sram_addr_OBUF[26]_inst/I
    N21                  OBUF (Prop_obuf_I_O)         2.483    13.267 r  data_sram_addr_OBUF[26]_inst/O
                         net (fo=0)                   0.000    13.267    data_sram_addr[26]
    N21                                                               r  data_sram_addr[26] (OUT)
  -------------------------------------------------------------------    -------------------

Slack:                    inf
  Source:                 es_src2_is_uimm_reg/C
                            (rising edge-triggered cell FDRE clocked by clk  {rise@0.000ns fall@5.000ns period=10.000ns})
  Destination:            data_sram_addr[14]
                            (output port)
  Path Group:             (none)
  Path Type:              Max at Slow Process Corner
  Data Path Delay:        8.890ns  (logic 3.067ns (34.497%)  route 5.823ns (65.503%))
  Logic Levels:           7  (LUT5=2 LUT6=4 OBUF=1)
  Clock Uncertainty:      0.025ns  ((TSJ^2 + TIJ^2)^1/2 + DJ) / 2 + PE
    Total System Jitter     (TSJ):    0.050ns
    Total Input Jitter      (TIJ):    0.000ns
    Discrete Jitter          (DJ):    0.000ns
    Phase Error              (PE):    0.000ns

    Location             Delay type                Incr(ns)  Path(ns)    Netlist Resource(s)
  -------------------------------------------------------------------    -------------------
                         (clock clk rise edge)        0.000     0.000 r  
    D23                                               0.000     0.000 r  clk (IN)
                         net (fo=0)                   0.000     0.000    clk
    D23                                                               r  clk_IBUF_inst/I
    D23                  IBUF (Prop_ibuf_I_O)         0.892     0.892 r  clk_IBUF_inst/O
                         net (fo=1, routed)           1.764     2.656    clk_IBUF
    BUFGCTRL_X0Y0                                                     r  clk_IBUF_BUFG_inst/I
    BUFGCTRL_X0Y0        BUFG (Prop_bufg_I_O)         0.120     2.776 r  clk_IBUF_BUFG_inst/O
                         net (fo=575, routed)         1.591     4.367    clk_IBUF_BUFG
    SLICE_X8Y15          FDRE                                         r  es_src2_is_uimm_reg/C
  -------------------------------------------------------------------    -------------------
    SLICE_X8Y15          FDRE (Prop_fdre_C_Q)         0.308     4.675 r  es_src2_is_uimm_reg/Q
                         net (fo=57, routed)          0.817     5.492    u_pc/es_src2_is_uimm
    SLICE_X5Y18                                                       r  u_pc/alu_result0_carry__0_i_9/I2
    SLICE_X5Y18          LUT5 (Prop_lut5_I2_O)        0.053     5.545 r  u_pc/alu_result0_carry__0_i_9/O
                         net (fo=13, routed)          1.009     6.554    u_pc/alu_src2[7]
    SLICE_X15Y15                                                      r  u_pc/data_sram_addr_OBUF[14]_inst_i_15/I0
    SLICE_X15Y15         LUT6 (Prop_lut6_I0_O)        0.053     6.607 r  u_pc/data_sram_addr_OBUF[14]_inst_i_15/O
                         net (fo=5, routed)           0.729     7.336    u_pc/data_sram_addr_OBUF[14]_inst_i_15_n_0
    SLICE_X18Y17                                                      r  u_pc/data_sram_addr_OBUF[14]_inst_i_9/I0
    SLICE_X18Y17         LUT5 (Prop_lut5_I0_O)        0.053     7.389 r  u_pc/data_sram_addr_OBUF[14]_inst_i_9/O
                         net (fo=2, routed)           0.491     7.880    u_pc/data_sram_addr_OBUF[14]_inst_i_9_n_0
    SLICE_X14Y16                                                      r  u_pc/data_sram_addr_OBUF[14]_inst_i_5/I3
    SLICE_X14Y16         LUT6 (Prop_lut6_I3_O)        0.053     7.933 r  u_pc/data_sram_addr_OBUF[14]_inst_i_5/O
                         net (fo=1, routed)           0.276     8.209    u_pc/data_sram_addr_OBUF[14]_inst_i_5_n_0
    SLICE_X15Y16                                                      r  u_pc/data_sram_addr_OBUF[14]_inst_i_2/I0
    SLICE_X15Y16         LUT6 (Prop_lut6_I0_O)        0.053     8.262 r  u_pc/data_sram_addr_OBUF[14]_inst_i_2/O
                         net (fo=1, routed)           0.648     8.909    u_alu/ms_alu_result_reg[14]
    SLICE_X6Y16                                                       r  u_alu/data_sram_addr_OBUF[14]_inst_i_1/I1
    SLICE_X6Y16          LUT6 (Prop_lut6_I1_O)        0.053     8.962 r  u_alu/data_sram_addr_OBUF[14]_inst_i_1/O
                         net (fo=5, routed)           1.854    10.816    data_sram_addr_OBUF[14]
    U19                                                               r  data_sram_addr_OBUF[14]_inst/I
    U19                  OBUF (Prop_obuf_I_O)         2.441    13.257 r  data_sram_addr_OBUF[14]_inst/O
                         net (fo=0)                   0.000    13.257    data_sram_addr[14]
    U19                                                               r  data_sram_addr[14] (OUT)
  -------------------------------------------------------------------    -------------------

Slack:                    inf
  Source:                 es_src1_is_pc_reg/C
                            (rising edge-triggered cell FDRE clocked by clk  {rise@0.000ns fall@5.000ns period=10.000ns})
  Destination:            data_sram_addr[22]
                            (output port)
  Path Group:             (none)
  Path Type:              Max at Slow Process Corner
  Data Path Delay:        8.815ns  (logic 3.058ns (34.692%)  route 5.757ns (65.308%))
  Logic Levels:           7  (LUT5=2 LUT6=4 OBUF=1)
  Clock Uncertainty:      0.025ns  ((TSJ^2 + TIJ^2)^1/2 + DJ) / 2 + PE
    Total System Jitter     (TSJ):    0.050ns
    Total Input Jitter      (TIJ):    0.000ns
    Discrete Jitter          (DJ):    0.000ns
    Phase Error              (PE):    0.000ns

    Location             Delay type                Incr(ns)  Path(ns)    Netlist Resource(s)
  -------------------------------------------------------------------    -------------------
                         (clock clk rise edge)        0.000     0.000 r  
    D23                                               0.000     0.000 r  clk (IN)
                         net (fo=0)                   0.000     0.000    clk
    D23                                                               r  clk_IBUF_inst/I
    D23                  IBUF (Prop_ibuf_I_O)         0.892     0.892 r  clk_IBUF_inst/O
                         net (fo=1, routed)           1.764     2.656    clk_IBUF
    BUFGCTRL_X0Y0                                                     r  clk_IBUF_BUFG_inst/I
    BUFGCTRL_X0Y0        BUFG (Prop_bufg_I_O)         0.120     2.776 r  clk_IBUF_BUFG_inst/O
                         net (fo=575, routed)         1.646     4.422    clk_IBUF_BUFG
    SLICE_X7Y17          FDRE                                         r  es_src1_is_pc_reg/C
  -------------------------------------------------------------------    -------------------
    SLICE_X7Y17          FDRE (Prop_fdre_C_Q)         0.269     4.691 r  es_src1_is_pc_reg/Q
                         net (fo=221, routed)         0.921     5.612    u_pc/es_src2_is_4
    SLICE_X11Y16                                                      r  u_pc/alu_result0_carry_i_2/I0
    SLICE_X11Y16         LUT5 (Prop_lut5_I0_O)        0.053     5.665 r  u_pc/alu_result0_carry_i_2/O
                         net (fo=130, routed)         1.131     6.795    u_pc/es_pc_reg[15][2]
    SLICE_X19Y20                                                      r  u_pc/data_sram_addr_OBUF[24]_inst_i_12/I1
    SLICE_X19Y20         LUT6 (Prop_lut6_I1_O)        0.053     6.848 r  u_pc/data_sram_addr_OBUF[24]_inst_i_12/O
                         net (fo=4, routed)           0.495     7.343    u_pc/data_sram_addr_OBUF[24]_inst_i_12_n_0
    SLICE_X18Y20                                                      r  u_pc/data_sram_addr_OBUF[22]_inst_i_8/I0
    SLICE_X18Y20         LUT5 (Prop_lut5_I0_O)        0.053     7.396 r  u_pc/data_sram_addr_OBUF[22]_inst_i_8/O
                         net (fo=2, routed)           0.240     7.636    u_pc/data_sram_addr_OBUF[22]_inst_i_8_n_0
    SLICE_X18Y21                                                      r  u_pc/data_sram_addr_OBUF[22]_inst_i_4/I3
    SLICE_X18Y21         LUT6 (Prop_lut6_I3_O)        0.053     7.689 r  u_pc/data_sram_addr_OBUF[22]_inst_i_4/O
                         net (fo=1, routed)           0.569     8.257    u_pc/data_sram_addr_OBUF[22]_inst_i_4_n_0
    SLICE_X16Y21                                                      r  u_pc/data_sram_addr_OBUF[22]_inst_i_2/I2
    SLICE_X16Y21         LUT6 (Prop_lut6_I2_O)        0.053     8.310 r  u_pc/data_sram_addr_OBUF[22]_inst_i_2/O
                         net (fo=1, routed)           0.546     8.856    u_alu/ms_alu_result_reg[22]
    SLICE_X11Y22                                                      r  u_alu/data_sram_addr_OBUF[22]_inst_i_1/I2
    SLICE_X11Y22         LUT6 (Prop_lut6_I2_O)        0.053     8.909 r  u_alu/data_sram_addr_OBUF[22]_inst_i_1/O
                         net (fo=5, routed)           1.856    10.766    data_sram_addr_OBUF[22]
    R22                                                               r  data_sram_addr_OBUF[22]_inst/I
    R22                  OBUF (Prop_obuf_I_O)         2.471    13.237 r  data_sram_addr_OBUF[22]_inst/O
                         net (fo=0)                   0.000    13.237    data_sram_addr[22]
    R22                                                               r  data_sram_addr[22] (OUT)
  -------------------------------------------------------------------    -------------------

Slack:                    inf
  Source:                 es_src1_is_pc_reg/C
                            (rising edge-triggered cell FDRE clocked by clk  {rise@0.000ns fall@5.000ns period=10.000ns})
  Destination:            data_sram_addr[19]
                            (output port)
  Path Group:             (none)
  Path Type:              Max at Slow Process Corner
  Data Path Delay:        8.813ns  (logic 3.059ns (34.711%)  route 5.754ns (65.289%))
  Logic Levels:           7  (LUT5=2 LUT6=4 OBUF=1)
  Clock Uncertainty:      0.025ns  ((TSJ^2 + TIJ^2)^1/2 + DJ) / 2 + PE
    Total System Jitter     (TSJ):    0.050ns
    Total Input Jitter      (TIJ):    0.000ns
    Discrete Jitter          (DJ):    0.000ns
    Phase Error              (PE):    0.000ns

    Location             Delay type                Incr(ns)  Path(ns)    Netlist Resource(s)
  -------------------------------------------------------------------    -------------------
                         (clock clk rise edge)        0.000     0.000 r  
    D23                                               0.000     0.000 r  clk (IN)
                         net (fo=0)                   0.000     0.000    clk
    D23                                                               r  clk_IBUF_inst/I
    D23                  IBUF (Prop_ibuf_I_O)         0.892     0.892 r  clk_IBUF_inst/O
                         net (fo=1, routed)           1.764     2.656    clk_IBUF
    BUFGCTRL_X0Y0                                                     r  clk_IBUF_BUFG_inst/I
    BUFGCTRL_X0Y0        BUFG (Prop_bufg_I_O)         0.120     2.776 r  clk_IBUF_BUFG_inst/O
                         net (fo=575, routed)         1.646     4.422    clk_IBUF_BUFG
    SLICE_X7Y17          FDRE                                         r  es_src1_is_pc_reg/C
  -------------------------------------------------------------------    -------------------
    SLICE_X7Y17          FDRE (Prop_fdre_C_Q)         0.269     4.691 f  es_src1_is_pc_reg/Q
                         net (fo=221, routed)         1.062     5.753    u_pc/es_src2_is_4
    SLICE_X14Y20                                                      f  u_pc/alu_result0_carry__5_i_9/I2
    SLICE_X14Y20         LUT5 (Prop_lut5_I2_O)        0.053     5.806 r  u_pc/alu_result0_carry__5_i_9/O
                         net (fo=14, routed)          0.930     6.737    u_pc/alu_src2[27]
    SLICE_X19Y16                                                      r  u_pc/data_sram_addr_OBUF[19]_inst_i_13/I0
    SLICE_X19Y16         LUT5 (Prop_lut5_I0_O)        0.053     6.790 r  u_pc/data_sram_addr_OBUF[19]_inst_i_13/O
                         net (fo=4, routed)           0.522     7.311    u_pc/data_sram_addr_OBUF[19]_inst_i_13_n_0
    SLICE_X19Y17                                                      r  u_pc/data_sram_addr_OBUF[19]_inst_i_8/I5
    SLICE_X19Y17         LUT6 (Prop_lut6_I5_O)        0.053     7.364 r  u_pc/data_sram_addr_OBUF[19]_inst_i_8/O
                         net (fo=2, routed)           0.313     7.677    u_pc/data_sram_addr_OBUF[19]_inst_i_8_n_0
    SLICE_X15Y17                                                      r  u_pc/data_sram_addr_OBUF[19]_inst_i_4/I3
    SLICE_X15Y17         LUT6 (Prop_lut6_I3_O)        0.053     7.730 r  u_pc/data_sram_addr_OBUF[19]_inst_i_4/O
                         net (fo=1, routed)           0.443     8.173    u_pc/data_sram_addr_OBUF[19]_inst_i_4_n_0
    SLICE_X15Y19                                                      r  u_pc/data_sram_addr_OBUF[19]_inst_i_2/I2
    SLICE_X15Y19         LUT6 (Prop_lut6_I2_O)        0.053     8.226 r  u_pc/data_sram_addr_OBUF[19]_inst_i_2/O
                         net (fo=1, routed)           0.470     8.695    u_alu/ms_alu_result_reg[19]
    SLICE_X10Y21                                                      r  u_alu/data_sram_addr_OBUF[19]_inst_i_1/I2
    SLICE_X10Y21         LUT6 (Prop_lut6_I2_O)        0.053     8.748 r  u_alu/data_sram_addr_OBUF[19]_inst_i_1/O
                         net (fo=5, routed)           2.014    10.763    data_sram_addr_OBUF[19]
    T25                                                               r  data_sram_addr_OBUF[19]_inst/I
    T25                  OBUF (Prop_obuf_I_O)         2.472    13.235 r  data_sram_addr_OBUF[19]_inst/O
                         net (fo=0)                   0.000    13.235    data_sram_addr[19]
    T25                                                               r  data_sram_addr[19] (OUT)
  -------------------------------------------------------------------    -------------------





Min Delay Paths
--------------------------------------------------------------------------------------
Slack:                    inf
  Source:                 u_pc/pc_reg[18]/C
                            (rising edge-triggered cell FDSE clocked by clk  {rise@0.000ns fall@5.000ns period=10.000ns})
  Destination:            inst_sram_addr[18]
                            (output port)
  Path Group:             (none)
  Path Type:              Min at Fast Process Corner
  Data Path Delay:        1.843ns  (logic 1.387ns (75.286%)  route 0.455ns (24.714%))
  Logic Levels:           1  (OBUF=1)
  Clock Uncertainty:      0.025ns  ((TSJ^2 + TIJ^2)^1/2 + DJ) / 2 + PE
    Total System Jitter     (TSJ):    0.050ns
    Total Input Jitter      (TIJ):    0.000ns
    Discrete Jitter          (DJ):    0.000ns
    Phase Error              (PE):    0.000ns

    Location             Delay type                Incr(ns)  Path(ns)    Netlist Resource(s)
  -------------------------------------------------------------------    -------------------
                         (clock clk rise edge)        0.000     0.000 r  
    D23                                               0.000     0.000 r  clk (IN)
                         net (fo=0)                   0.000     0.000    clk
    D23                                                               r  clk_IBUF_inst/I
    D23                  IBUF (Prop_ibuf_I_O)         0.155     0.155 r  clk_IBUF_inst/O
                         net (fo=1, routed)           0.676     0.831    clk_IBUF
    BUFGCTRL_X0Y0                                                     r  clk_IBUF_BUFG_inst/I
    BUFGCTRL_X0Y0        BUFG (Prop_bufg_I_O)         0.026     0.857 r  clk_IBUF_BUFG_inst/O
                         net (fo=575, routed)         0.621     1.478    u_pc/clk_IBUF_BUFG
    SLICE_X1Y24          FDSE                                         r  u_pc/pc_reg[18]/C
  -------------------------------------------------------------------    -------------------
    SLICE_X1Y24          FDSE (Prop_fdse_C_Q)         0.100     1.578 r  u_pc/pc_reg[18]/Q
                         net (fo=3, routed)           0.455     2.034    inst_sram_addr_OBUF[18]
    N19                                                               r  inst_sram_addr_OBUF[18]_inst/I
    N19                  OBUF (Prop_obuf_I_O)         1.287     3.321 r  inst_sram_addr_OBUF[18]_inst/O
                         net (fo=0)                   0.000     3.321    inst_sram_addr[18]
    N19                                                               r  inst_sram_addr[18] (OUT)
  -------------------------------------------------------------------    -------------------

Slack:                    inf
  Source:                 u_pc/pc_reg[14]/C
                            (rising edge-triggered cell FDSE clocked by clk  {rise@0.000ns fall@5.000ns period=10.000ns})
  Destination:            inst_sram_addr[14]
                            (output port)
  Path Group:             (none)
  Path Type:              Min at Fast Process Corner
  Data Path Delay:        1.868ns  (logic 1.410ns (75.488%)  route 0.458ns (24.512%))
  Logic Levels:           1  (OBUF=1)
  Clock Uncertainty:      0.025ns  ((TSJ^2 + TIJ^2)^1/2 + DJ) / 2 + PE
    Total System Jitter     (TSJ):    0.050ns
    Total Input Jitter      (TIJ):    0.000ns
    Discrete Jitter          (DJ):    0.000ns
    Phase Error              (PE):    0.000ns

    Location             Delay type                Incr(ns)  Path(ns)    Netlist Resource(s)
  -------------------------------------------------------------------    -------------------
                         (clock clk rise edge)        0.000     0.000 r  
    D23                                               0.000     0.000 r  clk (IN)
                         net (fo=0)                   0.000     0.000    clk
    D23                                                               r  clk_IBUF_inst/I
    D23                  IBUF (Prop_ibuf_I_O)         0.155     0.155 r  clk_IBUF_inst/O
                         net (fo=1, routed)           0.676     0.831    clk_IBUF
    BUFGCTRL_X0Y0                                                     r  clk_IBUF_BUFG_inst/I
    BUFGCTRL_X0Y0        BUFG (Prop_bufg_I_O)         0.026     0.857 r  clk_IBUF_BUFG_inst/O
                         net (fo=575, routed)         0.622     1.479    u_pc/clk_IBUF_BUFG
    SLICE_X1Y23          FDSE                                         r  u_pc/pc_reg[14]/C
  -------------------------------------------------------------------    -------------------
    SLICE_X1Y23          FDSE (Prop_fdse_C_Q)         0.100     1.579 r  u_pc/pc_reg[14]/Q
                         net (fo=3, routed)           0.458     2.037    inst_sram_addr_OBUF[14]
    P19                                                               r  inst_sram_addr_OBUF[14]_inst/I
    P19                  OBUF (Prop_obuf_I_O)         1.310     3.347 r  inst_sram_addr_OBUF[14]_inst/O
                         net (fo=0)                   0.000     3.347    inst_sram_addr[14]
    P19                                                               r  inst_sram_addr[14] (OUT)
  -------------------------------------------------------------------    -------------------

Slack:                    inf
  Source:                 u_pc/pc_reg[17]/C
                            (rising edge-triggered cell FDSE clocked by clk  {rise@0.000ns fall@5.000ns period=10.000ns})
  Destination:            inst_sram_addr[17]
                            (output port)
  Path Group:             (none)
  Path Type:              Min at Fast Process Corner
  Data Path Delay:        1.891ns  (logic 1.393ns (73.694%)  route 0.497ns (26.306%))
  Logic Levels:           1  (OBUF=1)
  Clock Uncertainty:      0.025ns  ((TSJ^2 + TIJ^2)^1/2 + DJ) / 2 + PE
    Total System Jitter     (TSJ):    0.050ns
    Total Input Jitter      (TIJ):    0.000ns
    Discrete Jitter          (DJ):    0.000ns
    Phase Error              (PE):    0.000ns

    Location             Delay type                Incr(ns)  Path(ns)    Netlist Resource(s)
  -------------------------------------------------------------------    -------------------
                         (clock clk rise edge)        0.000     0.000 r  
    D23                                               0.000     0.000 r  clk (IN)
                         net (fo=0)                   0.000     0.000    clk
    D23                                                               r  clk_IBUF_inst/I
    D23                  IBUF (Prop_ibuf_I_O)         0.155     0.155 r  clk_IBUF_inst/O
                         net (fo=1, routed)           0.676     0.831    clk_IBUF
    BUFGCTRL_X0Y0                                                     r  clk_IBUF_BUFG_inst/I
    BUFGCTRL_X0Y0        BUFG (Prop_bufg_I_O)         0.026     0.857 r  clk_IBUF_BUFG_inst/O
                         net (fo=575, routed)         0.621     1.478    u_pc/clk_IBUF_BUFG
    SLICE_X1Y24          FDSE                                         r  u_pc/pc_reg[17]/C
  -------------------------------------------------------------------    -------------------
    SLICE_X1Y24          FDSE (Prop_fdse_C_Q)         0.100     1.578 r  u_pc/pc_reg[17]/Q
                         net (fo=3, routed)           0.497     2.076    inst_sram_addr_OBUF[17]
    M20                                                               r  inst_sram_addr_OBUF[17]_inst/I
    M20                  OBUF (Prop_obuf_I_O)         1.293     3.369 r  inst_sram_addr_OBUF[17]_inst/O
                         net (fo=0)                   0.000     3.369    inst_sram_addr[17]
    M20                                                               r  inst_sram_addr[17] (OUT)
  -------------------------------------------------------------------    -------------------

Slack:                    inf
  Source:                 u_pc/pc_reg[19]/C
                            (rising edge-triggered cell FDSE clocked by clk  {rise@0.000ns fall@5.000ns period=10.000ns})
  Destination:            inst_sram_addr[19]
                            (output port)
  Path Group:             (none)
  Path Type:              Min at Fast Process Corner
  Data Path Delay:        1.908ns  (logic 1.406ns (73.699%)  route 0.502ns (26.301%))
  Logic Levels:           1  (OBUF=1)
  Clock Uncertainty:      0.025ns  ((TSJ^2 + TIJ^2)^1/2 + DJ) / 2 + PE
    Total System Jitter     (TSJ):    0.050ns
    Total Input Jitter      (TIJ):    0.000ns
    Discrete Jitter          (DJ):    0.000ns
    Phase Error              (PE):    0.000ns

    Location             Delay type                Incr(ns)  Path(ns)    Netlist Resource(s)
  -------------------------------------------------------------------    -------------------
                         (clock clk rise edge)        0.000     0.000 r  
    D23                                               0.000     0.000 r  clk (IN)
                         net (fo=0)                   0.000     0.000    clk
    D23                                                               r  clk_IBUF_inst/I
    D23                  IBUF (Prop_ibuf_I_O)         0.155     0.155 r  clk_IBUF_inst/O
                         net (fo=1, routed)           0.676     0.831    clk_IBUF
    BUFGCTRL_X0Y0                                                     r  clk_IBUF_BUFG_inst/I
    BUFGCTRL_X0Y0        BUFG (Prop_bufg_I_O)         0.026     0.857 r  clk_IBUF_BUFG_inst/O
                         net (fo=575, routed)         0.621     1.478    u_pc/clk_IBUF_BUFG
    SLICE_X1Y24          FDSE                                         r  u_pc/pc_reg[19]/C
  -------------------------------------------------------------------    -------------------
    SLICE_X1Y24          FDSE (Prop_fdse_C_Q)         0.100     1.578 r  u_pc/pc_reg[19]/Q
                         net (fo=3, routed)           0.502     2.080    inst_sram_addr_OBUF[19]
    P25                                                               r  inst_sram_addr_OBUF[19]_inst/I
    P25                  OBUF (Prop_obuf_I_O)         1.306     3.386 r  inst_sram_addr_OBUF[19]_inst/O
                         net (fo=0)                   0.000     3.386    inst_sram_addr[19]
    P25                                                               r  inst_sram_addr[19] (OUT)
  -------------------------------------------------------------------    -------------------

Slack:                    inf
  Source:                 u_pc/pc_reg[16]/C
                            (rising edge-triggered cell FDSE clocked by clk  {rise@0.000ns fall@5.000ns period=10.000ns})
  Destination:            inst_sram_addr[16]
                            (output port)
  Path Group:             (none)
  Path Type:              Min at Fast Process Corner
  Data Path Delay:        1.917ns  (logic 1.417ns (73.891%)  route 0.501ns (26.109%))
  Logic Levels:           1  (OBUF=1)
  Clock Uncertainty:      0.025ns  ((TSJ^2 + TIJ^2)^1/2 + DJ) / 2 + PE
    Total System Jitter     (TSJ):    0.050ns
    Total Input Jitter      (TIJ):    0.000ns
    Discrete Jitter          (DJ):    0.000ns
    Phase Error              (PE):    0.000ns

    Location             Delay type                Incr(ns)  Path(ns)    Netlist Resource(s)
  -------------------------------------------------------------------    -------------------
                         (clock clk rise edge)        0.000     0.000 r  
    D23                                               0.000     0.000 r  clk (IN)
                         net (fo=0)                   0.000     0.000    clk
    D23                                                               r  clk_IBUF_inst/I
    D23                  IBUF (Prop_ibuf_I_O)         0.155     0.155 r  clk_IBUF_inst/O
                         net (fo=1, routed)           0.676     0.831    clk_IBUF
    BUFGCTRL_X0Y0                                                     r  clk_IBUF_BUFG_inst/I
    BUFGCTRL_X0Y0        BUFG (Prop_bufg_I_O)         0.026     0.857 r  clk_IBUF_BUFG_inst/O
                         net (fo=575, routed)         0.622     1.479    u_pc/clk_IBUF_BUFG
    SLICE_X1Y23          FDSE                                         r  u_pc/pc_reg[16]/C
  -------------------------------------------------------------------    -------------------
    SLICE_X1Y23          FDSE (Prop_fdse_C_Q)         0.100     1.579 r  u_pc/pc_reg[16]/Q
                         net (fo=3, routed)           0.501     2.080    inst_sram_addr_OBUF[16]
    M24                                                               r  inst_sram_addr_OBUF[16]_inst/I
    M24                  OBUF (Prop_obuf_I_O)         1.317     3.396 r  inst_sram_addr_OBUF[16]_inst/O
                         net (fo=0)                   0.000     3.396    inst_sram_addr[16]
    M24                                                               r  inst_sram_addr[16] (OUT)
  -------------------------------------------------------------------    -------------------

Slack:                    inf
  Source:                 u_pc/pc_reg[22]/C
                            (rising edge-triggered cell FDRE clocked by clk  {rise@0.000ns fall@5.000ns period=10.000ns})
  Destination:            inst_sram_addr[22]
                            (output port)
  Path Group:             (none)
  Path Type:              Min at Fast Process Corner
  Data Path Delay:        1.919ns  (logic 1.419ns (73.917%)  route 0.501ns (26.083%))
  Logic Levels:           1  (OBUF=1)
  Clock Uncertainty:      0.025ns  ((TSJ^2 + TIJ^2)^1/2 + DJ) / 2 + PE
    Total System Jitter     (TSJ):    0.050ns
    Total Input Jitter      (TIJ):    0.000ns
    Discrete Jitter          (DJ):    0.000ns
    Phase Error              (PE):    0.000ns

    Location             Delay type                Incr(ns)  Path(ns)    Netlist Resource(s)
  -------------------------------------------------------------------    -------------------
                         (clock clk rise edge)        0.000     0.000 r  
    D23                                               0.000     0.000 r  clk (IN)
                         net (fo=0)                   0.000     0.000    clk
    D23                                                               r  clk_IBUF_inst/I
    D23                  IBUF (Prop_ibuf_I_O)         0.155     0.155 r  clk_IBUF_inst/O
                         net (fo=1, routed)           0.676     0.831    clk_IBUF
    BUFGCTRL_X0Y0                                                     r  clk_IBUF_BUFG_inst/I
    BUFGCTRL_X0Y0        BUFG (Prop_bufg_I_O)         0.026     0.857 r  clk_IBUF_BUFG_inst/O
                         net (fo=575, routed)         0.621     1.478    u_pc/clk_IBUF_BUFG
    SLICE_X1Y25          FDRE                                         r  u_pc/pc_reg[22]/C
  -------------------------------------------------------------------    -------------------
    SLICE_X1Y25          FDRE (Prop_fdre_C_Q)         0.100     1.578 r  u_pc/pc_reg[22]/Q
                         net (fo=3, routed)           0.501     2.079    inst_sram_addr_OBUF[22]
    N26                                                               r  inst_sram_addr_OBUF[22]_inst/I
    N26                  OBUF (Prop_obuf_I_O)         1.319     3.398 r  inst_sram_addr_OBUF[22]_inst/O
                         net (fo=0)                   0.000     3.398    inst_sram_addr[22]
    N26                                                               r  inst_sram_addr[22] (OUT)
  -------------------------------------------------------------------    -------------------

Slack:                    inf
  Source:                 u_pc/pc_reg[21]/C
                            (rising edge-triggered cell FDSE clocked by clk  {rise@0.000ns fall@5.000ns period=10.000ns})
  Destination:            inst_sram_addr[21]
                            (output port)
  Path Group:             (none)
  Path Type:              Min at Fast Process Corner
  Data Path Delay:        1.933ns  (logic 1.425ns (73.723%)  route 0.508ns (26.277%))
  Logic Levels:           1  (OBUF=1)
  Clock Uncertainty:      0.025ns  ((TSJ^2 + TIJ^2)^1/2 + DJ) / 2 + PE
    Total System Jitter     (TSJ):    0.050ns
    Total Input Jitter      (TIJ):    0.000ns
    Discrete Jitter          (DJ):    0.000ns
    Phase Error              (PE):    0.000ns

    Location             Delay type                Incr(ns)  Path(ns)    Netlist Resource(s)
  -------------------------------------------------------------------    -------------------
                         (clock clk rise edge)        0.000     0.000 r  
    D23                                               0.000     0.000 r  clk (IN)
                         net (fo=0)                   0.000     0.000    clk
    D23                                                               r  clk_IBUF_inst/I
    D23                  IBUF (Prop_ibuf_I_O)         0.155     0.155 r  clk_IBUF_inst/O
                         net (fo=1, routed)           0.676     0.831    clk_IBUF
    BUFGCTRL_X0Y0                                                     r  clk_IBUF_BUFG_inst/I
    BUFGCTRL_X0Y0        BUFG (Prop_bufg_I_O)         0.026     0.857 r  clk_IBUF_BUFG_inst/O
                         net (fo=575, routed)         0.621     1.478    u_pc/clk_IBUF_BUFG
    SLICE_X1Y25          FDSE                                         r  u_pc/pc_reg[21]/C
  -------------------------------------------------------------------    -------------------
    SLICE_X1Y25          FDSE (Prop_fdse_C_Q)         0.100     1.578 r  u_pc/pc_reg[21]/Q
                         net (fo=3, routed)           0.508     2.086    inst_sram_addr_OBUF[21]
    M26                                                               r  inst_sram_addr_OBUF[21]_inst/I
    M26                  OBUF (Prop_obuf_I_O)         1.325     3.412 r  inst_sram_addr_OBUF[21]_inst/O
                         net (fo=0)                   0.000     3.412    inst_sram_addr[21]
    M26                                                               r  inst_sram_addr[21] (OUT)
  -------------------------------------------------------------------    -------------------

Slack:                    inf
  Source:                 u_pc/pc_reg[15]/C
                            (rising edge-triggered cell FDSE clocked by clk  {rise@0.000ns fall@5.000ns period=10.000ns})
  Destination:            inst_sram_addr[15]
                            (output port)
  Path Group:             (none)
  Path Type:              Min at Fast Process Corner
  Data Path Delay:        1.934ns  (logic 1.429ns (73.885%)  route 0.505ns (26.115%))
  Logic Levels:           1  (OBUF=1)
  Clock Uncertainty:      0.025ns  ((TSJ^2 + TIJ^2)^1/2 + DJ) / 2 + PE
    Total System Jitter     (TSJ):    0.050ns
    Total Input Jitter      (TIJ):    0.000ns
    Discrete Jitter          (DJ):    0.000ns
    Phase Error              (PE):    0.000ns

    Location             Delay type                Incr(ns)  Path(ns)    Netlist Resource(s)
  -------------------------------------------------------------------    -------------------
                         (clock clk rise edge)        0.000     0.000 r  
    D23                                               0.000     0.000 r  clk (IN)
                         net (fo=0)                   0.000     0.000    clk
    D23                                                               r  clk_IBUF_inst/I
    D23                  IBUF (Prop_ibuf_I_O)         0.155     0.155 r  clk_IBUF_inst/O
                         net (fo=1, routed)           0.676     0.831    clk_IBUF
    BUFGCTRL_X0Y0                                                     r  clk_IBUF_BUFG_inst/I
    BUFGCTRL_X0Y0        BUFG (Prop_bufg_I_O)         0.026     0.857 r  clk_IBUF_BUFG_inst/O
                         net (fo=575, routed)         0.622     1.479    u_pc/clk_IBUF_BUFG
    SLICE_X1Y23          FDSE                                         r  u_pc/pc_reg[15]/C
  -------------------------------------------------------------------    -------------------
    SLICE_X1Y23          FDSE (Prop_fdse_C_Q)         0.100     1.579 r  u_pc/pc_reg[15]/Q
                         net (fo=3, routed)           0.505     2.084    inst_sram_addr_OBUF[15]
    L24                                                               r  inst_sram_addr_OBUF[15]_inst/I
    L24                  OBUF (Prop_obuf_I_O)         1.329     3.414 r  inst_sram_addr_OBUF[15]_inst/O
                         net (fo=0)                   0.000     3.414    inst_sram_addr[15]
    L24                                                               r  inst_sram_addr[15] (OUT)
  -------------------------------------------------------------------    -------------------

Slack:                    inf
  Source:                 u_pc/pc_reg[26]/C
                            (rising edge-triggered cell FDSE clocked by clk  {rise@0.000ns fall@5.000ns period=10.000ns})
  Destination:            inst_sram_addr[26]
                            (output port)
  Path Group:             (none)
  Path Type:              Min at Fast Process Corner
  Data Path Delay:        1.946ns  (logic 1.430ns (73.520%)  route 0.515ns (26.480%))
  Logic Levels:           1  (OBUF=1)
  Clock Uncertainty:      0.025ns  ((TSJ^2 + TIJ^2)^1/2 + DJ) / 2 + PE
    Total System Jitter     (TSJ):    0.050ns
    Total Input Jitter      (TIJ):    0.000ns
    Discrete Jitter          (DJ):    0.000ns
    Phase Error              (PE):    0.000ns

    Location             Delay type                Incr(ns)  Path(ns)    Netlist Resource(s)
  -------------------------------------------------------------------    -------------------
                         (clock clk rise edge)        0.000     0.000 r  
    D23                                               0.000     0.000 r  clk (IN)
                         net (fo=0)                   0.000     0.000    clk
    D23                                                               r  clk_IBUF_inst/I
    D23                  IBUF (Prop_ibuf_I_O)         0.155     0.155 r  clk_IBUF_inst/O
                         net (fo=1, routed)           0.676     0.831    clk_IBUF
    BUFGCTRL_X0Y0                                                     r  clk_IBUF_BUFG_inst/I
    BUFGCTRL_X0Y0        BUFG (Prop_bufg_I_O)         0.026     0.857 r  clk_IBUF_BUFG_inst/O
                         net (fo=575, routed)         0.622     1.479    u_pc/clk_IBUF_BUFG
    SLICE_X1Y26          FDSE                                         r  u_pc/pc_reg[26]/C
  -------------------------------------------------------------------    -------------------
    SLICE_X1Y26          FDSE (Prop_fdse_C_Q)         0.100     1.579 r  u_pc/pc_reg[26]/Q
                         net (fo=3, routed)           0.515     2.095    inst_sram_addr_OBUF[26]
    M25                                                               r  inst_sram_addr_OBUF[26]_inst/I
    M25                  OBUF (Prop_obuf_I_O)         1.330     3.425 r  inst_sram_addr_OBUF[26]_inst/O
                         net (fo=0)                   0.000     3.425    inst_sram_addr[26]
    M25                                                               r  inst_sram_addr[26] (OUT)
  -------------------------------------------------------------------    -------------------

Slack:                    inf
  Source:                 u_pc/pc_reg[24]/C
                            (rising edge-triggered cell FDSE clocked by clk  {rise@0.000ns fall@5.000ns period=10.000ns})
  Destination:            inst_sram_addr[24]
                            (output port)
  Path Group:             (none)
  Path Type:              Min at Fast Process Corner
  Data Path Delay:        1.959ns  (logic 1.397ns (71.329%)  route 0.562ns (28.671%))
  Logic Levels:           1  (OBUF=1)
  Clock Uncertainty:      0.025ns  ((TSJ^2 + TIJ^2)^1/2 + DJ) / 2 + PE
    Total System Jitter     (TSJ):    0.050ns
    Total Input Jitter      (TIJ):    0.000ns
    Discrete Jitter          (DJ):    0.000ns
    Phase Error              (PE):    0.000ns

    Location             Delay type                Incr(ns)  Path(ns)    Netlist Resource(s)
  -------------------------------------------------------------------    -------------------
                         (clock clk rise edge)        0.000     0.000 r  
    D23                                               0.000     0.000 r  clk (IN)
                         net (fo=0)                   0.000     0.000    clk
    D23                                                               r  clk_IBUF_inst/I
    D23                  IBUF (Prop_ibuf_I_O)         0.155     0.155 r  clk_IBUF_inst/O
                         net (fo=1, routed)           0.676     0.831    clk_IBUF
    BUFGCTRL_X0Y0                                                     r  clk_IBUF_BUFG_inst/I
    BUFGCTRL_X0Y0        BUFG (Prop_bufg_I_O)         0.026     0.857 r  clk_IBUF_BUFG_inst/O
                         net (fo=575, routed)         0.621     1.478    u_pc/clk_IBUF_BUFG
    SLICE_X1Y25          FDSE                                         r  u_pc/pc_reg[24]/C
  -------------------------------------------------------------------    -------------------
    SLICE_X1Y25          FDSE (Prop_fdse_C_Q)         0.100     1.578 r  u_pc/pc_reg[24]/Q
                         net (fo=3, routed)           0.562     2.140    inst_sram_addr_OBUF[24]
    P24                                                               r  inst_sram_addr_OBUF[24]_inst/I
    P24                  OBUF (Prop_obuf_I_O)         1.297     3.437 r  inst_sram_addr_OBUF[24]_inst/O
                         net (fo=0)                   0.000     3.437    inst_sram_addr[24]
    P24                                                               r  inst_sram_addr[24] (OUT)
  -------------------------------------------------------------------    -------------------





--------------------------------------------------------------------------------------
Path Group:  (none)
From Clock:  
  To Clock:  clk

Max Delay            65 Endpoints
Min Delay            65 Endpoints
--------------------------------------------------------------------------------------


Max Delay Paths
--------------------------------------------------------------------------------------
Slack:                    inf
  Source:                 resetn
                            (input port)
  Destination:            reset_reg/D
                            (rising edge-triggered cell FDRE clocked by clk  {rise@0.000ns fall@5.000ns period=10.000ns})
  Path Group:             (none)
  Path Type:              Setup (Max at Slow Process Corner)
  Data Path Delay:        3.716ns  (logic 0.883ns (23.754%)  route 2.834ns (76.246%))
  Logic Levels:           2  (IBUF=1 LUT1=1)
  Clock Path Skew:        4.142ns (DCD - SCD + CPR)
    Destination Clock Delay (DCD):    4.142ns
    Source Clock Delay      (SCD):    0.000ns
    Clock Pessimism Removal (CPR):    0.000ns

    Location             Delay type                Incr(ns)  Path(ns)    Netlist Resource(s)
  -------------------------------------------------------------------    -------------------
    K21                                               0.000     0.000 f  resetn (IN)
                         net (fo=0)                   0.000     0.000    resetn
    K21                                                               f  resetn_IBUF_inst/I
    K21                  IBUF (Prop_ibuf_I_O)         0.830     0.830 f  resetn_IBUF_inst/O
                         net (fo=1, routed)           2.834     3.663    resetn_IBUF
    SLICE_X0Y30                                                       f  reset_i_1/I0
    SLICE_X0Y30          LUT1 (Prop_lut1_I0_O)        0.053     3.716 r  reset_i_1/O
                         net (fo=1, routed)           0.000     3.716    p_0_in
    SLICE_X0Y30          FDRE                                         r  reset_reg/D
  -------------------------------------------------------------------    -------------------

                         (clock clk rise edge)        0.000     0.000 r  
    D23                                               0.000     0.000 r  clk (IN)
                         net (fo=0)                   0.000     0.000    clk
    D23                                                               r  clk_IBUF_inst/I
    D23                  IBUF (Prop_ibuf_I_O)         0.815     0.815 r  clk_IBUF_inst/O
                         net (fo=1, routed)           1.679     2.494    clk_IBUF
    BUFGCTRL_X0Y0                                                     r  clk_IBUF_BUFG_inst/I
    BUFGCTRL_X0Y0        BUFG (Prop_bufg_I_O)         0.113     2.607 r  clk_IBUF_BUFG_inst/O
                         net (fo=575, routed)         1.535     4.142    clk_IBUF_BUFG
    SLICE_X0Y30          FDRE                                         r  reset_reg/C

Slack:                    inf
  Source:                 data_sram_rdata[14]
                            (input port)
  Destination:            ms_mem_result_reg[14]/D
                            (rising edge-triggered cell FDRE clocked by clk  {rise@0.000ns fall@5.000ns period=10.000ns})
  Path Group:             (none)
  Path Type:              Setup (Max at Slow Process Corner)
  Data Path Delay:        3.600ns  (logic 0.697ns (19.346%)  route 2.904ns (80.654%))
  Logic Levels:           1  (IBUF=1)
  Clock Path Skew:        4.141ns (DCD - SCD + CPR)
    Destination Clock Delay (DCD):    4.141ns
    Source Clock Delay      (SCD):    0.000ns
    Clock Pessimism Removal (CPR):    0.000ns

    Location             Delay type                Incr(ns)  Path(ns)    Netlist Resource(s)
  -------------------------------------------------------------------    -------------------
    AD8                                               0.000     0.000 r  data_sram_rdata[14] (IN)
                         net (fo=0)                   0.000     0.000    data_sram_rdata[14]
    AD8                                                               r  data_sram_rdata_IBUF[14]_inst/I
    AD8                  IBUF (Prop_ibuf_I_O)         0.697     0.697 r  data_sram_rdata_IBUF[14]_inst/O
                         net (fo=1, routed)           2.904     3.600    data_sram_rdata_IBUF[14]
    SLICE_X3Y20          FDRE                                         r  ms_mem_result_reg[14]/D
  -------------------------------------------------------------------    -------------------

                         (clock clk rise edge)        0.000     0.000 r  
    D23                                               0.000     0.000 r  clk (IN)
                         net (fo=0)                   0.000     0.000    clk
    D23                                                               r  clk_IBUF_inst/I
    D23                  IBUF (Prop_ibuf_I_O)         0.815     0.815 r  clk_IBUF_inst/O
                         net (fo=1, routed)           1.679     2.494    clk_IBUF
    BUFGCTRL_X0Y0                                                     r  clk_IBUF_BUFG_inst/I
    BUFGCTRL_X0Y0        BUFG (Prop_bufg_I_O)         0.113     2.607 r  clk_IBUF_BUFG_inst/O
                         net (fo=575, routed)         1.534     4.141    clk_IBUF_BUFG
    SLICE_X3Y20          FDRE                                         r  ms_mem_result_reg[14]/C

Slack:                    inf
  Source:                 inst_sram_rdata[27]
                            (input port)
  Destination:            ds_inst_reg[27]/D
                            (rising edge-triggered cell FDRE clocked by clk  {rise@0.000ns fall@5.000ns period=10.000ns})
  Path Group:             (none)
  Path Type:              Setup (Max at Slow Process Corner)
  Data Path Delay:        3.527ns  (logic 0.910ns (25.790%)  route 2.618ns (74.210%))
  Logic Levels:           1  (IBUF=1)
  Clock Path Skew:        4.138ns (DCD - SCD + CPR)
    Destination Clock Delay (DCD):    4.138ns
    Source Clock Delay      (SCD):    0.000ns
    Clock Pessimism Removal (CPR):    0.000ns

    Location             Delay type                Incr(ns)  Path(ns)    Netlist Resource(s)
  -------------------------------------------------------------------    -------------------
    B25                                               0.000     0.000 r  inst_sram_rdata[27] (IN)
                         net (fo=0)                   0.000     0.000    inst_sram_rdata[27]
    B25                                                               r  inst_sram_rdata_IBUF[27]_inst/I
    B25                  IBUF (Prop_ibuf_I_O)         0.910     0.910 r  inst_sram_rdata_IBUF[27]_inst/O
                         net (fo=1, routed)           2.618     3.527    inst_sram_rdata_IBUF[27]
    SLICE_X2Y23          FDRE                                         r  ds_inst_reg[27]/D
  -------------------------------------------------------------------    -------------------

                         (clock clk rise edge)        0.000     0.000 r  
    D23                                               0.000     0.000 r  clk (IN)
                         net (fo=0)                   0.000     0.000    clk
    D23                                                               r  clk_IBUF_inst/I
    D23                  IBUF (Prop_ibuf_I_O)         0.815     0.815 r  clk_IBUF_inst/O
                         net (fo=1, routed)           1.679     2.494    clk_IBUF
    BUFGCTRL_X0Y0                                                     r  clk_IBUF_BUFG_inst/I
    BUFGCTRL_X0Y0        BUFG (Prop_bufg_I_O)         0.113     2.607 r  clk_IBUF_BUFG_inst/O
                         net (fo=575, routed)         1.531     4.138    clk_IBUF_BUFG
    SLICE_X2Y23          FDRE                                         r  ds_inst_reg[27]/C

Slack:                    inf
  Source:                 inst_sram_rdata[25]
                            (input port)
  Destination:            ds_inst_reg[25]/D
                            (rising edge-triggered cell FDRE clocked by clk  {rise@0.000ns fall@5.000ns period=10.000ns})
  Path Group:             (none)
  Path Type:              Setup (Max at Slow Process Corner)
  Data Path Delay:        3.496ns  (logic 0.903ns (25.844%)  route 2.592ns (74.156%))
  Logic Levels:           1  (IBUF=1)
  Clock Path Skew:        4.140ns (DCD - SCD + CPR)
    Destination Clock Delay (DCD):    4.140ns
    Source Clock Delay      (SCD):    0.000ns
    Clock Pessimism Removal (CPR):    0.000ns

    Location             Delay type                Incr(ns)  Path(ns)    Netlist Resource(s)
  -------------------------------------------------------------------    -------------------
    A23                                               0.000     0.000 r  inst_sram_rdata[25] (IN)
                         net (fo=0)                   0.000     0.000    inst_sram_rdata[25]
    A23                                                               r  inst_sram_rdata_IBUF[25]_inst/I
    A23                  IBUF (Prop_ibuf_I_O)         0.903     0.903 r  inst_sram_rdata_IBUF[25]_inst/O
                         net (fo=1, routed)           2.592     3.496    inst_sram_rdata_IBUF[25]
    SLICE_X2Y28          FDRE                                         r  ds_inst_reg[25]/D
  -------------------------------------------------------------------    -------------------

                         (clock clk rise edge)        0.000     0.000 r  
    D23                                               0.000     0.000 r  clk (IN)
                         net (fo=0)                   0.000     0.000    clk
    D23                                                               r  clk_IBUF_inst/I
    D23                  IBUF (Prop_ibuf_I_O)         0.815     0.815 r  clk_IBUF_inst/O
                         net (fo=1, routed)           1.679     2.494    clk_IBUF
    BUFGCTRL_X0Y0                                                     r  clk_IBUF_BUFG_inst/I
    BUFGCTRL_X0Y0        BUFG (Prop_bufg_I_O)         0.113     2.607 r  clk_IBUF_BUFG_inst/O
                         net (fo=575, routed)         1.533     4.140    clk_IBUF_BUFG
    SLICE_X2Y28          FDRE                                         r  ds_inst_reg[25]/C

Slack:                    inf
  Source:                 inst_sram_rdata[16]
                            (input port)
  Destination:            ds_inst_reg[16]/D
                            (rising edge-triggered cell FDRE clocked by clk  {rise@0.000ns fall@5.000ns period=10.000ns})
  Path Group:             (none)
  Path Type:              Setup (Max at Slow Process Corner)
  Data Path Delay:        3.413ns  (logic 0.902ns (26.435%)  route 2.511ns (73.565%))
  Logic Levels:           1  (IBUF=1)
  Clock Path Skew:        4.139ns (DCD - SCD + CPR)
    Destination Clock Delay (DCD):    4.139ns
    Source Clock Delay      (SCD):    0.000ns
    Clock Pessimism Removal (CPR):    0.000ns

    Location             Delay type                Incr(ns)  Path(ns)    Netlist Resource(s)
  -------------------------------------------------------------------    -------------------
    A20                                               0.000     0.000 r  inst_sram_rdata[16] (IN)
                         net (fo=0)                   0.000     0.000    inst_sram_rdata[16]
    A20                                                               r  inst_sram_rdata_IBUF[16]_inst/I
    A20                  IBUF (Prop_ibuf_I_O)         0.902     0.902 r  inst_sram_rdata_IBUF[16]_inst/O
                         net (fo=1, routed)           2.511     3.413    inst_sram_rdata_IBUF[16]
    SLICE_X4Y28          FDRE                                         r  ds_inst_reg[16]/D
  -------------------------------------------------------------------    -------------------

                         (clock clk rise edge)        0.000     0.000 r  
    D23                                               0.000     0.000 r  clk (IN)
                         net (fo=0)                   0.000     0.000    clk
    D23                                                               r  clk_IBUF_inst/I
    D23                  IBUF (Prop_ibuf_I_O)         0.815     0.815 r  clk_IBUF_inst/O
                         net (fo=1, routed)           1.679     2.494    clk_IBUF
    BUFGCTRL_X0Y0                                                     r  clk_IBUF_BUFG_inst/I
    BUFGCTRL_X0Y0        BUFG (Prop_bufg_I_O)         0.113     2.607 r  clk_IBUF_BUFG_inst/O
                         net (fo=575, routed)         1.532     4.139    clk_IBUF_BUFG
    SLICE_X4Y28          FDRE                                         r  ds_inst_reg[16]/C

Slack:                    inf
  Source:                 inst_sram_rdata[26]
                            (input port)
  Destination:            ds_inst_reg[26]/D
                            (rising edge-triggered cell FDRE clocked by clk  {rise@0.000ns fall@5.000ns period=10.000ns})
  Path Group:             (none)
  Path Type:              Setup (Max at Slow Process Corner)
  Data Path Delay:        3.412ns  (logic 0.910ns (26.667%)  route 2.502ns (73.333%))
  Logic Levels:           1  (IBUF=1)
  Clock Path Skew:        4.138ns (DCD - SCD + CPR)
    Destination Clock Delay (DCD):    4.138ns
    Source Clock Delay      (SCD):    0.000ns
    Clock Pessimism Removal (CPR):    0.000ns

    Location             Delay type                Incr(ns)  Path(ns)    Netlist Resource(s)
  -------------------------------------------------------------------    -------------------
    B26                                               0.000     0.000 r  inst_sram_rdata[26] (IN)
                         net (fo=0)                   0.000     0.000    inst_sram_rdata[26]
    B26                                                               r  inst_sram_rdata_IBUF[26]_inst/I
    B26                  IBUF (Prop_ibuf_I_O)         0.910     0.910 r  inst_sram_rdata_IBUF[26]_inst/O
                         net (fo=1, routed)           2.502     3.412    inst_sram_rdata_IBUF[26]
    SLICE_X0Y23          FDRE                                         r  ds_inst_reg[26]/D
  -------------------------------------------------------------------    -------------------

                         (clock clk rise edge)        0.000     0.000 r  
    D23                                               0.000     0.000 r  clk (IN)
                         net (fo=0)                   0.000     0.000    clk
    D23                                                               r  clk_IBUF_inst/I
    D23                  IBUF (Prop_ibuf_I_O)         0.815     0.815 r  clk_IBUF_inst/O
                         net (fo=1, routed)           1.679     2.494    clk_IBUF
    BUFGCTRL_X0Y0                                                     r  clk_IBUF_BUFG_inst/I
    BUFGCTRL_X0Y0        BUFG (Prop_bufg_I_O)         0.113     2.607 r  clk_IBUF_BUFG_inst/O
                         net (fo=575, routed)         1.531     4.138    clk_IBUF_BUFG
    SLICE_X0Y23          FDRE                                         r  ds_inst_reg[26]/C

Slack:                    inf
  Source:                 data_sram_rdata[16]
                            (input port)
  Destination:            ms_mem_result_reg[16]/D
                            (rising edge-triggered cell FDRE clocked by clk  {rise@0.000ns fall@5.000ns period=10.000ns})
  Path Group:             (none)
  Path Type:              Setup (Max at Slow Process Corner)
  Data Path Delay:        3.388ns  (logic 0.692ns (20.410%)  route 2.697ns (79.590%))
  Logic Levels:           1  (IBUF=1)
  Clock Path Skew:        4.141ns (DCD - SCD + CPR)
    Destination Clock Delay (DCD):    4.141ns
    Source Clock Delay      (SCD):    0.000ns
    Clock Pessimism Removal (CPR):    0.000ns

    Location             Delay type                Incr(ns)  Path(ns)    Netlist Resource(s)
  -------------------------------------------------------------------    -------------------
    AA7                                               0.000     0.000 r  data_sram_rdata[16] (IN)
                         net (fo=0)                   0.000     0.000    data_sram_rdata[16]
    AA7                                                               r  data_sram_rdata_IBUF[16]_inst/I
    AA7                  IBUF (Prop_ibuf_I_O)         0.692     0.692 r  data_sram_rdata_IBUF[16]_inst/O
                         net (fo=1, routed)           2.697     3.388    data_sram_rdata_IBUF[16]
    SLICE_X3Y20          FDRE                                         r  ms_mem_result_reg[16]/D
  -------------------------------------------------------------------    -------------------

                         (clock clk rise edge)        0.000     0.000 r  
    D23                                               0.000     0.000 r  clk (IN)
                         net (fo=0)                   0.000     0.000    clk
    D23                                                               r  clk_IBUF_inst/I
    D23                  IBUF (Prop_ibuf_I_O)         0.815     0.815 r  clk_IBUF_inst/O
                         net (fo=1, routed)           1.679     2.494    clk_IBUF
    BUFGCTRL_X0Y0                                                     r  clk_IBUF_BUFG_inst/I
    BUFGCTRL_X0Y0        BUFG (Prop_bufg_I_O)         0.113     2.607 r  clk_IBUF_BUFG_inst/O
                         net (fo=575, routed)         1.534     4.141    clk_IBUF_BUFG
    SLICE_X3Y20          FDRE                                         r  ms_mem_result_reg[16]/C

Slack:                    inf
  Source:                 data_sram_rdata[15]
                            (input port)
  Destination:            ms_mem_result_reg[15]/D
                            (rising edge-triggered cell FDRE clocked by clk  {rise@0.000ns fall@5.000ns period=10.000ns})
  Path Group:             (none)
  Path Type:              Setup (Max at Slow Process Corner)
  Data Path Delay:        3.376ns  (logic 0.693ns (20.527%)  route 2.683ns (79.473%))
  Logic Levels:           1  (IBUF=1)
  Clock Path Skew:        4.141ns (DCD - SCD + CPR)
    Destination Clock Delay (DCD):    4.141ns
    Source Clock Delay      (SCD):    0.000ns
    Clock Pessimism Removal (CPR):    0.000ns

    Location             Delay type                Incr(ns)  Path(ns)    Netlist Resource(s)
  -------------------------------------------------------------------    -------------------
    AC8                                               0.000     0.000 r  data_sram_rdata[15] (IN)
                         net (fo=0)                   0.000     0.000    data_sram_rdata[15]
    AC8                                                               r  data_sram_rdata_IBUF[15]_inst/I
    AC8                  IBUF (Prop_ibuf_I_O)         0.693     0.693 r  data_sram_rdata_IBUF[15]_inst/O
                         net (fo=1, routed)           2.683     3.376    data_sram_rdata_IBUF[15]
    SLICE_X3Y20          FDRE                                         r  ms_mem_result_reg[15]/D
  -------------------------------------------------------------------    -------------------

                         (clock clk rise edge)        0.000     0.000 r  
    D23                                               0.000     0.000 r  clk (IN)
                         net (fo=0)                   0.000     0.000    clk
    D23                                                               r  clk_IBUF_inst/I
    D23                  IBUF (Prop_ibuf_I_O)         0.815     0.815 r  clk_IBUF_inst/O
                         net (fo=1, routed)           1.679     2.494    clk_IBUF
    BUFGCTRL_X0Y0                                                     r  clk_IBUF_BUFG_inst/I
    BUFGCTRL_X0Y0        BUFG (Prop_bufg_I_O)         0.113     2.607 r  clk_IBUF_BUFG_inst/O
                         net (fo=575, routed)         1.534     4.141    clk_IBUF_BUFG
    SLICE_X3Y20          FDRE                                         r  ms_mem_result_reg[15]/C

Slack:                    inf
  Source:                 inst_sram_rdata[9]
                            (input port)
  Destination:            ds_inst_reg[9]/D
                            (rising edge-triggered cell FDRE clocked by clk  {rise@0.000ns fall@5.000ns period=10.000ns})
  Path Group:             (none)
  Path Type:              Setup (Max at Slow Process Corner)
  Data Path Delay:        3.366ns  (logic 0.877ns (26.062%)  route 2.489ns (73.938%))
  Logic Levels:           1  (IBUF=1)
  Clock Path Skew:        4.138ns (DCD - SCD + CPR)
    Destination Clock Delay (DCD):    4.138ns
    Source Clock Delay      (SCD):    0.000ns
    Clock Pessimism Removal (CPR):    0.000ns

    Location             Delay type                Incr(ns)  Path(ns)    Netlist Resource(s)
  -------------------------------------------------------------------    -------------------
    E23                                               0.000     0.000 r  inst_sram_rdata[9] (IN)
                         net (fo=0)                   0.000     0.000    inst_sram_rdata[9]
    E23                                                               r  inst_sram_rdata_IBUF[9]_inst/I
    E23                  IBUF (Prop_ibuf_I_O)         0.877     0.877 r  inst_sram_rdata_IBUF[9]_inst/O
                         net (fo=1, routed)           2.489     3.366    inst_sram_rdata_IBUF[9]
    SLICE_X3Y26          FDRE                                         r  ds_inst_reg[9]/D
  -------------------------------------------------------------------    -------------------

                         (clock clk rise edge)        0.000     0.000 r  
    D23                                               0.000     0.000 r  clk (IN)
                         net (fo=0)                   0.000     0.000    clk
    D23                                                               r  clk_IBUF_inst/I
    D23                  IBUF (Prop_ibuf_I_O)         0.815     0.815 r  clk_IBUF_inst/O
                         net (fo=1, routed)           1.679     2.494    clk_IBUF
    BUFGCTRL_X0Y0                                                     r  clk_IBUF_BUFG_inst/I
    BUFGCTRL_X0Y0        BUFG (Prop_bufg_I_O)         0.113     2.607 r  clk_IBUF_BUFG_inst/O
                         net (fo=575, routed)         1.531     4.138    clk_IBUF_BUFG
    SLICE_X3Y26          FDRE                                         r  ds_inst_reg[9]/C

Slack:                    inf
  Source:                 data_sram_rdata[12]
                            (input port)
  Destination:            ms_mem_result_reg[12]/D
                            (rising edge-triggered cell FDRE clocked by clk  {rise@0.000ns fall@5.000ns period=10.000ns})
  Path Group:             (none)
  Path Type:              Setup (Max at Slow Process Corner)
  Data Path Delay:        3.356ns  (logic 0.695ns (20.720%)  route 2.660ns (79.280%))
  Logic Levels:           1  (IBUF=1)
  Clock Path Skew:        4.145ns (DCD - SCD + CPR)
    Destination Clock Delay (DCD):    4.145ns
    Source Clock Delay      (SCD):    0.000ns
    Clock Pessimism Removal (CPR):    0.000ns

    Location             Delay type                Incr(ns)  Path(ns)    Netlist Resource(s)
  -------------------------------------------------------------------    -------------------
    AC7                                               0.000     0.000 r  data_sram_rdata[12] (IN)
                         net (fo=0)                   0.000     0.000    data_sram_rdata[12]
    AC7                                                               r  data_sram_rdata_IBUF[12]_inst/I
    AC7                  IBUF (Prop_ibuf_I_O)         0.695     0.695 r  data_sram_rdata_IBUF[12]_inst/O
                         net (fo=1, routed)           2.660     3.356    data_sram_rdata_IBUF[12]
    SLICE_X3Y17          FDRE                                         r  ms_mem_result_reg[12]/D
  -------------------------------------------------------------------    -------------------

                         (clock clk rise edge)        0.000     0.000 r  
    D23                                               0.000     0.000 r  clk (IN)
                         net (fo=0)                   0.000     0.000    clk
    D23                                                               r  clk_IBUF_inst/I
    D23                  IBUF (Prop_ibuf_I_O)         0.815     0.815 r  clk_IBUF_inst/O
                         net (fo=1, routed)           1.679     2.494    clk_IBUF
    BUFGCTRL_X0Y0                                                     r  clk_IBUF_BUFG_inst/I
    BUFGCTRL_X0Y0        BUFG (Prop_bufg_I_O)         0.113     2.607 r  clk_IBUF_BUFG_inst/O
                         net (fo=575, routed)         1.538     4.145    clk_IBUF_BUFG
    SLICE_X3Y17          FDRE                                         r  ms_mem_result_reg[12]/C





Min Delay Paths
--------------------------------------------------------------------------------------
Slack:                    inf
  Source:                 data_sram_rdata[4]
                            (input port)
  Destination:            ms_mem_result_reg[4]/D
                            (rising edge-triggered cell FDRE clocked by clk  {rise@0.000ns fall@5.000ns period=10.000ns})
  Path Group:             (none)
  Path Type:              Hold (Min at Fast Process Corner)
  Data Path Delay:        0.975ns  (logic 0.073ns (7.487%)  route 0.902ns (92.513%))
  Logic Levels:           1  (IBUF=1)
  Clock Path Skew:        2.023ns (DCD - SCD - CPR)
    Destination Clock Delay (DCD):    2.023ns
    Source Clock Delay      (SCD):    0.000ns
    Clock Pessimism Removal (CPR):    -0.000ns

    Location             Delay type                Incr(ns)  Path(ns)    Netlist Resource(s)
  -------------------------------------------------------------------    -------------------
    AB10                                              0.000     0.000 r  data_sram_rdata[4] (IN)
                         net (fo=0)                   0.000     0.000    data_sram_rdata[4]
    AB10                                                              r  data_sram_rdata_IBUF[4]_inst/I
    AB10                 IBUF (Prop_ibuf_I_O)         0.073     0.073 r  data_sram_rdata_IBUF[4]_inst/O
                         net (fo=1, routed)           0.902     0.975    data_sram_rdata_IBUF[4]
    SLICE_X4Y12          FDRE                                         r  ms_mem_result_reg[4]/D
  -------------------------------------------------------------------    -------------------

                         (clock clk rise edge)        0.000     0.000 r  
    D23                                               0.000     0.000 r  clk (IN)
                         net (fo=0)                   0.000     0.000    clk
    D23                                                               r  clk_IBUF_inst/I
    D23                  IBUF (Prop_ibuf_I_O)         0.404     0.404 r  clk_IBUF_inst/O
                         net (fo=1, routed)           0.739     1.143    clk_IBUF
    BUFGCTRL_X0Y0                                                     r  clk_IBUF_BUFG_inst/I
    BUFGCTRL_X0Y0        BUFG (Prop_bufg_I_O)         0.030     1.173 r  clk_IBUF_BUFG_inst/O
                         net (fo=575, routed)         0.850     2.023    clk_IBUF_BUFG
    SLICE_X4Y12          FDRE                                         r  ms_mem_result_reg[4]/C

Slack:                    inf
  Source:                 inst_sram_rdata[0]
                            (input port)
  Destination:            ds_inst_reg[0]/D
                            (rising edge-triggered cell FDRE clocked by clk  {rise@0.000ns fall@5.000ns period=10.000ns})
  Path Group:             (none)
  Path Type:              Hold (Min at Fast Process Corner)
  Data Path Delay:        0.996ns  (logic 0.165ns (16.581%)  route 0.831ns (83.419%))
  Logic Levels:           1  (IBUF=1)
  Clock Path Skew:        2.012ns (DCD - SCD - CPR)
    Destination Clock Delay (DCD):    2.012ns
    Source Clock Delay      (SCD):    0.000ns
    Clock Pessimism Removal (CPR):    -0.000ns

    Location             Delay type                Incr(ns)  Path(ns)    Netlist Resource(s)
  -------------------------------------------------------------------    -------------------
    F25                                               0.000     0.000 r  inst_sram_rdata[0] (IN)
                         net (fo=0)                   0.000     0.000    inst_sram_rdata[0]
    F25                                                               r  inst_sram_rdata_IBUF[0]_inst/I
    F25                  IBUF (Prop_ibuf_I_O)         0.165     0.165 r  inst_sram_rdata_IBUF[0]_inst/O
                         net (fo=1, routed)           0.831     0.996    inst_sram_rdata_IBUF[0]
    SLICE_X0Y24          FDRE                                         r  ds_inst_reg[0]/D
  -------------------------------------------------------------------    -------------------

                         (clock clk rise edge)        0.000     0.000 r  
    D23                                               0.000     0.000 r  clk (IN)
                         net (fo=0)                   0.000     0.000    clk
    D23                                                               r  clk_IBUF_inst/I
    D23                  IBUF (Prop_ibuf_I_O)         0.404     0.404 r  clk_IBUF_inst/O
                         net (fo=1, routed)           0.739     1.143    clk_IBUF
    BUFGCTRL_X0Y0                                                     r  clk_IBUF_BUFG_inst/I
    BUFGCTRL_X0Y0        BUFG (Prop_bufg_I_O)         0.030     1.173 r  clk_IBUF_BUFG_inst/O
                         net (fo=575, routed)         0.839     2.012    clk_IBUF_BUFG
    SLICE_X0Y24          FDRE                                         r  ds_inst_reg[0]/C

Slack:                    inf
  Source:                 inst_sram_rdata[2]
                            (input port)
  Destination:            ds_inst_reg[2]/D
                            (rising edge-triggered cell FDRE clocked by clk  {rise@0.000ns fall@5.000ns period=10.000ns})
  Path Group:             (none)
  Path Type:              Hold (Min at Fast Process Corner)
  Data Path Delay:        1.057ns  (logic 0.143ns (13.497%)  route 0.914ns (86.503%))
  Logic Levels:           1  (IBUF=1)
  Clock Path Skew:        2.012ns (DCD - SCD - CPR)
    Destination Clock Delay (DCD):    2.012ns
    Source Clock Delay      (SCD):    0.000ns
    Clock Pessimism Removal (CPR):    -0.000ns

    Location             Delay type                Incr(ns)  Path(ns)    Netlist Resource(s)
  -------------------------------------------------------------------    -------------------
    G25                                               0.000     0.000 r  inst_sram_rdata[2] (IN)
                         net (fo=0)                   0.000     0.000    inst_sram_rdata[2]
    G25                                                               r  inst_sram_rdata_IBUF[2]_inst/I
    G25                  IBUF (Prop_ibuf_I_O)         0.143     0.143 r  inst_sram_rdata_IBUF[2]_inst/O
                         net (fo=1, routed)           0.914     1.057    inst_sram_rdata_IBUF[2]
    SLICE_X0Y24          FDRE                                         r  ds_inst_reg[2]/D
  -------------------------------------------------------------------    -------------------

                         (clock clk rise edge)        0.000     0.000 r  
    D23                                               0.000     0.000 r  clk (IN)
                         net (fo=0)                   0.000     0.000    clk
    D23                                                               r  clk_IBUF_inst/I
    D23                  IBUF (Prop_ibuf_I_O)         0.404     0.404 r  clk_IBUF_inst/O
                         net (fo=1, routed)           0.739     1.143    clk_IBUF
    BUFGCTRL_X0Y0                                                     r  clk_IBUF_BUFG_inst/I
    BUFGCTRL_X0Y0        BUFG (Prop_bufg_I_O)         0.030     1.173 r  clk_IBUF_BUFG_inst/O
                         net (fo=575, routed)         0.839     2.012    clk_IBUF_BUFG
    SLICE_X0Y24          FDRE                                         r  ds_inst_reg[2]/C

Slack:                    inf
  Source:                 inst_sram_rdata[7]
                            (input port)
  Destination:            ds_inst_reg[7]/D
                            (rising edge-triggered cell FDRE clocked by clk  {rise@0.000ns fall@5.000ns period=10.000ns})
  Path Group:             (none)
  Path Type:              Hold (Min at Fast Process Corner)
  Data Path Delay:        1.067ns  (logic 0.136ns (12.745%)  route 0.931ns (87.255%))
  Logic Levels:           1  (IBUF=1)
  Clock Path Skew:        2.013ns (DCD - SCD - CPR)
    Destination Clock Delay (DCD):    2.013ns
    Source Clock Delay      (SCD):    0.000ns
    Clock Pessimism Removal (CPR):    -0.000ns

    Location             Delay type                Incr(ns)  Path(ns)    Netlist Resource(s)
  -------------------------------------------------------------------    -------------------
    F23                                               0.000     0.000 r  inst_sram_rdata[7] (IN)
                         net (fo=0)                   0.000     0.000    inst_sram_rdata[7]
    F23                                                               r  inst_sram_rdata_IBUF[7]_inst/I
    F23                  IBUF (Prop_ibuf_I_O)         0.136     0.136 r  inst_sram_rdata_IBUF[7]_inst/O
                         net (fo=1, routed)           0.931     1.067    inst_sram_rdata_IBUF[7]
    SLICE_X2Y26          FDRE                                         r  ds_inst_reg[7]/D
  -------------------------------------------------------------------    -------------------

                         (clock clk rise edge)        0.000     0.000 r  
    D23                                               0.000     0.000 r  clk (IN)
                         net (fo=0)                   0.000     0.000    clk
    D23                                                               r  clk_IBUF_inst/I
    D23                  IBUF (Prop_ibuf_I_O)         0.404     0.404 r  clk_IBUF_inst/O
                         net (fo=1, routed)           0.739     1.143    clk_IBUF
    BUFGCTRL_X0Y0                                                     r  clk_IBUF_BUFG_inst/I
    BUFGCTRL_X0Y0        BUFG (Prop_bufg_I_O)         0.030     1.173 r  clk_IBUF_BUFG_inst/O
                         net (fo=575, routed)         0.840     2.013    clk_IBUF_BUFG
    SLICE_X2Y26          FDRE                                         r  ds_inst_reg[7]/C

Slack:                    inf
  Source:                 data_sram_rdata[11]
                            (input port)
  Destination:            ms_mem_result_reg[11]/D
                            (rising edge-triggered cell FDRE clocked by clk  {rise@0.000ns fall@5.000ns period=10.000ns})
  Path Group:             (none)
  Path Type:              Hold (Min at Fast Process Corner)
  Data Path Delay:        1.085ns  (logic 0.075ns (6.898%)  route 1.010ns (93.102%))
  Logic Levels:           1  (IBUF=1)
  Clock Path Skew:        2.020ns (DCD - SCD - CPR)
    Destination Clock Delay (DCD):    2.020ns
    Source Clock Delay      (SCD):    0.000ns
    Clock Pessimism Removal (CPR):    -0.000ns

    Location             Delay type                Incr(ns)  Path(ns)    Netlist Resource(s)
  -------------------------------------------------------------------    -------------------
    AA9                                               0.000     0.000 r  data_sram_rdata[11] (IN)
                         net (fo=0)                   0.000     0.000    data_sram_rdata[11]
    AA9                                                               r  data_sram_rdata_IBUF[11]_inst/I
    AA9                  IBUF (Prop_ibuf_I_O)         0.075     0.075 r  data_sram_rdata_IBUF[11]_inst/O
                         net (fo=1, routed)           1.010     1.085    data_sram_rdata_IBUF[11]
    SLICE_X5Y16          FDRE                                         r  ms_mem_result_reg[11]/D
  -------------------------------------------------------------------    -------------------

                         (clock clk rise edge)        0.000     0.000 r  
    D23                                               0.000     0.000 r  clk (IN)
                         net (fo=0)                   0.000     0.000    clk
    D23                                                               r  clk_IBUF_inst/I
    D23                  IBUF (Prop_ibuf_I_O)         0.404     0.404 r  clk_IBUF_inst/O
                         net (fo=1, routed)           0.739     1.143    clk_IBUF
    BUFGCTRL_X0Y0                                                     r  clk_IBUF_BUFG_inst/I
    BUFGCTRL_X0Y0        BUFG (Prop_bufg_I_O)         0.030     1.173 r  clk_IBUF_BUFG_inst/O
                         net (fo=575, routed)         0.847     2.020    clk_IBUF_BUFG
    SLICE_X5Y16          FDRE                                         r  ms_mem_result_reg[11]/C

Slack:                    inf
  Source:                 data_sram_rdata[23]
                            (input port)
  Destination:            ms_mem_result_reg[23]/D
                            (rising edge-triggered cell FDRE clocked by clk  {rise@0.000ns fall@5.000ns period=10.000ns})
  Path Group:             (none)
  Path Type:              Hold (Min at Fast Process Corner)
  Data Path Delay:        1.093ns  (logic 0.073ns (6.683%)  route 1.020ns (93.317%))
  Logic Levels:           1  (IBUF=1)
  Clock Path Skew:        1.985ns (DCD - SCD - CPR)
    Destination Clock Delay (DCD):    1.985ns
    Source Clock Delay      (SCD):    0.000ns
    Clock Pessimism Removal (CPR):    -0.000ns

    Location             Delay type                Incr(ns)  Path(ns)    Netlist Resource(s)
  -------------------------------------------------------------------    -------------------
    Y11                                               0.000     0.000 r  data_sram_rdata[23] (IN)
                         net (fo=0)                   0.000     0.000    data_sram_rdata[23]
    Y11                                                               r  data_sram_rdata_IBUF[23]_inst/I
    Y11                  IBUF (Prop_ibuf_I_O)         0.073     0.073 r  data_sram_rdata_IBUF[23]_inst/O
                         net (fo=1, routed)           1.020     1.093    data_sram_rdata_IBUF[23]
    SLICE_X11Y29         FDRE                                         r  ms_mem_result_reg[23]/D
  -------------------------------------------------------------------    -------------------

                         (clock clk rise edge)        0.000     0.000 r  
    D23                                               0.000     0.000 r  clk (IN)
                         net (fo=0)                   0.000     0.000    clk
    D23                                                               r  clk_IBUF_inst/I
    D23                  IBUF (Prop_ibuf_I_O)         0.404     0.404 r  clk_IBUF_inst/O
                         net (fo=1, routed)           0.739     1.143    clk_IBUF
    BUFGCTRL_X0Y0                                                     r  clk_IBUF_BUFG_inst/I
    BUFGCTRL_X0Y0        BUFG (Prop_bufg_I_O)         0.030     1.173 r  clk_IBUF_BUFG_inst/O
                         net (fo=575, routed)         0.812     1.985    clk_IBUF_BUFG
    SLICE_X11Y29         FDRE                                         r  ms_mem_result_reg[23]/C

Slack:                    inf
  Source:                 inst_sram_rdata[8]
                            (input port)
  Destination:            ds_inst_reg[8]/D
                            (rising edge-triggered cell FDRE clocked by clk  {rise@0.000ns fall@5.000ns period=10.000ns})
  Path Group:             (none)
  Path Type:              Hold (Min at Fast Process Corner)
  Data Path Delay:        1.101ns  (logic 0.133ns (12.039%)  route 0.969ns (87.961%))
  Logic Levels:           1  (IBUF=1)
  Clock Path Skew:        2.012ns (DCD - SCD - CPR)
    Destination Clock Delay (DCD):    2.012ns
    Source Clock Delay      (SCD):    0.000ns
    Clock Pessimism Removal (CPR):    -0.000ns

    Location             Delay type                Incr(ns)  Path(ns)    Netlist Resource(s)
  -------------------------------------------------------------------    -------------------
    G22                                               0.000     0.000 r  inst_sram_rdata[8] (IN)
                         net (fo=0)                   0.000     0.000    inst_sram_rdata[8]
    G22                                                               r  inst_sram_rdata_IBUF[8]_inst/I
    G22                  IBUF (Prop_ibuf_I_O)         0.133     0.133 r  inst_sram_rdata_IBUF[8]_inst/O
                         net (fo=1, routed)           0.969     1.101    inst_sram_rdata_IBUF[8]
    SLICE_X2Y25          FDRE                                         r  ds_inst_reg[8]/D
  -------------------------------------------------------------------    -------------------

                         (clock clk rise edge)        0.000     0.000 r  
    D23                                               0.000     0.000 r  clk (IN)
                         net (fo=0)                   0.000     0.000    clk
    D23                                                               r  clk_IBUF_inst/I
    D23                  IBUF (Prop_ibuf_I_O)         0.404     0.404 r  clk_IBUF_inst/O
                         net (fo=1, routed)           0.739     1.143    clk_IBUF
    BUFGCTRL_X0Y0                                                     r  clk_IBUF_BUFG_inst/I
    BUFGCTRL_X0Y0        BUFG (Prop_bufg_I_O)         0.030     1.173 r  clk_IBUF_BUFG_inst/O
                         net (fo=575, routed)         0.839     2.012    clk_IBUF_BUFG
    SLICE_X2Y25          FDRE                                         r  ds_inst_reg[8]/C

Slack:                    inf
  Source:                 data_sram_rdata[24]
                            (input port)
  Destination:            ms_mem_result_reg[24]/D
                            (rising edge-triggered cell FDRE clocked by clk  {rise@0.000ns fall@5.000ns period=10.000ns})
  Path Group:             (none)
  Path Type:              Hold (Min at Fast Process Corner)
  Data Path Delay:        1.104ns  (logic 0.084ns (7.630%)  route 1.020ns (92.370%))
  Logic Levels:           1  (IBUF=1)
  Clock Path Skew:        1.984ns (DCD - SCD - CPR)
    Destination Clock Delay (DCD):    1.984ns
    Source Clock Delay      (SCD):    0.000ns
    Clock Pessimism Removal (CPR):    -0.000ns

    Location             Delay type                Incr(ns)  Path(ns)    Netlist Resource(s)
  -------------------------------------------------------------------    -------------------
    Y7                                                0.000     0.000 r  data_sram_rdata[24] (IN)
                         net (fo=0)                   0.000     0.000    data_sram_rdata[24]
    Y7                                                                r  data_sram_rdata_IBUF[24]_inst/I
    Y7                   IBUF (Prop_ibuf_I_O)         0.084     0.084 r  data_sram_rdata_IBUF[24]_inst/O
                         net (fo=1, routed)           1.020     1.104    data_sram_rdata_IBUF[24]
    SLICE_X12Y28         FDRE                                         r  ms_mem_result_reg[24]/D
  -------------------------------------------------------------------    -------------------

                         (clock clk rise edge)        0.000     0.000 r  
    D23                                               0.000     0.000 r  clk (IN)
                         net (fo=0)                   0.000     0.000    clk
    D23                                                               r  clk_IBUF_inst/I
    D23                  IBUF (Prop_ibuf_I_O)         0.404     0.404 r  clk_IBUF_inst/O
                         net (fo=1, routed)           0.739     1.143    clk_IBUF
    BUFGCTRL_X0Y0                                                     r  clk_IBUF_BUFG_inst/I
    BUFGCTRL_X0Y0        BUFG (Prop_bufg_I_O)         0.030     1.173 r  clk_IBUF_BUFG_inst/O
                         net (fo=575, routed)         0.811     1.984    clk_IBUF_BUFG
    SLICE_X12Y28         FDRE                                         r  ms_mem_result_reg[24]/C

Slack:                    inf
  Source:                 inst_sram_rdata[28]
                            (input port)
  Destination:            ds_inst_reg[28]/D
                            (rising edge-triggered cell FDRE clocked by clk  {rise@0.000ns fall@5.000ns period=10.000ns})
  Path Group:             (none)
  Path Type:              Hold (Min at Fast Process Corner)
  Data Path Delay:        1.107ns  (logic 0.158ns (14.265%)  route 0.949ns (85.735%))
  Logic Levels:           1  (IBUF=1)
  Clock Path Skew:        2.013ns (DCD - SCD - CPR)
    Destination Clock Delay (DCD):    2.013ns
    Source Clock Delay      (SCD):    0.000ns
    Clock Pessimism Removal (CPR):    -0.000ns

    Location             Delay type                Incr(ns)  Path(ns)    Netlist Resource(s)
  -------------------------------------------------------------------    -------------------
    A22                                               0.000     0.000 r  inst_sram_rdata[28] (IN)
                         net (fo=0)                   0.000     0.000    inst_sram_rdata[28]
    A22                                                               r  inst_sram_rdata_IBUF[28]_inst/I
    A22                  IBUF (Prop_ibuf_I_O)         0.158     0.158 r  inst_sram_rdata_IBUF[28]_inst/O
                         net (fo=1, routed)           0.949     1.107    inst_sram_rdata_IBUF[28]
    SLICE_X2Y23          FDRE                                         r  ds_inst_reg[28]/D
  -------------------------------------------------------------------    -------------------

                         (clock clk rise edge)        0.000     0.000 r  
    D23                                               0.000     0.000 r  clk (IN)
                         net (fo=0)                   0.000     0.000    clk
    D23                                                               r  clk_IBUF_inst/I
    D23                  IBUF (Prop_ibuf_I_O)         0.404     0.404 r  clk_IBUF_inst/O
                         net (fo=1, routed)           0.739     1.143    clk_IBUF
    BUFGCTRL_X0Y0                                                     r  clk_IBUF_BUFG_inst/I
    BUFGCTRL_X0Y0        BUFG (Prop_bufg_I_O)         0.030     1.173 r  clk_IBUF_BUFG_inst/O
                         net (fo=575, routed)         0.840     2.013    clk_IBUF_BUFG
    SLICE_X2Y23          FDRE                                         r  ds_inst_reg[28]/C

Slack:                    inf
  Source:                 inst_sram_rdata[3]
                            (input port)
  Destination:            ds_inst_reg[3]/D
                            (rising edge-triggered cell FDRE clocked by clk  {rise@0.000ns fall@5.000ns period=10.000ns})
  Path Group:             (none)
  Path Type:              Hold (Min at Fast Process Corner)
  Data Path Delay:        1.113ns  (logic 0.166ns (14.930%)  route 0.947ns (85.070%))
  Logic Levels:           1  (IBUF=1)
  Clock Path Skew:        2.016ns (DCD - SCD - CPR)
    Destination Clock Delay (DCD):    2.016ns
    Source Clock Delay      (SCD):    0.000ns
    Clock Pessimism Removal (CPR):    -0.000ns

    Location             Delay type                Incr(ns)  Path(ns)    Netlist Resource(s)
  -------------------------------------------------------------------    -------------------
    D25                                               0.000     0.000 r  inst_sram_rdata[3] (IN)
                         net (fo=0)                   0.000     0.000    inst_sram_rdata[3]
    D25                                                               r  inst_sram_rdata_IBUF[3]_inst/I
    D25                  IBUF (Prop_ibuf_I_O)         0.166     0.166 r  inst_sram_rdata_IBUF[3]_inst/O
                         net (fo=1, routed)           0.947     1.113    inst_sram_rdata_IBUF[3]
    SLICE_X0Y21          FDRE                                         r  ds_inst_reg[3]/D
  -------------------------------------------------------------------    -------------------

                         (clock clk rise edge)        0.000     0.000 r  
    D23                                               0.000     0.000 r  clk (IN)
                         net (fo=0)                   0.000     0.000    clk
    D23                                                               r  clk_IBUF_inst/I
    D23                  IBUF (Prop_ibuf_I_O)         0.404     0.404 r  clk_IBUF_inst/O
                         net (fo=1, routed)           0.739     1.143    clk_IBUF
    BUFGCTRL_X0Y0                                                     r  clk_IBUF_BUFG_inst/I
    BUFGCTRL_X0Y0        BUFG (Prop_bufg_I_O)         0.030     1.173 r  clk_IBUF_BUFG_inst/O
                         net (fo=575, routed)         0.843     2.016    clk_IBUF_BUFG
    SLICE_X0Y21          FDRE                                         r  ds_inst_reg[3]/C





