Copyright 1986-2019 Xilinx, Inc. All Rights Reserved.
-----------------------------------------------------------------------------------------------------------------------------------------------------------------------------------------------------------------------
| Tool Version : Vivado v.2019.2 (lin64) Build 2708876 Wed Nov  6 21:39:14 MST 2019
| Date         : Wed Sep 16 20:31:05 2026
| Host         : oihv running 64-bit Arch Linux
| Command      : report_timing_summary -delay_type min_max -report_unconstrained -check_timing_verbose -max_paths 10 -input_pins -file /home/nikolas/Programming/repos/CPU-Pipeline/VivadoCPU/reports/timing_synth.rpt
| Design       : mips_pipeline
| Device       : 7k70t-fbv676
| Speed File   : -1  PRODUCTION 1.12 2017-02-17
-----------------------------------------------------------------------------------------------------------------------------------------------------------------------------------------------------------------------

Timing Summary Report

------------------------------------------------------------------------------------------------
| Timer Settings
| --------------
------------------------------------------------------------------------------------------------

  Enable Multi Corner Analysis               :  Yes
  Enable Pessimism Removal                   :  Yes
  Pessimism Removal Resolution               :  Nearest Common Node
  Enable Input Delay Default Clock           :  No
  Enable Preset / Clear Arcs                 :  No
  Disable Flight Delays                      :  No
  Ignore I/O Paths                           :  No
  Timing Early Launch at Borrowing Latches   :  No
  Borrow Time for Max Delay Exceptions       :  Yes
  Merge Timing Exceptions                    :  Yes

  Corner  Analyze    Analyze    
  Name    Max Paths  Min Paths  
  ------  ---------  ---------  
  Slow    Yes        Yes        
  Fast    Yes        Yes        



check_timing report

Table of Contents
-----------------
1. checking no_clock
2. checking constant_clock
3. checking pulse_width_clock
4. checking unconstrained_internal_endpoints
5. checking no_input_delay
6. checking no_output_delay
7. checking multiple_clock
8. checking generated_clocks
9. checking loops
10. checking partial_input_delay
11. checking partial_output_delay
12. checking latch_loops

1. checking no_clock
--------------------
 There are 0 register/latch pins with no clock.


2. checking constant_clock
--------------------------
 There are 0 register/latch pins with constant_clock.


3. checking pulse_width_clock
-----------------------------
 There are 0 register/latch pins which need pulse_width check


4. checking unconstrained_internal_endpoints
--------------------------------------------
 There are 0 pins that are not constrained for maximum delay.

 There are 0 pins that are not constrained for maximum delay due to constant clock.


5. checking no_input_delay
--------------------------
 There are 65 input ports with no input delay specified. (HIGH)

data_sram_rdata[0]
data_sram_rdata[10]
data_sram_rdata[11]
data_sram_rdata[12]
data_sram_rdata[13]
data_sram_rdata[14]
data_sram_rdata[15]
data_sram_rdata[16]
data_sram_rdata[17]
data_sram_rdata[18]
data_sram_rdata[19]
data_sram_rdata[1]
data_sram_rdata[20]
data_sram_rdata[21]
data_sram_rdata[22]
data_sram_rdata[23]
data_sram_rdata[24]
data_sram_rdata[25]
data_sram_rdata[26]
data_sram_rdata[27]
data_sram_rdata[28]
data_sram_rdata[29]
data_sram_rdata[2]
data_sram_rdata[30]
data_sram_rdata[31]
data_sram_rdata[3]
data_sram_rdata[4]
data_sram_rdata[5]
data_sram_rdata[6]
data_sram_rdata[7]
data_sram_rdata[8]
data_sram_rdata[9]
inst_sram_rdata[0]
inst_sram_rdata[10]
inst_sram_rdata[11]
inst_sram_rdata[12]
inst_sram_rdata[13]
inst_sram_rdata[14]
inst_sram_rdata[15]
inst_sram_rdata[16]
inst_sram_rdata[17]
inst_sram_rdata[18]
inst_sram_rdata[19]
inst_sram_rdata[1]
inst_sram_rdata[20]
inst_sram_rdata[21]
inst_sram_rdata[22]
inst_sram_rdata[23]
inst_sram_rdata[24]
inst_sram_rdata[25]
inst_sram_rdata[26]
inst_sram_rdata[27]
inst_sram_rdata[28]
inst_sram_rdata[29]
inst_sram_rdata[2]
inst_sram_rdata[30]
inst_sram_rdata[31]
inst_sram_rdata[3]
inst_sram_rdata[4]
inst_sram_rdata[5]
inst_sram_rdata[6]
inst_sram_rdata[7]
inst_sram_rdata[8]
inst_sram_rdata[9]
resetn

 There are 0 input ports with no input delay but user has a false path constraint.


6. checking no_output_delay
---------------------------
 There are 174 ports with no output delay specified. (HIGH)

data_sram_addr[0]
data_sram_addr[10]
data_sram_addr[11]
data_sram_addr[12]
data_sram_addr[13]
data_sram_addr[14]
data_sram_addr[15]
data_sram_addr[16]
data_sram_addr[17]
data_sram_addr[18]
data_sram_addr[19]
data_sram_addr[1]
data_sram_addr[20]
data_sram_addr[21]
data_sram_addr[22]
data_sram_addr[23]
data_sram_addr[24]
data_sram_addr[25]
data_sram_addr[26]
data_sram_addr[27]
data_sram_addr[28]
data_sram_addr[29]
data_sram_addr[2]
data_sram_addr[30]
data_sram_addr[31]
data_sram_addr[3]
data_sram_addr[4]
data_sram_addr[5]
data_sram_addr[6]
data_sram_addr[7]
data_sram_addr[8]
data_sram_addr[9]
data_sram_wdata[0]
data_sram_wdata[10]
data_sram_wdata[11]
data_sram_wdata[12]
data_sram_wdata[13]
data_sram_wdata[14]
data_sram_wdata[15]
data_sram_wdata[16]
data_sram_wdata[17]
data_sram_wdata[18]
data_sram_wdata[19]
data_sram_wdata[1]
data_sram_wdata[20]
data_sram_wdata[21]
data_sram_wdata[22]
data_sram_wdata[23]
data_sram_wdata[24]
data_sram_wdata[25]
data_sram_wdata[26]
data_sram_wdata[27]
data_sram_wdata[28]
data_sram_wdata[29]
data_sram_wdata[2]
data_sram_wdata[30]
data_sram_wdata[31]
data_sram_wdata[3]
data_sram_wdata[4]
data_sram_wdata[5]
data_sram_wdata[6]
data_sram_wdata[7]
data_sram_wdata[8]
data_sram_wdata[9]
data_sram_wen[0]
data_sram_wen[1]
data_sram_wen[2]
data_sram_wen[3]
debug_wb_pc[0]
debug_wb_pc[10]
debug_wb_pc[11]
debug_wb_pc[12]
debug_wb_pc[13]
debug_wb_pc[14]
debug_wb_pc[15]
debug_wb_pc[16]
debug_wb_pc[17]
debug_wb_pc[18]
debug_wb_pc[19]
debug_wb_pc[1]
debug_wb_pc[20]
debug_wb_pc[21]
debug_wb_pc[22]
debug_wb_pc[23]
debug_wb_pc[24]
debug_wb_pc[25]
debug_wb_pc[26]
debug_wb_pc[27]
debug_wb_pc[28]
debug_wb_pc[29]
debug_wb_pc[2]
debug_wb_pc[30]
debug_wb_pc[31]
debug_wb_pc[3]
debug_wb_pc[4]
debug_wb_pc[5]
debug_wb_pc[6]
debug_wb_pc[7]
debug_wb_pc[8]
debug_wb_pc[9]
debug_wb_rf_wdata[0]
debug_wb_rf_wdata[10]
debug_wb_rf_wdata[11]
debug_wb_rf_wdata[12]
debug_wb_rf_wdata[13]
debug_wb_rf_wdata[14]
debug_wb_rf_wdata[15]
debug_wb_rf_wdata[16]
debug_wb_rf_wdata[17]
debug_wb_rf_wdata[18]
debug_wb_rf_wdata[19]
debug_wb_rf_wdata[1]
debug_wb_rf_wdata[20]
debug_wb_rf_wdata[21]
debug_wb_rf_wdata[22]
debug_wb_rf_wdata[23]
debug_wb_rf_wdata[24]
debug_wb_rf_wdata[25]
debug_wb_rf_wdata[26]
debug_wb_rf_wdata[27]
debug_wb_rf_wdata[28]
debug_wb_rf_wdata[29]
debug_wb_rf_wdata[2]
debug_wb_rf_wdata[30]
debug_wb_rf_wdata[31]
debug_wb_rf_wdata[3]
debug_wb_rf_wdata[4]
debug_wb_rf_wdata[5]
debug_wb_rf_wdata[6]
debug_wb_rf_wdata[7]
debug_wb_rf_wdata[8]
debug_wb_rf_wdata[9]
debug_wb_rf_wen[0]
debug_wb_rf_wen[1]
debug_wb_rf_wen[2]
debug_wb_rf_wen[3]
debug_wb_rf_wnum[0]
debug_wb_rf_wnum[1]
debug_wb_rf_wnum[2]
debug_wb_rf_wnum[3]
debug_wb_rf_wnum[4]
inst_sram_addr[0]
inst_sram_addr[10]
inst_sram_addr[11]
inst_sram_addr[12]
inst_sram_addr[13]
inst_sram_addr[14]
inst_sram_addr[15]
inst_sram_addr[16]
inst_sram_addr[17]
inst_sram_addr[18]
inst_sram_addr[19]
inst_sram_addr[1]
inst_sram_addr[20]
inst_sram_addr[21]
inst_sram_addr[22]
inst_sram_addr[23]
inst_sram_addr[24]
inst_sram_addr[25]
inst_sram_addr[26]
inst_sram_addr[27]
inst_sram_addr[28]
inst_sram_addr[29]
inst_sram_addr[2]
inst_sram_addr[30]
inst_sram_addr[31]
inst_sram_addr[3]
inst_sram_addr[4]
inst_sram_addr[5]
inst_sram_addr[6]
inst_sram_addr[7]
inst_sram_addr[8]
inst_sram_addr[9]
inst_sram_en

 There are 0 ports with no output delay but user has a false path constraint

 There are 0 ports with no output delay but with a timing clock defined on it or propagating through it


7. checking multiple_clock
--------------------------
 There are 0 register/latch pins with multiple clocks.


8. checking generated_clocks
----------------------------
 There are 0 generated clocks that are not connected to a clock source.


9. checking loops
-----------------
 There are 0 combinational loops in the design.


10. checking partial_input_delay
--------------------------------
 There are 0 input ports with partial input delay specified.


11. checking partial_output_delay
---------------------------------
 There are 0 ports with partial output delay specified.


12. checking latch_loops
------------------------
 There are 0 combinational latch loops in the design through latch input



------------------------------------------------------------------------------------------------
| Design Timing Summary
| ---------------------
------------------------------------------------------------------------------------------------

    WNS(ns)      TNS(ns)  TNS Failing Endpoints  TNS Total Endpoints      WHS(ns)      THS(ns)  THS Failing Endpoints  THS Total Endpoints     WPWS(ns)     TPWS(ns)  TPWS Failing Endpoints  TPWS Total Endpoints  
    -------      -------  ---------------------  -------------------      -------      -------  ---------------------  -------------------     --------     --------  ----------------------  --------------------  
      1.999        0.000                      0                 1432       -0.027       -4.821                    352                 1432        4.090        0.000                       0                   508  


Timing constraints are not met.


------------------------------------------------------------------------------------------------
| Clock Summary
| -------------
------------------------------------------------------------------------------------------------

Clock  Waveform(ns)       Period(ns)      Frequency(MHz)
-----  ------------       ----------      --------------
clk    {0.000 5.000}      10.000          100.000         


------------------------------------------------------------------------------------------------
| Intra Clock Table
| -----------------
------------------------------------------------------------------------------------------------

Clock             WNS(ns)      TNS(ns)  TNS Failing Endpoints  TNS Total Endpoints      WHS(ns)      THS(ns)  THS Failing Endpoints  THS Total Endpoints     WPWS(ns)     TPWS(ns)  TPWS Failing Endpoints  TPWS Total Endpoints  
-----             -------      -------  ---------------------  -------------------      -------      -------  ---------------------  -------------------     --------     --------  ----------------------  --------------------  
clk                 1.999        0.000                      0                 1432       -0.027       -4.821                    352                 1432        4.090        0.000                       0                   508  


------------------------------------------------------------------------------------------------
| Inter Clock Table
| -----------------
------------------------------------------------------------------------------------------------

From Clock    To Clock          WNS(ns)      TNS(ns)  TNS Failing Endpoints  TNS Total Endpoints      WHS(ns)      THS(ns)  THS Failing Endpoints  THS Total Endpoints  
----------    --------          -------      -------  ---------------------  -------------------      -------      -------  ---------------------  -------------------  


------------------------------------------------------------------------------------------------
| Other Path Groups Table
| -----------------------
------------------------------------------------------------------------------------------------

Path Group    From Clock    To Clock          WNS(ns)      TNS(ns)  TNS Failing Endpoints  TNS Total Endpoints      WHS(ns)      THS(ns)  THS Failing Endpoints  THS Total Endpoints  
----------    ----------    --------          -------      -------  ---------------------  -------------------      -------      -------  ---------------------  -------------------  


------------------------------------------------------------------------------------------------
| User Ignored Path Table
| -----------------------
------------------------------------------------------------------------------------------------

Path Group    From Clock    To Clock    
----------    ----------    --------    


------------------------------------------------------------------------------------------------
| Unconstrained Path Table
| ------------------------
------------------------------------------------------------------------------------------------

Path Group    From Clock    To Clock    
----------    ----------    --------    
(none)        clk                         
(none)                      clk           


------------------------------------------------------------------------------------------------
| Timing Details
| --------------
------------------------------------------------------------------------------------------------


---------------------------------------------------------------------------------------------------
From Clock:  clk
  To Clock:  clk

Setup :            0  Failing Endpoints,  Worst Slack        1.999ns,  Total Violation        0.000ns
Hold  :          352  Failing Endpoints,  Worst Slack       -0.027ns,  Total Violation       -4.821ns
PW    :            0  Failing Endpoints,  Worst Slack        4.090ns,  Total Violation        0.000ns
---------------------------------------------------------------------------------------------------


Max Delay Paths
--------------------------------------------------------------------------------------
Slack (MET) :             1.999ns  (required time - arrival time)
  Source:                 es_src1_is_pc_reg/C
                            (rising edge-triggered cell FDRE clocked by clk  {rise@0.000ns fall@5.000ns period=10.000ns})
  Destination:            u_pc/pc_reg[30]/D
                            (rising edge-triggered cell FDRE clocked by clk  {rise@0.000ns fall@5.000ns period=10.000ns})
  Path Group:             clk
  Path Type:              Setup (Max at Slow Process Corner)
  Requirement:            10.000ns  (clk rise@10.000ns - clk rise@0.000ns)
  Data Path Delay:        7.872ns  (logic 2.338ns (29.700%)  route 5.534ns (70.300%))
  Logic Levels:           21  (CARRY4=10 LUT3=1 LUT5=3 LUT6=7)
  Clock Path Skew:        -0.145ns (DCD - SCD + CPR)
    Destination Clock Delay (DCD):    1.860ns = ( 11.860 - 10.000 ) 
    Source Clock Delay      (SCD):    2.117ns
    Clock Pessimism Removal (CPR):    0.112ns
  Clock Uncertainty:      0.035ns  ((TSJ^2 + TIJ^2)^1/2 + DJ) / 2 + PE
    Total System Jitter     (TSJ):    0.071ns
    Total Input Jitter      (TIJ):    0.000ns
    Discrete Jitter          (DJ):    0.000ns
    Phase Error              (PE):    0.000ns

    Location             Delay type                Incr(ns)  Path(ns)    Netlist Resource(s)
  -------------------------------------------------------------------    -------------------
                         (clock clk rise edge)        0.000     0.000 r  
                                                      0.000     0.000 r  clk (IN)
                         net (fo=0)                   0.000     0.000    clk
                                                                      r  clk_IBUF_inst/I
                         IBUF (Prop_ibuf_I_O)         0.830     0.830 r  clk_IBUF_inst/O
                         net (fo=1, unplaced)         0.584     1.413    clk_IBUF
                                                                      r  clk_IBUF_BUFG_inst/I
                         BUFG (Prop_bufg_I_O)         0.120     1.533 r  clk_IBUF_BUFG_inst/O
                         net (fo=507, unplaced)       0.584     2.117    clk_IBUF_BUFG
                         FDRE                                         r  es_src1_is_pc_reg/C
  -------------------------------------------------------------------    -------------------
                         FDRE (Prop_fdre_C_Q)         0.269     2.386 r  es_src1_is_pc_reg/Q
                         net (fo=221, unplaced)       0.662     3.048    u_pc/es_src2_is_4
                                                                      r  u_pc/alu_result0_carry_i_2/I0
                         LUT5 (Prop_lut5_I0_O)        0.153     3.201 r  u_pc/alu_result0_carry_i_2/O
                         net (fo=130, unplaced)       0.770     3.971    u_pc/es_pc_reg[15][2]
                                                                      r  u_pc/data_sram_addr_OBUF[24]_inst_i_12/I1
                         LUT6 (Prop_lut6_I1_O)        0.053     4.024 r  u_pc/data_sram_addr_OBUF[24]_inst_i_12/O
                         net (fo=4, unplaced)         0.545     4.569    u_pc/data_sram_addr_OBUF[24]_inst_i_12_n_0
                                                                      r  u_pc/data_sram_addr_OBUF[22]_inst_i_8/I0
                         LUT5 (Prop_lut5_I0_O)        0.053     4.622 r  u_pc/data_sram_addr_OBUF[22]_inst_i_8/O
                         net (fo=2, unplaced)         0.351     4.973    u_pc/data_sram_addr_OBUF[22]_inst_i_8_n_0
                                                                      r  u_pc/data_sram_addr_OBUF[21]_inst_i_4/I4
                         LUT6 (Prop_lut6_I4_O)        0.053     5.026 r  u_pc/data_sram_addr_OBUF[21]_inst_i_4/O
                         net (fo=1, unplaced)         0.521     5.547    u_pc/data_sram_addr_OBUF[21]_inst_i_4_n_0
                                                                      r  u_pc/data_sram_addr_OBUF[21]_inst_i_2/I2
                         LUT6 (Prop_lut6_I2_O)        0.053     5.600 r  u_pc/data_sram_addr_OBUF[21]_inst_i_2/O
                         net (fo=1, unplaced)         0.521     6.121    u_alu/ms_alu_result_reg[21]
                                                                      r  u_alu/data_sram_addr_OBUF[21]_inst_i_1/I2
                         LUT6 (Prop_lut6_I2_O)        0.053     6.174 r  u_alu/data_sram_addr_OBUF[21]_inst_i_1/O
                         net (fo=5, unplaced)         0.368     6.542    u_alu/data_sram_addr_OBUF[21]
                                                                      r  u_alu/es_rs_value[21]_i_1/I3
                         LUT5 (Prop_lut5_I3_O)        0.053     6.595 r  u_alu/es_rs_value[21]_i_1/O
                         net (fo=5, unplaced)         0.693     7.288    u_alu/rs_value[21]
                                                                      r  u_alu/ds_pc[31]_i_55/I0
                         LUT6 (Prop_lut6_I0_O)        0.053     7.341 r  u_alu/ds_pc[31]_i_55/O
                         net (fo=1, unplaced)         0.000     7.341    u_alu/ds_pc[31]_i_55_n_0
                                                                      r  u_alu/ds_pc_reg[31]_i_36/S[3]
                         CARRY4 (Prop_carry4_S[3]_CO[3])
                                                      0.233     7.574 r  u_alu/ds_pc_reg[31]_i_36/CO[3]
                         net (fo=1, unplaced)         0.000     7.574    u_alu/ds_pc_reg[31]_i_36_n_0
                                                                      r  u_alu/ds_pc_reg[31]_i_19/CI
                         CARRY4 (Prop_carry4_CI_CO[2])
                                                      0.150     7.724 f  u_alu/ds_pc_reg[31]_i_19/CO[2]
                         net (fo=2, unplaced)         0.350     8.074    u_pc/CO[0]
                                                                      f  u_pc/ds_pc[31]_i_7/I0
                         LUT6 (Prop_lut6_I0_O)        0.160     8.234 r  u_pc/ds_pc[31]_i_7/O
                         net (fo=1, unplaced)         0.340     8.574    u_alu/pc_reg[0]_2
                                                                      r  u_alu/ds_pc[31]_i_3/I5
                         LUT6 (Prop_lut6_I5_O)        0.053     8.627 r  u_alu/ds_pc[31]_i_3/O
                         net (fo=35, unplaced)        0.413     9.040    u_alu/ds_valid_reg
                                                                      r  u_alu/pc[1]_i_2/I1
                         LUT3 (Prop_lut3_I1_O)        0.062     9.102 r  u_alu/pc[1]_i_2/O
                         net (fo=1, unplaced)         0.000     9.102    u_alu/pc[1]_i_2_n_0
                                                                      r  u_alu/pc_reg[1]_i_1/DI[1]
                         CARRY4 (Prop_carry4_DI[1]_CO[3])
                                                      0.319     9.421 r  u_alu/pc_reg[1]_i_1/CO[3]
                         net (fo=1, unplaced)         0.000     9.421    u_alu/pc_reg[1]_i_1_n_0
                                                                      r  u_alu/pc_reg[5]_i_1/CI
                         CARRY4 (Prop_carry4_CI_CO[3])
                                                      0.058     9.479 r  u_alu/pc_reg[5]_i_1/CO[3]
                         net (fo=1, unplaced)         0.000     9.479    u_alu/pc_reg[5]_i_1_n_0
                                                                      r  u_alu/pc_reg[9]_i_1/CI
                         CARRY4 (Prop_carry4_CI_CO[3])
                                                      0.058     9.537 r  u_alu/pc_reg[9]_i_1/CO[3]
                         net (fo=1, unplaced)         0.000     9.537    u_alu/pc_reg[9]_i_1_n_0
                                                                      r  u_alu/pc_reg[13]_i_1/CI
                         CARRY4 (Prop_carry4_CI_CO[3])
                                                      0.058     9.595 r  u_alu/pc_reg[13]_i_1/CO[3]
                         net (fo=1, unplaced)         0.000     9.595    u_alu/pc_reg[13]_i_1_n_0
                                                                      r  u_alu/pc_reg[17]_i_1/CI
                         CARRY4 (Prop_carry4_CI_CO[3])
                                                      0.058     9.653 r  u_alu/pc_reg[17]_i_1/CO[3]
                         net (fo=1, unplaced)         0.000     9.653    u_alu/pc_reg[17]_i_1_n_0
                                                                      r  u_alu/pc_reg[21]_i_1/CI
                         CARRY4 (Prop_carry4_CI_CO[3])
                                                      0.058     9.711 r  u_alu/pc_reg[21]_i_1/CO[3]
                         net (fo=1, unplaced)         0.000     9.711    u_alu/pc_reg[21]_i_1_n_0
                                                                      r  u_alu/pc_reg[25]_i_1/CI
                         CARRY4 (Prop_carry4_CI_CO[3])
                                                      0.058     9.769 r  u_alu/pc_reg[25]_i_1/CO[3]
                         net (fo=1, unplaced)         0.000     9.769    u_alu/pc_reg[25]_i_1_n_0
                                                                      r  u_alu/pc_reg[29]_i_1/CI
                         CARRY4 (Prop_carry4_CI_O[1])
                                                      0.220     9.989 r  u_alu/pc_reg[29]_i_1/O[1]
                         net (fo=1, unplaced)         0.000     9.989    u_pc/pc_reg[31]_0[1]
                         FDRE                                         r  u_pc/pc_reg[30]/D
  -------------------------------------------------------------------    -------------------

                         (clock clk rise edge)       10.000    10.000 r  
                                                      0.000    10.000 r  clk (IN)
                         net (fo=0)                   0.000    10.000    clk
                                                                      r  clk_IBUF_inst/I
                         IBUF (Prop_ibuf_I_O)         0.754    10.754 r  clk_IBUF_inst/O
                         net (fo=1, unplaced)         0.554    11.308    clk_IBUF
                                                                      r  clk_IBUF_BUFG_inst/I
                         BUFG (Prop_bufg_I_O)         0.113    11.421 r  clk_IBUF_BUFG_inst/O
                         net (fo=507, unplaced)       0.439    11.860    u_pc/clk_IBUF_BUFG
                         FDRE                                         r  u_pc/pc_reg[30]/C
                         clock pessimism              0.112    11.972    
                         clock uncertainty           -0.035    11.937    
                         FDRE (Setup_fdre_C_D)        0.051    11.988    u_pc/pc_reg[30]
  -------------------------------------------------------------------
                         required time                         11.988    
                         arrival time                          -9.989    
  -------------------------------------------------------------------
                         slack                                  1.999    

Slack (MET) :             2.057ns  (required time - arrival time)
  Source:                 es_src1_is_pc_reg/C
                            (rising edge-triggered cell FDRE clocked by clk  {rise@0.000ns fall@5.000ns period=10.000ns})
  Destination:            u_pc/pc_reg[26]/D
                            (rising edge-triggered cell FDSE clocked by clk  {rise@0.000ns fall@5.000ns period=10.000ns})
  Path Group:             clk
  Path Type:              Setup (Max at Slow Process Corner)
  Requirement:            10.000ns  (clk rise@10.000ns - clk rise@0.000ns)
  Data Path Delay:        7.814ns  (logic 2.280ns (29.178%)  route 5.534ns (70.822%))
  Logic Levels:           20  (CARRY4=9 LUT3=1 LUT5=3 LUT6=7)
  Clock Path Skew:        -0.145ns (DCD - SCD + CPR)
    Destination Clock Delay (DCD):    1.860ns = ( 11.860 - 10.000 ) 
    Source Clock Delay      (SCD):    2.117ns
    Clock Pessimism Removal (CPR):    0.112ns
  Clock Uncertainty:      0.035ns  ((TSJ^2 + TIJ^2)^1/2 + DJ) / 2 + PE
    Total System Jitter     (TSJ):    0.071ns
    Total Input Jitter      (TIJ):    0.000ns
    Discrete Jitter          (DJ):    0.000ns
    Phase Error              (PE):    0.000ns

    Location             Delay type                Incr(ns)  Path(ns)    Netlist Resource(s)
  -------------------------------------------------------------------    -------------------
                         (clock clk rise edge)        0.000     0.000 r  
                                                      0.000     0.000 r  clk (IN)
                         net (fo=0)                   0.000     0.000    clk
                                                                      r  clk_IBUF_inst/I
                         IBUF (Prop_ibuf_I_O)         0.830     0.830 r  clk_IBUF_inst/O
                         net (fo=1, unplaced)         0.584     1.413    clk_IBUF
                                                                      r  clk_IBUF_BUFG_inst/I
                         BUFG (Prop_bufg_I_O)         0.120     1.533 r  clk_IBUF_BUFG_inst/O
                         net (fo=507, unplaced)       0.584     2.117    clk_IBUF_BUFG
                         FDRE                                         r  es_src1_is_pc_reg/C
  -------------------------------------------------------------------    -------------------
                         FDRE (Prop_fdre_C_Q)         0.269     2.386 r  es_src1_is_pc_reg/Q
                         net (fo=221, unplaced)       0.662     3.048    u_pc/es_src2_is_4
                                                                      r  u_pc/alu_result0_carry_i_2/I0
                         LUT5 (Prop_lut5_I0_O)        0.153     3.201 r  u_pc/alu_result0_carry_i_2/O
                         net (fo=130, unplaced)       0.770     3.971    u_pc/es_pc_reg[15][2]
                                                                      r  u_pc/data_sram_addr_OBUF[24]_inst_i_12/I1
                         LUT6 (Prop_lut6_I1_O)        0.053     4.024 r  u_pc/data_sram_addr_OBUF[24]_inst_i_12/O
                         net (fo=4, unplaced)         0.545     4.569    u_pc/data_sram_addr_OBUF[24]_inst_i_12_n_0
                                                                      r  u_pc/data_sram_addr_OBUF[22]_inst_i_8/I0
                         LUT5 (Prop_lut5_I0_O)        0.053     4.622 r  u_pc/data_sram_addr_OBUF[22]_inst_i_8/O
                         net (fo=2, unplaced)         0.351     4.973    u_pc/data_sram_addr_OBUF[22]_inst_i_8_n_0
                                                                      r  u_pc/data_sram_addr_OBUF[21]_inst_i_4/I4
                         LUT6 (Prop_lut6_I4_O)        0.053     5.026 r  u_pc/data_sram_addr_OBUF[21]_inst_i_4/O
                         net (fo=1, unplaced)         0.521     5.547    u_pc/data_sram_addr_OBUF[21]_inst_i_4_n_0
                                                                      r  u_pc/data_sram_addr_OBUF[21]_inst_i_2/I2
                         LUT6 (Prop_lut6_I2_O)        0.053     5.600 r  u_pc/data_sram_addr_OBUF[21]_inst_i_2/O
                         net (fo=1, unplaced)         0.521     6.121    u_alu/ms_alu_result_reg[21]
                                                                      r  u_alu/data_sram_addr_OBUF[21]_inst_i_1/I2
                         LUT6 (Prop_lut6_I2_O)        0.053     6.174 r  u_alu/data_sram_addr_OBUF[21]_inst_i_1/O
                         net (fo=5, unplaced)         0.368     6.542    u_alu/data_sram_addr_OBUF[21]
                                                                      r  u_alu/es_rs_value[21]_i_1/I3
                         LUT5 (Prop_lut5_I3_O)        0.053     6.595 r  u_alu/es_rs_value[21]_i_1/O
                         net (fo=5, unplaced)         0.693     7.288    u_alu/rs_value[21]
                                                                      r  u_alu/ds_pc[31]_i_55/I0
                         LUT6 (Prop_lut6_I0_O)        0.053     7.341 r  u_alu/ds_pc[31]_i_55/O
                         net (fo=1, unplaced)         0.000     7.341    u_alu/ds_pc[31]_i_55_n_0
                                                                      r  u_alu/ds_pc_reg[31]_i_36/S[3]
                         CARRY4 (Prop_carry4_S[3]_CO[3])
                                                      0.233     7.574 r  u_alu/ds_pc_reg[31]_i_36/CO[3]
                         net (fo=1, unplaced)         0.000     7.574    u_alu/ds_pc_reg[31]_i_36_n_0
                                                                      r  u_alu/ds_pc_reg[31]_i_19/CI
                         CARRY4 (Prop_carry4_CI_CO[2])
                                                      0.150     7.724 f  u_alu/ds_pc_reg[31]_i_19/CO[2]
                         net (fo=2, unplaced)         0.350     8.074    u_pc/CO[0]
                                                                      f  u_pc/ds_pc[31]_i_7/I0
                         LUT6 (Prop_lut6_I0_O)        0.160     8.234 r  u_pc/ds_pc[31]_i_7/O
                         net (fo=1, unplaced)         0.340     8.574    u_alu/pc_reg[0]_2
                                                                      r  u_alu/ds_pc[31]_i_3/I5
                         LUT6 (Prop_lut6_I5_O)        0.053     8.627 r  u_alu/ds_pc[31]_i_3/O
                         net (fo=35, unplaced)        0.413     9.040    u_alu/ds_valid_reg
                                                                      r  u_alu/pc[1]_i_2/I1
                         LUT3 (Prop_lut3_I1_O)        0.062     9.102 r  u_alu/pc[1]_i_2/O
                         net (fo=1, unplaced)         0.000     9.102    u_alu/pc[1]_i_2_n_0
                                                                      r  u_alu/pc_reg[1]_i_1/DI[1]
                         CARRY4 (Prop_carry4_DI[1]_CO[3])
                                                      0.319     9.421 r  u_alu/pc_reg[1]_i_1/CO[3]
                         net (fo=1, unplaced)         0.000     9.421    u_alu/pc_reg[1]_i_1_n_0
                                                                      r  u_alu/pc_reg[5]_i_1/CI
                         CARRY4 (Prop_carry4_CI_CO[3])
                                                      0.058     9.479 r  u_alu/pc_reg[5]_i_1/CO[3]
                         net (fo=1, unplaced)         0.000     9.479    u_alu/pc_reg[5]_i_1_n_0
                                                                      r  u_alu/pc_reg[9]_i_1/CI
                         CARRY4 (Prop_carry4_CI_CO[3])
                                                      0.058     9.537 r  u_alu/pc_reg[9]_i_1/CO[3]
                         net (fo=1, unplaced)         0.000     9.537    u_alu/pc_reg[9]_i_1_n_0
                                                                      r  u_alu/pc_reg[13]_i_1/CI
                         CARRY4 (Prop_carry4_CI_CO[3])
                                                      0.058     9.595 r  u_alu/pc_reg[13]_i_1/CO[3]
                         net (fo=1, unplaced)         0.000     9.595    u_alu/pc_reg[13]_i_1_n_0
                                                                      r  u_alu/pc_reg[17]_i_1/CI
                         CARRY4 (Prop_carry4_CI_CO[3])
                                                      0.058     9.653 r  u_alu/pc_reg[17]_i_1/CO[3]
                         net (fo=1, unplaced)         0.000     9.653    u_alu/pc_reg[17]_i_1_n_0
                                                                      r  u_alu/pc_reg[21]_i_1/CI
                         CARRY4 (Prop_carry4_CI_CO[3])
                                                      0.058     9.711 r  u_alu/pc_reg[21]_i_1/CO[3]
                         net (fo=1, unplaced)         0.000     9.711    u_alu/pc_reg[21]_i_1_n_0
                                                                      r  u_alu/pc_reg[25]_i_1/CI
                         CARRY4 (Prop_carry4_CI_O[1])
                                                      0.220     9.931 r  u_alu/pc_reg[25]_i_1/O[1]
                         net (fo=1, unplaced)         0.000     9.931    u_pc/pc_reg[28]_0[1]
                         FDSE                                         r  u_pc/pc_reg[26]/D
  -------------------------------------------------------------------    -------------------

                         (clock clk rise edge)       10.000    10.000 r  
                                                      0.000    10.000 r  clk (IN)
                         net (fo=0)                   0.000    10.000    clk
                                                                      r  clk_IBUF_inst/I
                         IBUF (Prop_ibuf_I_O)         0.754    10.754 r  clk_IBUF_inst/O
                         net (fo=1, unplaced)         0.554    11.308    clk_IBUF
                                                                      r  clk_IBUF_BUFG_inst/I
                         BUFG (Prop_bufg_I_O)         0.113    11.421 r  clk_IBUF_BUFG_inst/O
                         net (fo=507, unplaced)       0.439    11.860    u_pc/clk_IBUF_BUFG
                         FDSE                                         r  u_pc/pc_reg[26]/C
                         clock pessimism              0.112    11.972    
                         clock uncertainty           -0.035    11.937    
                         FDSE (Setup_fdse_C_D)        0.051    11.988    u_pc/pc_reg[26]
  -------------------------------------------------------------------
                         required time                         11.988    
                         arrival time                          -9.931    
  -------------------------------------------------------------------
                         slack                                  2.057    

Slack (MET) :             2.073ns  (required time - arrival time)
  Source:                 es_src1_is_pc_reg/C
                            (rising edge-triggered cell FDRE clocked by clk  {rise@0.000ns fall@5.000ns period=10.000ns})
  Destination:            u_pc/pc_reg[29]/D
                            (rising edge-triggered cell FDSE clocked by clk  {rise@0.000ns fall@5.000ns period=10.000ns})
  Path Group:             clk
  Path Type:              Setup (Max at Slow Process Corner)
  Requirement:            10.000ns  (clk rise@10.000ns - clk rise@0.000ns)
  Data Path Delay:        7.798ns  (logic 2.264ns (29.033%)  route 5.534ns (70.967%))
  Logic Levels:           21  (CARRY4=10 LUT3=1 LUT5=3 LUT6=7)
  Clock Path Skew:        -0.145ns (DCD - SCD + CPR)
    Destination Clock Delay (DCD):    1.860ns = ( 11.860 - 10.000 ) 
    Source Clock Delay      (SCD):    2.117ns
    Clock Pessimism Removal (CPR):    0.112ns
  Clock Uncertainty:      0.035ns  ((TSJ^2 + TIJ^2)^1/2 + DJ) / 2 + PE
    Total System Jitter     (TSJ):    0.071ns
    Total Input Jitter      (TIJ):    0.000ns
    Discrete Jitter          (DJ):    0.000ns
    Phase Error              (PE):    0.000ns

    Location             Delay type                Incr(ns)  Path(ns)    Netlist Resource(s)
  -------------------------------------------------------------------    -------------------
                         (clock clk rise edge)        0.000     0.000 r  
                                                      0.000     0.000 r  clk (IN)
                         net (fo=0)                   0.000     0.000    clk
                                                                      r  clk_IBUF_inst/I
                         IBUF (Prop_ibuf_I_O)         0.830     0.830 r  clk_IBUF_inst/O
                         net (fo=1, unplaced)         0.584     1.413    clk_IBUF
                                                                      r  clk_IBUF_BUFG_inst/I
                         BUFG (Prop_bufg_I_O)         0.120     1.533 r  clk_IBUF_BUFG_inst/O
                         net (fo=507, unplaced)       0.584     2.117    clk_IBUF_BUFG
                         FDRE                                         r  es_src1_is_pc_reg/C
  -------------------------------------------------------------------    -------------------
                         FDRE (Prop_fdre_C_Q)         0.269     2.386 r  es_src1_is_pc_reg/Q
                         net (fo=221, unplaced)       0.662     3.048    u_pc/es_src2_is_4
                                                                      r  u_pc/alu_result0_carry_i_2/I0
                         LUT5 (Prop_lut5_I0_O)        0.153     3.201 r  u_pc/alu_result0_carry_i_2/O
                         net (fo=130, unplaced)       0.770     3.971    u_pc/es_pc_reg[15][2]
                                                                      r  u_pc/data_sram_addr_OBUF[24]_inst_i_12/I1
                         LUT6 (Prop_lut6_I1_O)        0.053     4.024 r  u_pc/data_sram_addr_OBUF[24]_inst_i_12/O
                         net (fo=4, unplaced)         0.545     4.569    u_pc/data_sram_addr_OBUF[24]_inst_i_12_n_0
                                                                      r  u_pc/data_sram_addr_OBUF[22]_inst_i_8/I0
                         LUT5 (Prop_lut5_I0_O)        0.053     4.622 r  u_pc/data_sram_addr_OBUF[22]_inst_i_8/O
                         net (fo=2, unplaced)         0.351     4.973    u_pc/data_sram_addr_OBUF[22]_inst_i_8_n_0
                                                                      r  u_pc/data_sram_addr_OBUF[21]_inst_i_4/I4
                         LUT6 (Prop_lut6_I4_O)        0.053     5.026 r  u_pc/data_sram_addr_OBUF[21]_inst_i_4/O
                         net (fo=1, unplaced)         0.521     5.547    u_pc/data_sram_addr_OBUF[21]_inst_i_4_n_0
                                                                      r  u_pc/data_sram_addr_OBUF[21]_inst_i_2/I2
                         LUT6 (Prop_lut6_I2_O)        0.053     5.600 r  u_pc/data_sram_addr_OBUF[21]_inst_i_2/O
                         net (fo=1, unplaced)         0.521     6.121    u_alu/ms_alu_result_reg[21]
                                                                      r  u_alu/data_sram_addr_OBUF[21]_inst_i_1/I2
                         LUT6 (Prop_lut6_I2_O)        0.053     6.174 r  u_alu/data_sram_addr_OBUF[21]_inst_i_1/O
                         net (fo=5, unplaced)         0.368     6.542    u_alu/data_sram_addr_OBUF[21]
                                                                      r  u_alu/es_rs_value[21]_i_1/I3
                         LUT5 (Prop_lut5_I3_O)        0.053     6.595 r  u_alu/es_rs_value[21]_i_1/O
                         net (fo=5, unplaced)         0.693     7.288    u_alu/rs_value[21]
                                                                      r  u_alu/ds_pc[31]_i_55/I0
                         LUT6 (Prop_lut6_I0_O)        0.053     7.341 r  u_alu/ds_pc[31]_i_55/O
                         net (fo=1, unplaced)         0.000     7.341    u_alu/ds_pc[31]_i_55_n_0
                                                                      r  u_alu/ds_pc_reg[31]_i_36/S[3]
                         CARRY4 (Prop_carry4_S[3]_CO[3])
                                                      0.233     7.574 r  u_alu/ds_pc_reg[31]_i_36/CO[3]
                         net (fo=1, unplaced)         0.000     7.574    u_alu/ds_pc_reg[31]_i_36_n_0
                                                                      r  u_alu/ds_pc_reg[31]_i_19/CI
                         CARRY4 (Prop_carry4_CI_CO[2])
                                                      0.150     7.724 f  u_alu/ds_pc_reg[31]_i_19/CO[2]
                         net (fo=2, unplaced)         0.350     8.074    u_pc/CO[0]
                                                                      f  u_pc/ds_pc[31]_i_7/I0
                         LUT6 (Prop_lut6_I0_O)        0.160     8.234 r  u_pc/ds_pc[31]_i_7/O
                         net (fo=1, unplaced)         0.340     8.574    u_alu/pc_reg[0]_2
                                                                      r  u_alu/ds_pc[31]_i_3/I5
                         LUT6 (Prop_lut6_I5_O)        0.053     8.627 r  u_alu/ds_pc[31]_i_3/O
                         net (fo=35, unplaced)        0.413     9.040    u_alu/ds_valid_reg
                                                                      r  u_alu/pc[1]_i_2/I1
                         LUT3 (Prop_lut3_I1_O)        0.062     9.102 r  u_alu/pc[1]_i_2/O
                         net (fo=1, unplaced)         0.000     9.102    u_alu/pc[1]_i_2_n_0
                                                                      r  u_alu/pc_reg[1]_i_1/DI[1]
                         CARRY4 (Prop_carry4_DI[1]_CO[3])
                                                      0.319     9.421 r  u_alu/pc_reg[1]_i_1/CO[3]
                         net (fo=1, unplaced)         0.000     9.421    u_alu/pc_reg[1]_i_1_n_0
                                                                      r  u_alu/pc_reg[5]_i_1/CI
                         CARRY4 (Prop_carry4_CI_CO[3])
                                                      0.058     9.479 r  u_alu/pc_reg[5]_i_1/CO[3]
                         net (fo=1, unplaced)         0.000     9.479    u_alu/pc_reg[5]_i_1_n_0
                                                                      r  u_alu/pc_reg[9]_i_1/CI
                         CARRY4 (Prop_carry4_CI_CO[3])
                                                      0.058     9.537 r  u_alu/pc_reg[9]_i_1/CO[3]
                         net (fo=1, unplaced)         0.000     9.537    u_alu/pc_reg[9]_i_1_n_0
                                                                      r  u_alu/pc_reg[13]_i_1/CI
                         CARRY4 (Prop_carry4_CI_CO[3])
                                                      0.058     9.595 r  u_alu/pc_reg[13]_i_1/CO[3]
                         net (fo=1, unplaced)         0.000     9.595    u_alu/pc_reg[13]_i_1_n_0
                                                                      r  u_alu/pc_reg[17]_i_1/CI
                         CARRY4 (Prop_carry4_CI_CO[3])
                                                      0.058     9.653 r  u_alu/pc_reg[17]_i_1/CO[3]
                         net (fo=1, unplaced)         0.000     9.653    u_alu/pc_reg[17]_i_1_n_0
                                                                      r  u_alu/pc_reg[21]_i_1/CI
                         CARRY4 (Prop_carry4_CI_CO[3])
                                                      0.058     9.711 r  u_alu/pc_reg[21]_i_1/CO[3]
                         net (fo=1, unplaced)         0.000     9.711    u_alu/pc_reg[21]_i_1_n_0
                                                                      r  u_alu/pc_reg[25]_i_1/CI
                         CARRY4 (Prop_carry4_CI_CO[3])
                                                      0.058     9.769 r  u_alu/pc_reg[25]_i_1/CO[3]
                         net (fo=1, unplaced)         0.000     9.769    u_alu/pc_reg[25]_i_1_n_0
                                                                      r  u_alu/pc_reg[29]_i_1/CI
                         CARRY4 (Prop_carry4_CI_O[0])
                                                      0.146     9.915 r  u_alu/pc_reg[29]_i_1/O[0]
                         net (fo=1, unplaced)         0.000     9.915    u_pc/pc_reg[31]_0[0]
                         FDSE                                         r  u_pc/pc_reg[29]/D
  -------------------------------------------------------------------    -------------------

                         (clock clk rise edge)       10.000    10.000 r  
                                                      0.000    10.000 r  clk (IN)
                         net (fo=0)                   0.000    10.000    clk
                                                                      r  clk_IBUF_inst/I
                         IBUF (Prop_ibuf_I_O)         0.754    10.754 r  clk_IBUF_inst/O
                         net (fo=1, unplaced)         0.554    11.308    clk_IBUF
                                                                      r  clk_IBUF_BUFG_inst/I
                         BUFG (Prop_bufg_I_O)         0.113    11.421 r  clk_IBUF_BUFG_inst/O
                         net (fo=507, unplaced)       0.439    11.860    u_pc/clk_IBUF_BUFG
                         FDSE                                         r  u_pc/pc_reg[29]/C
                         clock pessimism              0.112    11.972    
                         clock uncertainty           -0.035    11.937    
                         FDSE (Setup_fdse_C_D)        0.051    11.988    u_pc/pc_reg[29]
  -------------------------------------------------------------------
                         required time                         11.988    
                         arrival time                          -9.915    
  -------------------------------------------------------------------
                         slack                                  2.073    

Slack (MET) :             2.075ns  (required time - arrival time)
  Source:                 es_src1_is_pc_reg/C
                            (rising edge-triggered cell FDRE clocked by clk  {rise@0.000ns fall@5.000ns period=10.000ns})
  Destination:            u_pc/pc_reg[31]/D
                            (rising edge-triggered cell FDSE clocked by clk  {rise@0.000ns fall@5.000ns period=10.000ns})
  Path Group:             clk
  Path Type:              Setup (Max at Slow Process Corner)
  Requirement:            10.000ns  (clk rise@10.000ns - clk rise@0.000ns)
  Data Path Delay:        7.796ns  (logic 2.262ns (29.015%)  route 5.534ns (70.985%))
  Logic Levels:           21  (CARRY4=10 LUT3=1 LUT5=3 LUT6=7)
  Clock Path Skew:        -0.145ns (DCD - SCD + CPR)
    Destination Clock Delay (DCD):    1.860ns = ( 11.860 - 10.000 ) 
    Source Clock Delay      (SCD):    2.117ns
    Clock Pessimism Removal (CPR):    0.112ns
  Clock Uncertainty:      0.035ns  ((TSJ^2 + TIJ^2)^1/2 + DJ) / 2 + PE
    Total System Jitter     (TSJ):    0.071ns
    Total Input Jitter      (TIJ):    0.000ns
    Discrete Jitter          (DJ):    0.000ns
    Phase Error              (PE):    0.000ns

    Location             Delay type                Incr(ns)  Path(ns)    Netlist Resource(s)
  -------------------------------------------------------------------    -------------------
                         (clock clk rise edge)        0.000     0.000 r  
                                                      0.000     0.000 r  clk (IN)
                         net (fo=0)                   0.000     0.000    clk
                                                                      r  clk_IBUF_inst/I
                         IBUF (Prop_ibuf_I_O)         0.830     0.830 r  clk_IBUF_inst/O
                         net (fo=1, unplaced)         0.584     1.413    clk_IBUF
                                                                      r  clk_IBUF_BUFG_inst/I
                         BUFG (Prop_bufg_I_O)         0.120     1.533 r  clk_IBUF_BUFG_inst/O
                         net (fo=507, unplaced)       0.584     2.117    clk_IBUF_BUFG
                         FDRE                                         r  es_src1_is_pc_reg/C
  -------------------------------------------------------------------    -------------------
                         FDRE (Prop_fdre_C_Q)         0.269     2.386 r  es_src1_is_pc_reg/Q
                         net (fo=221, unplaced)       0.662     3.048    u_pc/es_src2_is_4
                                                                      r  u_pc/alu_result0_carry_i_2/I0
                         LUT5 (Prop_lut5_I0_O)        0.153     3.201 r  u_pc/alu_result0_carry_i_2/O
                         net (fo=130, unplaced)       0.770     3.971    u_pc/es_pc_reg[15][2]
                                                                      r  u_pc/data_sram_addr_OBUF[24]_inst_i_12/I1
                         LUT6 (Prop_lut6_I1_O)        0.053     4.024 r  u_pc/data_sram_addr_OBUF[24]_inst_i_12/O
                         net (fo=4, unplaced)         0.545     4.569    u_pc/data_sram_addr_OBUF[24]_inst_i_12_n_0
                                                                      r  u_pc/data_sram_addr_OBUF[22]_inst_i_8/I0
                         LUT5 (Prop_lut5_I0_O)        0.053     4.622 r  u_pc/data_sram_addr_OBUF[22]_inst_i_8/O
                         net (fo=2, unplaced)         0.351     4.973    u_pc/data_sram_addr_OBUF[22]_inst_i_8_n_0
                                                                      r  u_pc/data_sram_addr_OBUF[21]_inst_i_4/I4
                         LUT6 (Prop_lut6_I4_O)        0.053     5.026 r  u_pc/data_sram_addr_OBUF[21]_inst_i_4/O
                         net (fo=1, unplaced)         0.521     5.547    u_pc/data_sram_addr_OBUF[21]_inst_i_4_n_0
                                                                      r  u_pc/data_sram_addr_OBUF[21]_inst_i_2/I2
                         LUT6 (Prop_lut6_I2_O)        0.053     5.600 r  u_pc/data_sram_addr_OBUF[21]_inst_i_2/O
                         net (fo=1, unplaced)         0.521     6.121    u_alu/ms_alu_result_reg[21]
                                                                      r  u_alu/data_sram_addr_OBUF[21]_inst_i_1/I2
                         LUT6 (Prop_lut6_I2_O)        0.053     6.174 r  u_alu/data_sram_addr_OBUF[21]_inst_i_1/O
                         net (fo=5, unplaced)         0.368     6.542    u_alu/data_sram_addr_OBUF[21]
                                                                      r  u_alu/es_rs_value[21]_i_1/I3
                         LUT5 (Prop_lut5_I3_O)        0.053     6.595 r  u_alu/es_rs_value[21]_i_1/O
                         net (fo=5, unplaced)         0.693     7.288    u_alu/rs_value[21]
                                                                      r  u_alu/ds_pc[31]_i_55/I0
                         LUT6 (Prop_lut6_I0_O)        0.053     7.341 r  u_alu/ds_pc[31]_i_55/O
                         net (fo=1, unplaced)         0.000     7.341    u_alu/ds_pc[31]_i_55_n_0
                                                                      r  u_alu/ds_pc_reg[31]_i_36/S[3]
                         CARRY4 (Prop_carry4_S[3]_CO[3])
                                                      0.233     7.574 r  u_alu/ds_pc_reg[31]_i_36/CO[3]
                         net (fo=1, unplaced)         0.000     7.574    u_alu/ds_pc_reg[31]_i_36_n_0
                                                                      r  u_alu/ds_pc_reg[31]_i_19/CI
                         CARRY4 (Prop_carry4_CI_CO[2])
                                                      0.150     7.724 f  u_alu/ds_pc_reg[31]_i_19/CO[2]
                         net (fo=2, unplaced)         0.350     8.074    u_pc/CO[0]
                                                                      f  u_pc/ds_pc[31]_i_7/I0
                         LUT6 (Prop_lut6_I0_O)        0.160     8.234 r  u_pc/ds_pc[31]_i_7/O
                         net (fo=1, unplaced)         0.340     8.574    u_alu/pc_reg[0]_2
                                                                      r  u_alu/ds_pc[31]_i_3/I5
                         LUT6 (Prop_lut6_I5_O)        0.053     8.627 r  u_alu/ds_pc[31]_i_3/O
                         net (fo=35, unplaced)        0.413     9.040    u_alu/ds_valid_reg
                                                                      r  u_alu/pc[1]_i_2/I1
                         LUT3 (Prop_lut3_I1_O)        0.062     9.102 r  u_alu/pc[1]_i_2/O
                         net (fo=1, unplaced)         0.000     9.102    u_alu/pc[1]_i_2_n_0
                                                                      r  u_alu/pc_reg[1]_i_1/DI[1]
                         CARRY4 (Prop_carry4_DI[1]_CO[3])
                                                      0.319     9.421 r  u_alu/pc_reg[1]_i_1/CO[3]
                         net (fo=1, unplaced)         0.000     9.421    u_alu/pc_reg[1]_i_1_n_0
                                                                      r  u_alu/pc_reg[5]_i_1/CI
                         CARRY4 (Prop_carry4_CI_CO[3])
                                                      0.058     9.479 r  u_alu/pc_reg[5]_i_1/CO[3]
                         net (fo=1, unplaced)         0.000     9.479    u_alu/pc_reg[5]_i_1_n_0
                                                                      r  u_alu/pc_reg[9]_i_1/CI
                         CARRY4 (Prop_carry4_CI_CO[3])
                                                      0.058     9.537 r  u_alu/pc_reg[9]_i_1/CO[3]
                         net (fo=1, unplaced)         0.000     9.537    u_alu/pc_reg[9]_i_1_n_0
                                                                      r  u_alu/pc_reg[13]_i_1/CI
                         CARRY4 (Prop_carry4_CI_CO[3])
                                                      0.058     9.595 r  u_alu/pc_reg[13]_i_1/CO[3]
                         net (fo=1, unplaced)         0.000     9.595    u_alu/pc_reg[13]_i_1_n_0
                                                                      r  u_alu/pc_reg[17]_i_1/CI
                         CARRY4 (Prop_carry4_CI_CO[3])
                                                      0.058     9.653 r  u_alu/pc_reg[17]_i_1/CO[3]
                         net (fo=1, unplaced)         0.000     9.653    u_alu/pc_reg[17]_i_1_n_0
                                                                      r  u_alu/pc_reg[21]_i_1/CI
                         CARRY4 (Prop_carry4_CI_CO[3])
                                                      0.058     9.711 r  u_alu/pc_reg[21]_i_1/CO[3]
                         net (fo=1, unplaced)         0.000     9.711    u_alu/pc_reg[21]_i_1_n_0
                                                                      r  u_alu/pc_reg[25]_i_1/CI
                         CARRY4 (Prop_carry4_CI_CO[3])
                                                      0.058     9.769 r  u_alu/pc_reg[25]_i_1/CO[3]
                         net (fo=1, unplaced)         0.000     9.769    u_alu/pc_reg[25]_i_1_n_0
                                                                      r  u_alu/pc_reg[29]_i_1/CI
                         CARRY4 (Prop_carry4_CI_O[2])
                                                      0.144     9.913 r  u_alu/pc_reg[29]_i_1/O[2]
                         net (fo=1, unplaced)         0.000     9.913    u_pc/pc_reg[31]_0[2]
                         FDSE                                         r  u_pc/pc_reg[31]/D
  -------------------------------------------------------------------    -------------------

                         (clock clk rise edge)       10.000    10.000 r  
                                                      0.000    10.000 r  clk (IN)
                         net (fo=0)                   0.000    10.000    clk
                                                                      r  clk_IBUF_inst/I
                         IBUF (Prop_ibuf_I_O)         0.754    10.754 r  clk_IBUF_inst/O
                         net (fo=1, unplaced)         0.554    11.308    clk_IBUF
                                                                      r  clk_IBUF_BUFG_inst/I
                         BUFG (Prop_bufg_I_O)         0.113    11.421 r  clk_IBUF_BUFG_inst/O
                         net (fo=507, unplaced)       0.439    11.860    u_pc/clk_IBUF_BUFG
                         FDSE                                         r  u_pc/pc_reg[31]/C
                         clock pessimism              0.112    11.972    
                         clock uncertainty           -0.035    11.937    
                         FDSE (Setup_fdse_C_D)        0.051    11.988    u_pc/pc_reg[31]
  -------------------------------------------------------------------
                         required time                         11.988    
                         arrival time                          -9.913    
  -------------------------------------------------------------------
                         slack                                  2.075    

Slack (MET) :             2.090ns  (required time - arrival time)
  Source:                 es_src1_is_pc_reg/C
                            (rising edge-triggered cell FDRE clocked by clk  {rise@0.000ns fall@5.000ns period=10.000ns})
  Destination:            u_pc/pc_reg[28]/D
                            (rising edge-triggered cell FDSE clocked by clk  {rise@0.000ns fall@5.000ns period=10.000ns})
  Path Group:             clk
  Path Type:              Setup (Max at Slow Process Corner)
  Requirement:            10.000ns  (clk rise@10.000ns - clk rise@0.000ns)
  Data Path Delay:        7.781ns  (logic 2.247ns (28.878%)  route 5.534ns (71.122%))
  Logic Levels:           20  (CARRY4=9 LUT3=1 LUT5=3 LUT6=7)
  Clock Path Skew:        -0.145ns (DCD - SCD + CPR)
    Destination Clock Delay (DCD):    1.860ns = ( 11.860 - 10.000 ) 
    Source Clock Delay      (SCD):    2.117ns
    Clock Pessimism Removal (CPR):    0.112ns
  Clock Uncertainty:      0.035ns  ((TSJ^2 + TIJ^2)^1/2 + DJ) / 2 + PE
    Total System Jitter     (TSJ):    0.071ns
    Total Input Jitter      (TIJ):    0.000ns
    Discrete Jitter          (DJ):    0.000ns
    Phase Error              (PE):    0.000ns

    Location             Delay type                Incr(ns)  Path(ns)    Netlist Resource(s)
  -------------------------------------------------------------------    -------------------
                         (clock clk rise edge)        0.000     0.000 r  
                                                      0.000     0.000 r  clk (IN)
                         net (fo=0)                   0.000     0.000    clk
                                                                      r  clk_IBUF_inst/I
                         IBUF (Prop_ibuf_I_O)         0.830     0.830 r  clk_IBUF_inst/O
                         net (fo=1, unplaced)         0.584     1.413    clk_IBUF
                                                                      r  clk_IBUF_BUFG_inst/I
                         BUFG (Prop_bufg_I_O)         0.120     1.533 r  clk_IBUF_BUFG_inst/O
                         net (fo=507, unplaced)       0.584     2.117    clk_IBUF_BUFG
                         FDRE                                         r  es_src1_is_pc_reg/C
  -------------------------------------------------------------------    -------------------
                         FDRE (Prop_fdre_C_Q)         0.269     2.386 r  es_src1_is_pc_reg/Q
                         net (fo=221, unplaced)       0.662     3.048    u_pc/es_src2_is_4
                                                                      r  u_pc/alu_result0_carry_i_2/I0
                         LUT5 (Prop_lut5_I0_O)        0.153     3.201 r  u_pc/alu_result0_carry_i_2/O
                         net (fo=130, unplaced)       0.770     3.971    u_pc/es_pc_reg[15][2]
                                                                      r  u_pc/data_sram_addr_OBUF[24]_inst_i_12/I1
                         LUT6 (Prop_lut6_I1_O)        0.053     4.024 r  u_pc/data_sram_addr_OBUF[24]_inst_i_12/O
                         net (fo=4, unplaced)         0.545     4.569    u_pc/data_sram_addr_OBUF[24]_inst_i_12_n_0
                                                                      r  u_pc/data_sram_addr_OBUF[22]_inst_i_8/I0
                         LUT5 (Prop_lut5_I0_O)        0.053     4.622 r  u_pc/data_sram_addr_OBUF[22]_inst_i_8/O
                         net (fo=2, unplaced)         0.351     4.973    u_pc/data_sram_addr_OBUF[22]_inst_i_8_n_0
                                                                      r  u_pc/data_sram_addr_OBUF[21]_inst_i_4/I4
                         LUT6 (Prop_lut6_I4_O)        0.053     5.026 r  u_pc/data_sram_addr_OBUF[21]_inst_i_4/O
                         net (fo=1, unplaced)         0.521     5.547    u_pc/data_sram_addr_OBUF[21]_inst_i_4_n_0
                                                                      r  u_pc/data_sram_addr_OBUF[21]_inst_i_2/I2
                         LUT6 (Prop_lut6_I2_O)        0.053     5.600 r  u_pc/data_sram_addr_OBUF[21]_inst_i_2/O
                         net (fo=1, unplaced)         0.521     6.121    u_alu/ms_alu_result_reg[21]
                                                                      r  u_alu/data_sram_addr_OBUF[21]_inst_i_1/I2
                         LUT6 (Prop_lut6_I2_O)        0.053     6.174 r  u_alu/data_sram_addr_OBUF[21]_inst_i_1/O
                         net (fo=5, unplaced)         0.368     6.542    u_alu/data_sram_addr_OBUF[21]
                                                                      r  u_alu/es_rs_value[21]_i_1/I3
                         LUT5 (Prop_lut5_I3_O)        0.053     6.595 r  u_alu/es_rs_value[21]_i_1/O
                         net (fo=5, unplaced)         0.693     7.288    u_alu/rs_value[21]
                                                                      r  u_alu/ds_pc[31]_i_55/I0
                         LUT6 (Prop_lut6_I0_O)        0.053     7.341 r  u_alu/ds_pc[31]_i_55/O
                         net (fo=1, unplaced)         0.000     7.341    u_alu/ds_pc[31]_i_55_n_0
                                                                      r  u_alu/ds_pc_reg[31]_i_36/S[3]
                         CARRY4 (Prop_carry4_S[3]_CO[3])
                                                      0.233     7.574 r  u_alu/ds_pc_reg[31]_i_36/CO[3]
                         net (fo=1, unplaced)         0.000     7.574    u_alu/ds_pc_reg[31]_i_36_n_0
                                                                      r  u_alu/ds_pc_reg[31]_i_19/CI
                         CARRY4 (Prop_carry4_CI_CO[2])
                                                      0.150     7.724 f  u_alu/ds_pc_reg[31]_i_19/CO[2]
                         net (fo=2, unplaced)         0.350     8.074    u_pc/CO[0]
                                                                      f  u_pc/ds_pc[31]_i_7/I0
                         LUT6 (Prop_lut6_I0_O)        0.160     8.234 r  u_pc/ds_pc[31]_i_7/O
                         net (fo=1, unplaced)         0.340     8.574    u_alu/pc_reg[0]_2
                                                                      r  u_alu/ds_pc[31]_i_3/I5
                         LUT6 (Prop_lut6_I5_O)        0.053     8.627 r  u_alu/ds_pc[31]_i_3/O
                         net (fo=35, unplaced)        0.413     9.040    u_alu/ds_valid_reg
                                                                      r  u_alu/pc[1]_i_2/I1
                         LUT3 (Prop_lut3_I1_O)        0.062     9.102 r  u_alu/pc[1]_i_2/O
                         net (fo=1, unplaced)         0.000     9.102    u_alu/pc[1]_i_2_n_0
                                                                      r  u_alu/pc_reg[1]_i_1/DI[1]
                         CARRY4 (Prop_carry4_DI[1]_CO[3])
                                                      0.319     9.421 r  u_alu/pc_reg[1]_i_1/CO[3]
                         net (fo=1, unplaced)         0.000     9.421    u_alu/pc_reg[1]_i_1_n_0
                                                                      r  u_alu/pc_reg[5]_i_1/CI
                         CARRY4 (Prop_carry4_CI_CO[3])
                                                      0.058     9.479 r  u_alu/pc_reg[5]_i_1/CO[3]
                         net (fo=1, unplaced)         0.000     9.479    u_alu/pc_reg[5]_i_1_n_0
                                                                      r  u_alu/pc_reg[9]_i_1/CI
                         CARRY4 (Prop_carry4_CI_CO[3])
                                                      0.058     9.537 r  u_alu/pc_reg[9]_i_1/CO[3]
                         net (fo=1, unplaced)         0.000     9.537    u_alu/pc_reg[9]_i_1_n_0
                                                                      r  u_alu/pc_reg[13]_i_1/CI
                         CARRY4 (Prop_carry4_CI_CO[3])
                                                      0.058     9.595 r  u_alu/pc_reg[13]_i_1/CO[3]
                         net (fo=1, unplaced)         0.000     9.595    u_alu/pc_reg[13]_i_1_n_0
                                                                      r  u_alu/pc_reg[17]_i_1/CI
                         CARRY4 (Prop_carry4_CI_CO[3])
                                                      0.058     9.653 r  u_alu/pc_reg[17]_i_1/CO[3]
                         net (fo=1, unplaced)         0.000     9.653    u_alu/pc_reg[17]_i_1_n_0
                                                                      r  u_alu/pc_reg[21]_i_1/CI
                         CARRY4 (Prop_carry4_CI_CO[3])
                                                      0.058     9.711 r  u_alu/pc_reg[21]_i_1/CO[3]
                         net (fo=1, unplaced)         0.000     9.711    u_alu/pc_reg[21]_i_1_n_0
                                                                      r  u_alu/pc_reg[25]_i_1/CI
                         CARRY4 (Prop_carry4_CI_O[3])
                                                      0.187     9.898 r  u_alu/pc_reg[25]_i_1/O[3]
                         net (fo=1, unplaced)         0.000     9.898    u_pc/pc_reg[28]_0[3]
                         FDSE                                         r  u_pc/pc_reg[28]/D
  -------------------------------------------------------------------    -------------------

                         (clock clk rise edge)       10.000    10.000 r  
                                                      0.000    10.000 r  clk (IN)
                         net (fo=0)                   0.000    10.000    clk
                                                                      r  clk_IBUF_inst/I
                         IBUF (Prop_ibuf_I_O)         0.754    10.754 r  clk_IBUF_inst/O
                         net (fo=1, unplaced)         0.554    11.308    clk_IBUF
                                                                      r  clk_IBUF_BUFG_inst/I
                         BUFG (Prop_bufg_I_O)         0.113    11.421 r  clk_IBUF_BUFG_inst/O
                         net (fo=507, unplaced)       0.439    11.860    u_pc/clk_IBUF_BUFG
                         FDSE                                         r  u_pc/pc_reg[28]/C
                         clock pessimism              0.112    11.972    
                         clock uncertainty           -0.035    11.937    
                         FDSE (Setup_fdse_C_D)        0.051    11.988    u_pc/pc_reg[28]
  -------------------------------------------------------------------
                         required time                         11.988    
                         arrival time                          -9.898    
  -------------------------------------------------------------------
                         slack                                  2.090    

Slack (MET) :             2.115ns  (required time - arrival time)
  Source:                 es_src1_is_pc_reg/C
                            (rising edge-triggered cell FDRE clocked by clk  {rise@0.000ns fall@5.000ns period=10.000ns})
  Destination:            u_pc/pc_reg[22]/D
                            (rising edge-triggered cell FDRE clocked by clk  {rise@0.000ns fall@5.000ns period=10.000ns})
  Path Group:             clk
  Path Type:              Setup (Max at Slow Process Corner)
  Requirement:            10.000ns  (clk rise@10.000ns - clk rise@0.000ns)
  Data Path Delay:        7.756ns  (logic 2.222ns (28.649%)  route 5.534ns (71.351%))
  Logic Levels:           19  (CARRY4=8 LUT3=1 LUT5=3 LUT6=7)
  Clock Path Skew:        -0.145ns (DCD - SCD + CPR)
    Destination Clock Delay (DCD):    1.860ns = ( 11.860 - 10.000 ) 
    Source Clock Delay      (SCD):    2.117ns
    Clock Pessimism Removal (CPR):    0.112ns
  Clock Uncertainty:      0.035ns  ((TSJ^2 + TIJ^2)^1/2 + DJ) / 2 + PE
    Total System Jitter     (TSJ):    0.071ns
    Total Input Jitter      (TIJ):    0.000ns
    Discrete Jitter          (DJ):    0.000ns
    Phase Error              (PE):    0.000ns

    Location             Delay type                Incr(ns)  Path(ns)    Netlist Resource(s)
  -------------------------------------------------------------------    -------------------
                         (clock clk rise edge)        0.000     0.000 r  
                                                      0.000     0.000 r  clk (IN)
                         net (fo=0)                   0.000     0.000    clk
                                                                      r  clk_IBUF_inst/I
                         IBUF (Prop_ibuf_I_O)         0.830     0.830 r  clk_IBUF_inst/O
                         net (fo=1, unplaced)         0.584     1.413    clk_IBUF
                                                                      r  clk_IBUF_BUFG_inst/I
                         BUFG (Prop_bufg_I_O)         0.120     1.533 r  clk_IBUF_BUFG_inst/O
                         net (fo=507, unplaced)       0.584     2.117    clk_IBUF_BUFG
                         FDRE                                         r  es_src1_is_pc_reg/C
  -------------------------------------------------------------------    -------------------
                         FDRE (Prop_fdre_C_Q)         0.269     2.386 r  es_src1_is_pc_reg/Q
                         net (fo=221, unplaced)       0.662     3.048    u_pc/es_src2_is_4
                                                                      r  u_pc/alu_result0_carry_i_2/I0
                         LUT5 (Prop_lut5_I0_O)        0.153     3.201 r  u_pc/alu_result0_carry_i_2/O
                         net (fo=130, unplaced)       0.770     3.971    u_pc/es_pc_reg[15][2]
                                                                      r  u_pc/data_sram_addr_OBUF[24]_inst_i_12/I1
                         LUT6 (Prop_lut6_I1_O)        0.053     4.024 r  u_pc/data_sram_addr_OBUF[24]_inst_i_12/O
                         net (fo=4, unplaced)         0.545     4.569    u_pc/data_sram_addr_OBUF[24]_inst_i_12_n_0
                                                                      r  u_pc/data_sram_addr_OBUF[22]_inst_i_8/I0
                         LUT5 (Prop_lut5_I0_O)        0.053     4.622 r  u_pc/data_sram_addr_OBUF[22]_inst_i_8/O
                         net (fo=2, unplaced)         0.351     4.973    u_pc/data_sram_addr_OBUF[22]_inst_i_8_n_0
                                                                      r  u_pc/data_sram_addr_OBUF[21]_inst_i_4/I4
                         LUT6 (Prop_lut6_I4_O)        0.053     5.026 r  u_pc/data_sram_addr_OBUF[21]_inst_i_4/O
                         net (fo=1, unplaced)         0.521     5.547    u_pc/data_sram_addr_OBUF[21]_inst_i_4_n_0
                                                                      r  u_pc/data_sram_addr_OBUF[21]_inst_i_2/I2
                         LUT6 (Prop_lut6_I2_O)        0.053     5.600 r  u_pc/data_sram_addr_OBUF[21]_inst_i_2/O
                         net (fo=1, unplaced)         0.521     6.121    u_alu/ms_alu_result_reg[21]
                                                                      r  u_alu/data_sram_addr_OBUF[21]_inst_i_1/I2
                         LUT6 (Prop_lut6_I2_O)        0.053     6.174 r  u_alu/data_sram_addr_OBUF[21]_inst_i_1/O
                         net (fo=5, unplaced)         0.368     6.542    u_alu/data_sram_addr_OBUF[21]
                                                                      r  u_alu/es_rs_value[21]_i_1/I3
                         LUT5 (Prop_lut5_I3_O)        0.053     6.595 r  u_alu/es_rs_value[21]_i_1/O
                         net (fo=5, unplaced)         0.693     7.288    u_alu/rs_value[21]
                                                                      r  u_alu/ds_pc[31]_i_55/I0
                         LUT6 (Prop_lut6_I0_O)        0.053     7.341 r  u_alu/ds_pc[31]_i_55/O
                         net (fo=1, unplaced)         0.000     7.341    u_alu/ds_pc[31]_i_55_n_0
                                                                      r  u_alu/ds_pc_reg[31]_i_36/S[3]
                         CARRY4 (Prop_carry4_S[3]_CO[3])
                                                      0.233     7.574 r  u_alu/ds_pc_reg[31]_i_36/CO[3]
                         net (fo=1, unplaced)         0.000     7.574    u_alu/ds_pc_reg[31]_i_36_n_0
                                                                      r  u_alu/ds_pc_reg[31]_i_19/CI
                         CARRY4 (Prop_carry4_CI_CO[2])
                                                      0.150     7.724 f  u_alu/ds_pc_reg[31]_i_19/CO[2]
                         net (fo=2, unplaced)         0.350     8.074    u_pc/CO[0]
                                                                      f  u_pc/ds_pc[31]_i_7/I0
                         LUT6 (Prop_lut6_I0_O)        0.160     8.234 r  u_pc/ds_pc[31]_i_7/O
                         net (fo=1, unplaced)         0.340     8.574    u_alu/pc_reg[0]_2
                                                                      r  u_alu/ds_pc[31]_i_3/I5
                         LUT6 (Prop_lut6_I5_O)        0.053     8.627 r  u_alu/ds_pc[31]_i_3/O
                         net (fo=35, unplaced)        0.413     9.040    u_alu/ds_valid_reg
                                                                      r  u_alu/pc[1]_i_2/I1
                         LUT3 (Prop_lut3_I1_O)        0.062     9.102 r  u_alu/pc[1]_i_2/O
                         net (fo=1, unplaced)         0.000     9.102    u_alu/pc[1]_i_2_n_0
                                                                      r  u_alu/pc_reg[1]_i_1/DI[1]
                         CARRY4 (Prop_carry4_DI[1]_CO[3])
                                                      0.319     9.421 r  u_alu/pc_reg[1]_i_1/CO[3]
                         net (fo=1, unplaced)         0.000     9.421    u_alu/pc_reg[1]_i_1_n_0
                                                                      r  u_alu/pc_reg[5]_i_1/CI
                         CARRY4 (Prop_carry4_CI_CO[3])
                                                      0.058     9.479 r  u_alu/pc_reg[5]_i_1/CO[3]
                         net (fo=1, unplaced)         0.000     9.479    u_alu/pc_reg[5]_i_1_n_0
                                                                      r  u_alu/pc_reg[9]_i_1/CI
                         CARRY4 (Prop_carry4_CI_CO[3])
                                                      0.058     9.537 r  u_alu/pc_reg[9]_i_1/CO[3]
                         net (fo=1, unplaced)         0.000     9.537    u_alu/pc_reg[9]_i_1_n_0
                                                                      r  u_alu/pc_reg[13]_i_1/CI
                         CARRY4 (Prop_carry4_CI_CO[3])
                                                      0.058     9.595 r  u_alu/pc_reg[13]_i_1/CO[3]
                         net (fo=1, unplaced)         0.000     9.595    u_alu/pc_reg[13]_i_1_n_0
                                                                      r  u_alu/pc_reg[17]_i_1/CI
                         CARRY4 (Prop_carry4_CI_CO[3])
                                                      0.058     9.653 r  u_alu/pc_reg[17]_i_1/CO[3]
                         net (fo=1, unplaced)         0.000     9.653    u_alu/pc_reg[17]_i_1_n_0
                                                                      r  u_alu/pc_reg[21]_i_1/CI
                         CARRY4 (Prop_carry4_CI_O[1])
                                                      0.220     9.873 r  u_alu/pc_reg[21]_i_1/O[1]
                         net (fo=1, unplaced)         0.000     9.873    u_pc/pc_reg[24]_0[1]
                         FDRE                                         r  u_pc/pc_reg[22]/D
  -------------------------------------------------------------------    -------------------

                         (clock clk rise edge)       10.000    10.000 r  
                                                      0.000    10.000 r  clk (IN)
                         net (fo=0)                   0.000    10.000    clk
                                                                      r  clk_IBUF_inst/I
                         IBUF (Prop_ibuf_I_O)         0.754    10.754 r  clk_IBUF_inst/O
                         net (fo=1, unplaced)         0.554    11.308    clk_IBUF
                                                                      r  clk_IBUF_BUFG_inst/I
                         BUFG (Prop_bufg_I_O)         0.113    11.421 r  clk_IBUF_BUFG_inst/O
                         net (fo=507, unplaced)       0.439    11.860    u_pc/clk_IBUF_BUFG
                         FDRE                                         r  u_pc/pc_reg[22]/C
                         clock pessimism              0.112    11.972    
                         clock uncertainty           -0.035    11.937    
                         FDRE (Setup_fdre_C_D)        0.051    11.988    u_pc/pc_reg[22]
  -------------------------------------------------------------------
                         required time                         11.988    
                         arrival time                          -9.873    
  -------------------------------------------------------------------
                         slack                                  2.115    

Slack (MET) :             2.131ns  (required time - arrival time)
  Source:                 es_src1_is_pc_reg/C
                            (rising edge-triggered cell FDRE clocked by clk  {rise@0.000ns fall@5.000ns period=10.000ns})
  Destination:            u_pc/pc_reg[25]/D
                            (rising edge-triggered cell FDSE clocked by clk  {rise@0.000ns fall@5.000ns period=10.000ns})
  Path Group:             clk
  Path Type:              Setup (Max at Slow Process Corner)
  Requirement:            10.000ns  (clk rise@10.000ns - clk rise@0.000ns)
  Data Path Delay:        7.740ns  (logic 2.206ns (28.501%)  route 5.534ns (71.499%))
  Logic Levels:           20  (CARRY4=9 LUT3=1 LUT5=3 LUT6=7)
  Clock Path Skew:        -0.145ns (DCD - SCD + CPR)
    Destination Clock Delay (DCD):    1.860ns = ( 11.860 - 10.000 ) 
    Source Clock Delay      (SCD):    2.117ns
    Clock Pessimism Removal (CPR):    0.112ns
  Clock Uncertainty:      0.035ns  ((TSJ^2 + TIJ^2)^1/2 + DJ) / 2 + PE
    Total System Jitter     (TSJ):    0.071ns
    Total Input Jitter      (TIJ):    0.000ns
    Discrete Jitter          (DJ):    0.000ns
    Phase Error              (PE):    0.000ns

    Location             Delay type                Incr(ns)  Path(ns)    Netlist Resource(s)
  -------------------------------------------------------------------    -------------------
                         (clock clk rise edge)        0.000     0.000 r  
                                                      0.000     0.000 r  clk (IN)
                         net (fo=0)                   0.000     0.000    clk
                                                                      r  clk_IBUF_inst/I
                         IBUF (Prop_ibuf_I_O)         0.830     0.830 r  clk_IBUF_inst/O
                         net (fo=1, unplaced)         0.584     1.413    clk_IBUF
                                                                      r  clk_IBUF_BUFG_inst/I
                         BUFG (Prop_bufg_I_O)         0.120     1.533 r  clk_IBUF_BUFG_inst/O
                         net (fo=507, unplaced)       0.584     2.117    clk_IBUF_BUFG
                         FDRE                                         r  es_src1_is_pc_reg/C
  -------------------------------------------------------------------    -------------------
                         FDRE (Prop_fdre_C_Q)         0.269     2.386 r  es_src1_is_pc_reg/Q
                         net (fo=221, unplaced)       0.662     3.048    u_pc/es_src2_is_4
                                                                      r  u_pc/alu_result0_carry_i_2/I0
                         LUT5 (Prop_lut5_I0_O)        0.153     3.201 r  u_pc/alu_result0_carry_i_2/O
                         net (fo=130, unplaced)       0.770     3.971    u_pc/es_pc_reg[15][2]
                                                                      r  u_pc/data_sram_addr_OBUF[24]_inst_i_12/I1
                         LUT6 (Prop_lut6_I1_O)        0.053     4.024 r  u_pc/data_sram_addr_OBUF[24]_inst_i_12/O
                         net (fo=4, unplaced)         0.545     4.569    u_pc/data_sram_addr_OBUF[24]_inst_i_12_n_0
                                                                      r  u_pc/data_sram_addr_OBUF[22]_inst_i_8/I0
                         LUT5 (Prop_lut5_I0_O)        0.053     4.622 r  u_pc/data_sram_addr_OBUF[22]_inst_i_8/O
                         net (fo=2, unplaced)         0.351     4.973    u_pc/data_sram_addr_OBUF[22]_inst_i_8_n_0
                                                                      r  u_pc/data_sram_addr_OBUF[21]_inst_i_4/I4
                         LUT6 (Prop_lut6_I4_O)        0.053     5.026 r  u_pc/data_sram_addr_OBUF[21]_inst_i_4/O
                         net (fo=1, unplaced)         0.521     5.547    u_pc/data_sram_addr_OBUF[21]_inst_i_4_n_0
                                                                      r  u_pc/data_sram_addr_OBUF[21]_inst_i_2/I2
                         LUT6 (Prop_lut6_I2_O)        0.053     5.600 r  u_pc/data_sram_addr_OBUF[21]_inst_i_2/O
                         net (fo=1, unplaced)         0.521     6.121    u_alu/ms_alu_result_reg[21]
                                                                      r  u_alu/data_sram_addr_OBUF[21]_inst_i_1/I2
                         LUT6 (Prop_lut6_I2_O)        0.053     6.174 r  u_alu/data_sram_addr_OBUF[21]_inst_i_1/O
                         net (fo=5, unplaced)         0.368     6.542    u_alu/data_sram_addr_OBUF[21]
                                                                      r  u_alu/es_rs_value[21]_i_1/I3
                         LUT5 (Prop_lut5_I3_O)        0.053     6.595 r  u_alu/es_rs_value[21]_i_1/O
                         net (fo=5, unplaced)         0.693     7.288    u_alu/rs_value[21]
                                                                      r  u_alu/ds_pc[31]_i_55/I0
                         LUT6 (Prop_lut6_I0_O)        0.053     7.341 r  u_alu/ds_pc[31]_i_55/O
                         net (fo=1, unplaced)         0.000     7.341    u_alu/ds_pc[31]_i_55_n_0
                                                                      r  u_alu/ds_pc_reg[31]_i_36/S[3]
                         CARRY4 (Prop_carry4_S[3]_CO[3])
                                                      0.233     7.574 r  u_alu/ds_pc_reg[31]_i_36/CO[3]
                         net (fo=1, unplaced)         0.000     7.574    u_alu/ds_pc_reg[31]_i_36_n_0
                                                                      r  u_alu/ds_pc_reg[31]_i_19/CI
                         CARRY4 (Prop_carry4_CI_CO[2])
                                                      0.150     7.724 f  u_alu/ds_pc_reg[31]_i_19/CO[2]
                         net (fo=2, unplaced)         0.350     8.074    u_pc/CO[0]
                                                                      f  u_pc/ds_pc[31]_i_7/I0
                         LUT6 (Prop_lut6_I0_O)        0.160     8.234 r  u_pc/ds_pc[31]_i_7/O
                         net (fo=1, unplaced)         0.340     8.574    u_alu/pc_reg[0]_2
                                                                      r  u_alu/ds_pc[31]_i_3/I5
                         LUT6 (Prop_lut6_I5_O)        0.053     8.627 r  u_alu/ds_pc[31]_i_3/O
                         net (fo=35, unplaced)        0.413     9.040    u_alu/ds_valid_reg
                                                                      r  u_alu/pc[1]_i_2/I1
                         LUT3 (Prop_lut3_I1_O)        0.062     9.102 r  u_alu/pc[1]_i_2/O
                         net (fo=1, unplaced)         0.000     9.102    u_alu/pc[1]_i_2_n_0
                                                                      r  u_alu/pc_reg[1]_i_1/DI[1]
                         CARRY4 (Prop_carry4_DI[1]_CO[3])
                                                      0.319     9.421 r  u_alu/pc_reg[1]_i_1/CO[3]
                         net (fo=1, unplaced)         0.000     9.421    u_alu/pc_reg[1]_i_1_n_0
                                                                      r  u_alu/pc_reg[5]_i_1/CI
                         CARRY4 (Prop_carry4_CI_CO[3])
                                                      0.058     9.479 r  u_alu/pc_reg[5]_i_1/CO[3]
                         net (fo=1, unplaced)         0.000     9.479    u_alu/pc_reg[5]_i_1_n_0
                                                                      r  u_alu/pc_reg[9]_i_1/CI
                         CARRY4 (Prop_carry4_CI_CO[3])
                                                      0.058     9.537 r  u_alu/pc_reg[9]_i_1/CO[3]
                         net (fo=1, unplaced)         0.000     9.537    u_alu/pc_reg[9]_i_1_n_0
                                                                      r  u_alu/pc_reg[13]_i_1/CI
                         CARRY4 (Prop_carry4_CI_CO[3])
                                                      0.058     9.595 r  u_alu/pc_reg[13]_i_1/CO[3]
                         net (fo=1, unplaced)         0.000     9.595    u_alu/pc_reg[13]_i_1_n_0
                                                                      r  u_alu/pc_reg[17]_i_1/CI
                         CARRY4 (Prop_carry4_CI_CO[3])
                                                      0.058     9.653 r  u_alu/pc_reg[17]_i_1/CO[3]
                         net (fo=1, unplaced)         0.000     9.653    u_alu/pc_reg[17]_i_1_n_0
                                                                      r  u_alu/pc_reg[21]_i_1/CI
                         CARRY4 (Prop_carry4_CI_CO[3])
                                                      0.058     9.711 r  u_alu/pc_reg[21]_i_1/CO[3]
                         net (fo=1, unplaced)         0.000     9.711    u_alu/pc_reg[21]_i_1_n_0
                                                                      r  u_alu/pc_reg[25]_i_1/CI
                         CARRY4 (Prop_carry4_CI_O[0])
                                                      0.146     9.857 r  u_alu/pc_reg[25]_i_1/O[0]
                         net (fo=1, unplaced)         0.000     9.857    u_pc/pc_reg[28]_0[0]
                         FDSE                                         r  u_pc/pc_reg[25]/D
  -------------------------------------------------------------------    -------------------

                         (clock clk rise edge)       10.000    10.000 r  
                                                      0.000    10.000 r  clk (IN)
                         net (fo=0)                   0.000    10.000    clk
                                                                      r  clk_IBUF_inst/I
                         IBUF (Prop_ibuf_I_O)         0.754    10.754 r  clk_IBUF_inst/O
                         net (fo=1, unplaced)         0.554    11.308    clk_IBUF
                                                                      r  clk_IBUF_BUFG_inst/I
                         BUFG (Prop_bufg_I_O)         0.113    11.421 r  clk_IBUF_BUFG_inst/O
                         net (fo=507, unplaced)       0.439    11.860    u_pc/clk_IBUF_BUFG
                         FDSE                                         r  u_pc/pc_reg[25]/C
                         clock pessimism              0.112    11.972    
                         clock uncertainty           -0.035    11.937    
                         FDSE (Setup_fdse_C_D)        0.051    11.988    u_pc/pc_reg[25]
  -------------------------------------------------------------------
                         required time                         11.988    
                         arrival time                          -9.857    
  -------------------------------------------------------------------
                         slack                                  2.131    

Slack (MET) :             2.133ns  (required time - arrival time)
  Source:                 es_src1_is_pc_reg/C
                            (rising edge-triggered cell FDRE clocked by clk  {rise@0.000ns fall@5.000ns period=10.000ns})
  Destination:            u_pc/pc_reg[27]/D
                            (rising edge-triggered cell FDSE clocked by clk  {rise@0.000ns fall@5.000ns period=10.000ns})
  Path Group:             clk
  Path Type:              Setup (Max at Slow Process Corner)
  Requirement:            10.000ns  (clk rise@10.000ns - clk rise@0.000ns)
  Data Path Delay:        7.738ns  (logic 2.204ns (28.483%)  route 5.534ns (71.517%))
  Logic Levels:           20  (CARRY4=9 LUT3=1 LUT5=3 LUT6=7)
  Clock Path Skew:        -0.145ns (DCD - SCD + CPR)
    Destination Clock Delay (DCD):    1.860ns = ( 11.860 - 10.000 ) 
    Source Clock Delay      (SCD):    2.117ns
    Clock Pessimism Removal (CPR):    0.112ns
  Clock Uncertainty:      0.035ns  ((TSJ^2 + TIJ^2)^1/2 + DJ) / 2 + PE
    Total System Jitter     (TSJ):    0.071ns
    Total Input Jitter      (TIJ):    0.000ns
    Discrete Jitter          (DJ):    0.000ns
    Phase Error              (PE):    0.000ns

    Location             Delay type                Incr(ns)  Path(ns)    Netlist Resource(s)
  -------------------------------------------------------------------    -------------------
                         (clock clk rise edge)        0.000     0.000 r  
                                                      0.000     0.000 r  clk (IN)
                         net (fo=0)                   0.000     0.000    clk
                                                                      r  clk_IBUF_inst/I
                         IBUF (Prop_ibuf_I_O)         0.830     0.830 r  clk_IBUF_inst/O
                         net (fo=1, unplaced)         0.584     1.413    clk_IBUF
                                                                      r  clk_IBUF_BUFG_inst/I
                         BUFG (Prop_bufg_I_O)         0.120     1.533 r  clk_IBUF_BUFG_inst/O
                         net (fo=507, unplaced)       0.584     2.117    clk_IBUF_BUFG
                         FDRE                                         r  es_src1_is_pc_reg/C
  -------------------------------------------------------------------    -------------------
                         FDRE (Prop_fdre_C_Q)         0.269     2.386 r  es_src1_is_pc_reg/Q
                         net (fo=221, unplaced)       0.662     3.048    u_pc/es_src2_is_4
                                                                      r  u_pc/alu_result0_carry_i_2/I0
                         LUT5 (Prop_lut5_I0_O)        0.153     3.201 r  u_pc/alu_result0_carry_i_2/O
                         net (fo=130, unplaced)       0.770     3.971    u_pc/es_pc_reg[15][2]
                                                                      r  u_pc/data_sram_addr_OBUF[24]_inst_i_12/I1
                         LUT6 (Prop_lut6_I1_O)        0.053     4.024 r  u_pc/data_sram_addr_OBUF[24]_inst_i_12/O
                         net (fo=4, unplaced)         0.545     4.569    u_pc/data_sram_addr_OBUF[24]_inst_i_12_n_0
                                                                      r  u_pc/data_sram_addr_OBUF[22]_inst_i_8/I0
                         LUT5 (Prop_lut5_I0_O)        0.053     4.622 r  u_pc/data_sram_addr_OBUF[22]_inst_i_8/O
                         net (fo=2, unplaced)         0.351     4.973    u_pc/data_sram_addr_OBUF[22]_inst_i_8_n_0
                                                                      r  u_pc/data_sram_addr_OBUF[21]_inst_i_4/I4
                         LUT6 (Prop_lut6_I4_O)        0.053     5.026 r  u_pc/data_sram_addr_OBUF[21]_inst_i_4/O
                         net (fo=1, unplaced)         0.521     5.547    u_pc/data_sram_addr_OBUF[21]_inst_i_4_n_0
                                                                      r  u_pc/data_sram_addr_OBUF[21]_inst_i_2/I2
                         LUT6 (Prop_lut6_I2_O)        0.053     5.600 r  u_pc/data_sram_addr_OBUF[21]_inst_i_2/O
                         net (fo=1, unplaced)         0.521     6.121    u_alu/ms_alu_result_reg[21]
                                                                      r  u_alu/data_sram_addr_OBUF[21]_inst_i_1/I2
                         LUT6 (Prop_lut6_I2_O)        0.053     6.174 r  u_alu/data_sram_addr_OBUF[21]_inst_i_1/O
                         net (fo=5, unplaced)         0.368     6.542    u_alu/data_sram_addr_OBUF[21]
                                                                      r  u_alu/es_rs_value[21]_i_1/I3
                         LUT5 (Prop_lut5_I3_O)        0.053     6.595 r  u_alu/es_rs_value[21]_i_1/O
                         net (fo=5, unplaced)         0.693     7.288    u_alu/rs_value[21]
                                                                      r  u_alu/ds_pc[31]_i_55/I0
                         LUT6 (Prop_lut6_I0_O)        0.053     7.341 r  u_alu/ds_pc[31]_i_55/O
                         net (fo=1, unplaced)         0.000     7.341    u_alu/ds_pc[31]_i_55_n_0
                                                                      r  u_alu/ds_pc_reg[31]_i_36/S[3]
                         CARRY4 (Prop_carry4_S[3]_CO[3])
                                                      0.233     7.574 r  u_alu/ds_pc_reg[31]_i_36/CO[3]
                         net (fo=1, unplaced)         0.000     7.574    u_alu/ds_pc_reg[31]_i_36_n_0
                                                                      r  u_alu/ds_pc_reg[31]_i_19/CI
                         CARRY4 (Prop_carry4_CI_CO[2])
                                                      0.150     7.724 f  u_alu/ds_pc_reg[31]_i_19/CO[2]
                         net (fo=2, unplaced)         0.350     8.074    u_pc/CO[0]
                                                                      f  u_pc/ds_pc[31]_i_7/I0
                         LUT6 (Prop_lut6_I0_O)        0.160     8.234 r  u_pc/ds_pc[31]_i_7/O
                         net (fo=1, unplaced)         0.340     8.574    u_alu/pc_reg[0]_2
                                                                      r  u_alu/ds_pc[31]_i_3/I5
                         LUT6 (Prop_lut6_I5_O)        0.053     8.627 r  u_alu/ds_pc[31]_i_3/O
                         net (fo=35, unplaced)        0.413     9.040    u_alu/ds_valid_reg
                                                                      r  u_alu/pc[1]_i_2/I1
                         LUT3 (Prop_lut3_I1_O)        0.062     9.102 r  u_alu/pc[1]_i_2/O
                         net (fo=1, unplaced)         0.000     9.102    u_alu/pc[1]_i_2_n_0
                                                                      r  u_alu/pc_reg[1]_i_1/DI[1]
                         CARRY4 (Prop_carry4_DI[1]_CO[3])
                                                      0.319     9.421 r  u_alu/pc_reg[1]_i_1/CO[3]
                         net (fo=1, unplaced)         0.000     9.421    u_alu/pc_reg[1]_i_1_n_0
                                                                      r  u_alu/pc_reg[5]_i_1/CI
                         CARRY4 (Prop_carry4_CI_CO[3])
                                                      0.058     9.479 r  u_alu/pc_reg[5]_i_1/CO[3]
                         net (fo=1, unplaced)         0.000     9.479    u_alu/pc_reg[5]_i_1_n_0
                                                                      r  u_alu/pc_reg[9]_i_1/CI
                         CARRY4 (Prop_carry4_CI_CO[3])
                                                      0.058     9.537 r  u_alu/pc_reg[9]_i_1/CO[3]
                         net (fo=1, unplaced)         0.000     9.537    u_alu/pc_reg[9]_i_1_n_0
                                                                      r  u_alu/pc_reg[13]_i_1/CI
                         CARRY4 (Prop_carry4_CI_CO[3])
                                                      0.058     9.595 r  u_alu/pc_reg[13]_i_1/CO[3]
                         net (fo=1, unplaced)         0.000     9.595    u_alu/pc_reg[13]_i_1_n_0
                                                                      r  u_alu/pc_reg[17]_i_1/CI
                         CARRY4 (Prop_carry4_CI_CO[3])
                                                      0.058     9.653 r  u_alu/pc_reg[17]_i_1/CO[3]
                         net (fo=1, unplaced)         0.000     9.653    u_alu/pc_reg[17]_i_1_n_0
                                                                      r  u_alu/pc_reg[21]_i_1/CI
                         CARRY4 (Prop_carry4_CI_CO[3])
                                                      0.058     9.711 r  u_alu/pc_reg[21]_i_1/CO[3]
                         net (fo=1, unplaced)         0.000     9.711    u_alu/pc_reg[21]_i_1_n_0
                                                                      r  u_alu/pc_reg[25]_i_1/CI
                         CARRY4 (Prop_carry4_CI_O[2])
                                                      0.144     9.855 r  u_alu/pc_reg[25]_i_1/O[2]
                         net (fo=1, unplaced)         0.000     9.855    u_pc/pc_reg[28]_0[2]
                         FDSE                                         r  u_pc/pc_reg[27]/D
  -------------------------------------------------------------------    -------------------

                         (clock clk rise edge)       10.000    10.000 r  
                                                      0.000    10.000 r  clk (IN)
                         net (fo=0)                   0.000    10.000    clk
                                                                      r  clk_IBUF_inst/I
                         IBUF (Prop_ibuf_I_O)         0.754    10.754 r  clk_IBUF_inst/O
                         net (fo=1, unplaced)         0.554    11.308    clk_IBUF
                                                                      r  clk_IBUF_BUFG_inst/I
                         BUFG (Prop_bufg_I_O)         0.113    11.421 r  clk_IBUF_BUFG_inst/O
                         net (fo=507, unplaced)       0.439    11.860    u_pc/clk_IBUF_BUFG
                         FDSE                                         r  u_pc/pc_reg[27]/C
                         clock pessimism              0.112    11.972    
                         clock uncertainty           -0.035    11.937    
                         FDSE (Setup_fdse_C_D)        0.051    11.988    u_pc/pc_reg[27]
  -------------------------------------------------------------------
                         required time                         11.988    
                         arrival time                          -9.855    
  -------------------------------------------------------------------
                         slack                                  2.133    

Slack (MET) :             2.148ns  (required time - arrival time)
  Source:                 es_src1_is_pc_reg/C
                            (rising edge-triggered cell FDRE clocked by clk  {rise@0.000ns fall@5.000ns period=10.000ns})
  Destination:            u_pc/pc_reg[24]/D
                            (rising edge-triggered cell FDSE clocked by clk  {rise@0.000ns fall@5.000ns period=10.000ns})
  Path Group:             clk
  Path Type:              Setup (Max at Slow Process Corner)
  Requirement:            10.000ns  (clk rise@10.000ns - clk rise@0.000ns)
  Data Path Delay:        7.723ns  (logic 2.189ns (28.344%)  route 5.534ns (71.656%))
  Logic Levels:           19  (CARRY4=8 LUT3=1 LUT5=3 LUT6=7)
  Clock Path Skew:        -0.145ns (DCD - SCD + CPR)
    Destination Clock Delay (DCD):    1.860ns = ( 11.860 - 10.000 ) 
    Source Clock Delay      (SCD):    2.117ns
    Clock Pessimism Removal (CPR):    0.112ns
  Clock Uncertainty:      0.035ns  ((TSJ^2 + TIJ^2)^1/2 + DJ) / 2 + PE
    Total System Jitter     (TSJ):    0.071ns
    Total Input Jitter      (TIJ):    0.000ns
    Discrete Jitter          (DJ):    0.000ns
    Phase Error              (PE):    0.000ns

    Location             Delay type                Incr(ns)  Path(ns)    Netlist Resource(s)
  -------------------------------------------------------------------    -------------------
                         (clock clk rise edge)        0.000     0.000 r  
                                                      0.000     0.000 r  clk (IN)
                         net (fo=0)                   0.000     0.000    clk
                                                                      r  clk_IBUF_inst/I
                         IBUF (Prop_ibuf_I_O)         0.830     0.830 r  clk_IBUF_inst/O
                         net (fo=1, unplaced)         0.584     1.413    clk_IBUF
                                                                      r  clk_IBUF_BUFG_inst/I
                         BUFG (Prop_bufg_I_O)         0.120     1.533 r  clk_IBUF_BUFG_inst/O
                         net (fo=507, unplaced)       0.584     2.117    clk_IBUF_BUFG
                         FDRE                                         r  es_src1_is_pc_reg/C
  -------------------------------------------------------------------    -------------------
                         FDRE (Prop_fdre_C_Q)         0.269     2.386 r  es_src1_is_pc_reg/Q
                         net (fo=221, unplaced)       0.662     3.048    u_pc/es_src2_is_4
                                                                      r  u_pc/alu_result0_carry_i_2/I0
                         LUT5 (Prop_lut5_I0_O)        0.153     3.201 r  u_pc/alu_result0_carry_i_2/O
                         net (fo=130, unplaced)       0.770     3.971    u_pc/es_pc_reg[15][2]
                                                                      r  u_pc/data_sram_addr_OBUF[24]_inst_i_12/I1
                         LUT6 (Prop_lut6_I1_O)        0.053     4.024 r  u_pc/data_sram_addr_OBUF[24]_inst_i_12/O
                         net (fo=4, unplaced)         0.545     4.569    u_pc/data_sram_addr_OBUF[24]_inst_i_12_n_0
                                                                      r  u_pc/data_sram_addr_OBUF[22]_inst_i_8/I0
                         LUT5 (Prop_lut5_I0_O)        0.053     4.622 r  u_pc/data_sram_addr_OBUF[22]_inst_i_8/O
                         net (fo=2, unplaced)         0.351     4.973    u_pc/data_sram_addr_OBUF[22]_inst_i_8_n_0
                                                                      r  u_pc/data_sram_addr_OBUF[21]_inst_i_4/I4
                         LUT6 (Prop_lut6_I4_O)        0.053     5.026 r  u_pc/data_sram_addr_OBUF[21]_inst_i_4/O
                         net (fo=1, unplaced)         0.521     5.547    u_pc/data_sram_addr_OBUF[21]_inst_i_4_n_0
                                                                      r  u_pc/data_sram_addr_OBUF[21]_inst_i_2/I2
                         LUT6 (Prop_lut6_I2_O)        0.053     5.600 r  u_pc/data_sram_addr_OBUF[21]_inst_i_2/O
                         net (fo=1, unplaced)         0.521     6.121    u_alu/ms_alu_result_reg[21]
                                                                      r  u_alu/data_sram_addr_OBUF[21]_inst_i_1/I2
                         LUT6 (Prop_lut6_I2_O)        0.053     6.174 r  u_alu/data_sram_addr_OBUF[21]_inst_i_1/O
                         net (fo=5, unplaced)         0.368     6.542    u_alu/data_sram_addr_OBUF[21]
                                                                      r  u_alu/es_rs_value[21]_i_1/I3
                         LUT5 (Prop_lut5_I3_O)        0.053     6.595 r  u_alu/es_rs_value[21]_i_1/O
                         net (fo=5, unplaced)         0.693     7.288    u_alu/rs_value[21]
                                                                      r  u_alu/ds_pc[31]_i_55/I0
                         LUT6 (Prop_lut6_I0_O)        0.053     7.341 r  u_alu/ds_pc[31]_i_55/O
                         net (fo=1, unplaced)         0.000     7.341    u_alu/ds_pc[31]_i_55_n_0
                                                                      r  u_alu/ds_pc_reg[31]_i_36/S[3]
                         CARRY4 (Prop_carry4_S[3]_CO[3])
                                                      0.233     7.574 r  u_alu/ds_pc_reg[31]_i_36/CO[3]
                         net (fo=1, unplaced)         0.000     7.574    u_alu/ds_pc_reg[31]_i_36_n_0
                                                                      r  u_alu/ds_pc_reg[31]_i_19/CI
                         CARRY4 (Prop_carry4_CI_CO[2])
                                                      0.150     7.724 f  u_alu/ds_pc_reg[31]_i_19/CO[2]
                         net (fo=2, unplaced)         0.350     8.074    u_pc/CO[0]
                                                                      f  u_pc/ds_pc[31]_i_7/I0
                         LUT6 (Prop_lut6_I0_O)        0.160     8.234 r  u_pc/ds_pc[31]_i_7/O
                         net (fo=1, unplaced)         0.340     8.574    u_alu/pc_reg[0]_2
                                                                      r  u_alu/ds_pc[31]_i_3/I5
                         LUT6 (Prop_lut6_I5_O)        0.053     8.627 r  u_alu/ds_pc[31]_i_3/O
                         net (fo=35, unplaced)        0.413     9.040    u_alu/ds_valid_reg
                                                                      r  u_alu/pc[1]_i_2/I1
                         LUT3 (Prop_lut3_I1_O)        0.062     9.102 r  u_alu/pc[1]_i_2/O
                         net (fo=1, unplaced)         0.000     9.102    u_alu/pc[1]_i_2_n_0
                                                                      r  u_alu/pc_reg[1]_i_1/DI[1]
                         CARRY4 (Prop_carry4_DI[1]_CO[3])
                                                      0.319     9.421 r  u_alu/pc_reg[1]_i_1/CO[3]
                         net (fo=1, unplaced)         0.000     9.421    u_alu/pc_reg[1]_i_1_n_0
                                                                      r  u_alu/pc_reg[5]_i_1/CI
                         CARRY4 (Prop_carry4_CI_CO[3])
                                                      0.058     9.479 r  u_alu/pc_reg[5]_i_1/CO[3]
                         net (fo=1, unplaced)         0.000     9.479    u_alu/pc_reg[5]_i_1_n_0
                                                                      r  u_alu/pc_reg[9]_i_1/CI
                         CARRY4 (Prop_carry4_CI_CO[3])
                                                      0.058     9.537 r  u_alu/pc_reg[9]_i_1/CO[3]
                         net (fo=1, unplaced)         0.000     9.537    u_alu/pc_reg[9]_i_1_n_0
                                                                      r  u_alu/pc_reg[13]_i_1/CI
                         CARRY4 (Prop_carry4_CI_CO[3])
                                                      0.058     9.595 r  u_alu/pc_reg[13]_i_1/CO[3]
                         net (fo=1, unplaced)         0.000     9.595    u_alu/pc_reg[13]_i_1_n_0
                                                                      r  u_alu/pc_reg[17]_i_1/CI
                         CARRY4 (Prop_carry4_CI_CO[3])
                                                      0.058     9.653 r  u_alu/pc_reg[17]_i_1/CO[3]
                         net (fo=1, unplaced)         0.000     9.653    u_alu/pc_reg[17]_i_1_n_0
                                                                      r  u_alu/pc_reg[21]_i_1/CI
                         CARRY4 (Prop_carry4_CI_O[3])
                                                      0.187     9.840 r  u_alu/pc_reg[21]_i_1/O[3]
                         net (fo=1, unplaced)         0.000     9.840    u_pc/pc_reg[24]_0[3]
                         FDSE                                         r  u_pc/pc_reg[24]/D
  -------------------------------------------------------------------    -------------------

                         (clock clk rise edge)       10.000    10.000 r  
                                                      0.000    10.000 r  clk (IN)
                         net (fo=0)                   0.000    10.000    clk
                                                                      r  clk_IBUF_inst/I
                         IBUF (Prop_ibuf_I_O)         0.754    10.754 r  clk_IBUF_inst/O
                         net (fo=1, unplaced)         0.554    11.308    clk_IBUF
                                                                      r  clk_IBUF_BUFG_inst/I
                         BUFG (Prop_bufg_I_O)         0.113    11.421 r  clk_IBUF_BUFG_inst/O
                         net (fo=507, unplaced)       0.439    11.860    u_pc/clk_IBUF_BUFG
                         FDSE                                         r  u_pc/pc_reg[24]/C
                         clock pessimism              0.112    11.972    
                         clock uncertainty           -0.035    11.937    
                         FDSE (Setup_fdse_C_D)        0.051    11.988    u_pc/pc_reg[24]
  -------------------------------------------------------------------
                         required time                         11.988    
                         arrival time                          -9.840    
  -------------------------------------------------------------------
                         slack                                  2.148    

Slack (MET) :             2.169ns  (required time - arrival time)
  Source:                 es_src1_is_pc_reg/C
                            (rising edge-triggered cell FDRE clocked by clk  {rise@0.000ns fall@5.000ns period=10.000ns})
  Destination:            ds_inst_reg[0]/CE
                            (rising edge-triggered cell FDRE clocked by clk  {rise@0.000ns fall@5.000ns period=10.000ns})
  Path Group:             clk
  Path Type:              Setup (Max at Slow Process Corner)
  Requirement:            10.000ns  (clk rise@10.000ns - clk rise@0.000ns)
  Data Path Delay:        7.409ns  (logic 1.442ns (19.463%)  route 5.967ns (80.537%))
  Logic Levels:           13  (CARRY4=2 LUT3=1 LUT5=3 LUT6=7)
  Clock Path Skew:        -0.145ns (DCD - SCD + CPR)
    Destination Clock Delay (DCD):    1.860ns = ( 11.860 - 10.000 ) 
    Source Clock Delay      (SCD):    2.117ns
    Clock Pessimism Removal (CPR):    0.112ns
  Clock Uncertainty:      0.035ns  ((TSJ^2 + TIJ^2)^1/2 + DJ) / 2 + PE
    Total System Jitter     (TSJ):    0.071ns
    Total Input Jitter      (TIJ):    0.000ns
    Discrete Jitter          (DJ):    0.000ns
    Phase Error              (PE):    0.000ns

    Location             Delay type                Incr(ns)  Path(ns)    Netlist Resource(s)
  -------------------------------------------------------------------    -------------------
                         (clock clk rise edge)        0.000     0.000 r  
                                                      0.000     0.000 r  clk (IN)
                         net (fo=0)                   0.000     0.000    clk
                                                                      r  clk_IBUF_inst/I
                         IBUF (Prop_ibuf_I_O)         0.830     0.830 r  clk_IBUF_inst/O
                         net (fo=1, unplaced)         0.584     1.413    clk_IBUF
                                                                      r  clk_IBUF_BUFG_inst/I
                         BUFG (Prop_bufg_I_O)         0.120     1.533 r  clk_IBUF_BUFG_inst/O
                         net (fo=507, unplaced)       0.584     2.117    clk_IBUF_BUFG
                         FDRE                                         r  es_src1_is_pc_reg/C
  -------------------------------------------------------------------    -------------------
                         FDRE (Prop_fdre_C_Q)         0.269     2.386 r  es_src1_is_pc_reg/Q
                         net (fo=221, unplaced)       0.662     3.048    u_pc/es_src2_is_4
                                                                      r  u_pc/alu_result0_carry_i_2/I0
                         LUT5 (Prop_lut5_I0_O)        0.153     3.201 r  u_pc/alu_result0_carry_i_2/O
                         net (fo=130, unplaced)       0.770     3.971    u_pc/es_pc_reg[15][2]
                                                                      r  u_pc/data_sram_addr_OBUF[24]_inst_i_12/I1
                         LUT6 (Prop_lut6_I1_O)        0.053     4.024 r  u_pc/data_sram_addr_OBUF[24]_inst_i_12/O
                         net (fo=4, unplaced)         0.545     4.569    u_pc/data_sram_addr_OBUF[24]_inst_i_12_n_0
                                                                      r  u_pc/data_sram_addr_OBUF[22]_inst_i_8/I0
                         LUT5 (Prop_lut5_I0_O)        0.053     4.622 r  u_pc/data_sram_addr_OBUF[22]_inst_i_8/O
                         net (fo=2, unplaced)         0.351     4.973    u_pc/data_sram_addr_OBUF[22]_inst_i_8_n_0
                                                                      r  u_pc/data_sram_addr_OBUF[21]_inst_i_4/I4
                         LUT6 (Prop_lut6_I4_O)        0.053     5.026 r  u_pc/data_sram_addr_OBUF[21]_inst_i_4/O
                         net (fo=1, unplaced)         0.521     5.547    u_pc/data_sram_addr_OBUF[21]_inst_i_4_n_0
                                                                      r  u_pc/data_sram_addr_OBUF[21]_inst_i_2/I2
                         LUT6 (Prop_lut6_I2_O)        0.053     5.600 r  u_pc/data_sram_addr_OBUF[21]_inst_i_2/O
                         net (fo=1, unplaced)         0.521     6.121    u_alu/ms_alu_result_reg[21]
                                                                      r  u_alu/data_sram_addr_OBUF[21]_inst_i_1/I2
                         LUT6 (Prop_lut6_I2_O)        0.053     6.174 r  u_alu/data_sram_addr_OBUF[21]_inst_i_1/O
                         net (fo=5, unplaced)         0.368     6.542    u_alu/data_sram_addr_OBUF[21]
                                                                      r  u_alu/es_rs_value[21]_i_1/I3
                         LUT5 (Prop_lut5_I3_O)        0.053     6.595 r  u_alu/es_rs_value[21]_i_1/O
                         net (fo=5, unplaced)         0.693     7.288    u_alu/rs_value[21]
                                                                      r  u_alu/ds_pc[31]_i_55/I0
                         LUT6 (Prop_lut6_I0_O)        0.053     7.341 r  u_alu/ds_pc[31]_i_55/O
                         net (fo=1, unplaced)         0.000     7.341    u_alu/ds_pc[31]_i_55_n_0
                                                                      r  u_alu/ds_pc_reg[31]_i_36/S[3]
                         CARRY4 (Prop_carry4_S[3]_CO[3])
                                                      0.233     7.574 r  u_alu/ds_pc_reg[31]_i_36/CO[3]
                         net (fo=1, unplaced)         0.000     7.574    u_alu/ds_pc_reg[31]_i_36_n_0
                                                                      r  u_alu/ds_pc_reg[31]_i_19/CI
                         CARRY4 (Prop_carry4_CI_CO[2])
                                                      0.150     7.724 r  u_alu/ds_pc_reg[31]_i_19/CO[2]
                         net (fo=2, unplaced)         0.350     8.074    u_pc/CO[0]
                                                                      r  u_pc/ds_pc[31]_i_7/I0
                         LUT6 (Prop_lut6_I0_O)        0.160     8.234 f  u_pc/ds_pc[31]_i_7/O
                         net (fo=1, unplaced)         0.340     8.574    u_alu/pc_reg[0]_2
                                                                      f  u_alu/ds_pc[31]_i_3/I5
                         LUT6 (Prop_lut6_I5_O)        0.053     8.627 f  u_alu/ds_pc[31]_i_3/O
                         net (fo=35, unplaced)        0.413     9.040    u_alu/ds_valid_reg
                                                                      f  u_alu/ds_pc[31]_i_1/I1
                         LUT3 (Prop_lut3_I1_O)        0.053     9.093 r  u_alu/ds_pc[31]_i_1/O
                         net (fo=64, unplaced)        0.433     9.526    ds_pc0
                         FDRE                                         r  ds_inst_reg[0]/CE
  -------------------------------------------------------------------    -------------------

                         (clock clk rise edge)       10.000    10.000 r  
                                                      0.000    10.000 r  clk (IN)
                         net (fo=0)                   0.000    10.000    clk
                                                                      r  clk_IBUF_inst/I
                         IBUF (Prop_ibuf_I_O)         0.754    10.754 r  clk_IBUF_inst/O
                         net (fo=1, unplaced)         0.554    11.308    clk_IBUF
                                                                      r  clk_IBUF_BUFG_inst/I
                         BUFG (Prop_bufg_I_O)         0.113    11.421 r  clk_IBUF_BUFG_inst/O
                         net (fo=507, unplaced)       0.439    11.860    clk_IBUF_BUFG
                         FDRE                                         r  ds_inst_reg[0]/C
                         clock pessimism              0.112    11.972    
                         clock uncertainty           -0.035    11.937    
                         FDRE (Setup_fdre_C_CE)      -0.242    11.695    ds_inst_reg[0]
  -------------------------------------------------------------------
                         required time                         11.695    
                         arrival time                          -9.526    
  -------------------------------------------------------------------
                         slack                                  2.169    





Min Delay Paths
--------------------------------------------------------------------------------------
Slack (VIOLATED) :        -0.027ns  (arrival time - required time)
  Source:                 ws_final_result_reg[2]/C
                            (rising edge-triggered cell FDRE clocked by clk  {rise@0.000ns fall@5.000ns period=10.000ns})
  Destination:            u_regfile/rf_reg_r1_0_31_0_5/RAMB/I
                            (rising edge-triggered cell RAMD32 clocked by clk  {rise@0.000ns fall@5.000ns period=10.000ns})
  Path Group:             clk
  Path Type:              Hold (Min at Fast Process Corner)
  Requirement:            0.000ns  (clk rise@0.000ns - clk rise@0.000ns)
  Data Path Delay:        0.214ns  (logic 0.100ns (46.770%)  route 0.114ns (53.230%))
  Logic Levels:           0  
  Clock Path Skew:        0.145ns (DCD - SCD - CPR)
    Destination Clock Delay (DCD):    0.890ns
    Source Clock Delay      (SCD):    0.480ns
    Clock Pessimism Removal (CPR):    0.265ns

    Location             Delay type                Incr(ns)  Path(ns)    Netlist Resource(s)
  -------------------------------------------------------------------    -------------------
                         (clock clk rise edge)        0.000     0.000 r  
                                                      0.000     0.000 r  clk (IN)
                         net (fo=0)                   0.000     0.000    clk
                                                                      r  clk_IBUF_inst/I
                         IBUF (Prop_ibuf_I_O)         0.094     0.094 r  clk_IBUF_inst/O
                         net (fo=1, unplaced)         0.246     0.340    clk_IBUF
                                                                      r  clk_IBUF_BUFG_inst/I
                         BUFG (Prop_bufg_I_O)         0.026     0.366 r  clk_IBUF_BUFG_inst/O
                         net (fo=507, unplaced)       0.114     0.480    clk_IBUF_BUFG
                         FDRE                                         r  ws_final_result_reg[2]/C
  -------------------------------------------------------------------    -------------------
                         FDRE (Prop_fdre_C_Q)         0.100     0.580 r  ws_final_result_reg[2]/Q
                         net (fo=5, unplaced)         0.114     0.694    u_regfile/rf_reg_r1_0_31_0_5/DIB0
                         RAMD32                                       r  u_regfile/rf_reg_r1_0_31_0_5/RAMB/I
  -------------------------------------------------------------------    -------------------

                         (clock clk rise edge)        0.000     0.000 r  
                                                      0.000     0.000 r  clk (IN)
                         net (fo=0)                   0.000     0.000    clk
                                                                      r  clk_IBUF_inst/I
                         IBUF (Prop_ibuf_I_O)         0.342     0.342 r  clk_IBUF_inst/O
                         net (fo=1, unplaced)         0.259     0.601    clk_IBUF
                                                                      r  clk_IBUF_BUFG_inst/I
                         BUFG (Prop_bufg_I_O)         0.030     0.631 r  clk_IBUF_BUFG_inst/O
                         net (fo=507, unplaced)       0.259     0.890    u_regfile/rf_reg_r1_0_31_0_5/WCLK
                         RAMD32                                       r  u_regfile/rf_reg_r1_0_31_0_5/RAMB/CLK
                         clock pessimism             -0.265     0.625    
                         RAMD32 (Hold_ramd32_CLK_I)
                                                      0.096     0.721    u_regfile/rf_reg_r1_0_31_0_5/RAMB
  -------------------------------------------------------------------
                         required time                         -0.721    
                         arrival time                           0.694    
  -------------------------------------------------------------------
                         slack                                 -0.027    

Slack (VIOLATED) :        -0.027ns  (arrival time - required time)
  Source:                 ws_final_result_reg[14]/C
                            (rising edge-triggered cell FDRE clocked by clk  {rise@0.000ns fall@5.000ns period=10.000ns})
  Destination:            u_regfile/rf_reg_r1_0_31_12_17/RAMB/I
                            (rising edge-triggered cell RAMD32 clocked by clk  {rise@0.000ns fall@5.000ns period=10.000ns})
  Path Group:             clk
  Path Type:              Hold (Min at Fast Process Corner)
  Requirement:            0.000ns  (clk rise@0.000ns - clk rise@0.000ns)
  Data Path Delay:        0.214ns  (logic 0.100ns (46.770%)  route 0.114ns (53.230%))
  Logic Levels:           0  
  Clock Path Skew:        0.145ns (DCD - SCD - CPR)
    Destination Clock Delay (DCD):    0.890ns
    Source Clock Delay      (SCD):    0.480ns
    Clock Pessimism Removal (CPR):    0.265ns

    Location             Delay type                Incr(ns)  Path(ns)    Netlist Resource(s)
  -------------------------------------------------------------------    -------------------
                         (clock clk rise edge)        0.000     0.000 r  
                                                      0.000     0.000 r  clk (IN)
                         net (fo=0)                   0.000     0.000    clk
                                                                      r  clk_IBUF_inst/I
                         IBUF (Prop_ibuf_I_O)         0.094     0.094 r  clk_IBUF_inst/O
                         net (fo=1, unplaced)         0.246     0.340    clk_IBUF
                                                                      r  clk_IBUF_BUFG_inst/I
                         BUFG (Prop_bufg_I_O)         0.026     0.366 r  clk_IBUF_BUFG_inst/O
                         net (fo=507, unplaced)       0.114     0.480    clk_IBUF_BUFG
                         FDRE                                         r  ws_final_result_reg[14]/C
  -------------------------------------------------------------------    -------------------
                         FDRE (Prop_fdre_C_Q)         0.100     0.580 r  ws_final_result_reg[14]/Q
                         net (fo=5, unplaced)         0.114     0.694    u_regfile/rf_reg_r1_0_31_12_17/DIB0
                         RAMD32                                       r  u_regfile/rf_reg_r1_0_31_12_17/RAMB/I
  -------------------------------------------------------------------    -------------------

                         (clock clk rise edge)        0.000     0.000 r  
                                                      0.000     0.000 r  clk (IN)
                         net (fo=0)                   0.000     0.000    clk
                                                                      r  clk_IBUF_inst/I
                         IBUF (Prop_ibuf_I_O)         0.342     0.342 r  clk_IBUF_inst/O
                         net (fo=1, unplaced)         0.259     0.601    clk_IBUF
                                                                      r  clk_IBUF_BUFG_inst/I
                         BUFG (Prop_bufg_I_O)         0.030     0.631 r  clk_IBUF_BUFG_inst/O
                         net (fo=507, unplaced)       0.259     0.890    u_regfile/rf_reg_r1_0_31_12_17/WCLK
                         RAMD32                                       r  u_regfile/rf_reg_r1_0_31_12_17/RAMB/CLK
                         clock pessimism             -0.265     0.625    
                         RAMD32 (Hold_ramd32_CLK_I)
                                                      0.096     0.721    u_regfile/rf_reg_r1_0_31_12_17/RAMB
  -------------------------------------------------------------------
                         required time                         -0.721    
                         arrival time                           0.694    
  -------------------------------------------------------------------
                         slack                                 -0.027    

Slack (VIOLATED) :        -0.027ns  (arrival time - required time)
  Source:                 ws_final_result_reg[20]/C
                            (rising edge-triggered cell FDRE clocked by clk  {rise@0.000ns fall@5.000ns period=10.000ns})
  Destination:            u_regfile/rf_reg_r1_0_31_18_23/RAMB/I
                            (rising edge-triggered cell RAMD32 clocked by clk  {rise@0.000ns fall@5.000ns period=10.000ns})
  Path Group:             clk
  Path Type:              Hold (Min at Fast Process Corner)
  Requirement:            0.000ns  (clk rise@0.000ns - clk rise@0.000ns)
  Data Path Delay:        0.214ns  (logic 0.100ns (46.770%)  route 0.114ns (53.230%))
  Logic Levels:           0  
  Clock Path Skew:        0.145ns (DCD - SCD - CPR)
    Destination Clock Delay (DCD):    0.890ns
    Source Clock Delay      (SCD):    0.480ns
    Clock Pessimism Removal (CPR):    0.265ns

    Location             Delay type                Incr(ns)  Path(ns)    Netlist Resource(s)
  -------------------------------------------------------------------    -------------------
                         (clock clk rise edge)        0.000     0.000 r  
                                                      0.000     0.000 r  clk (IN)
                         net (fo=0)                   0.000     0.000    clk
                                                                      r  clk_IBUF_inst/I
                         IBUF (Prop_ibuf_I_O)         0.094     0.094 r  clk_IBUF_inst/O
                         net (fo=1, unplaced)         0.246     0.340    clk_IBUF
                                                                      r  clk_IBUF_BUFG_inst/I
                         BUFG (Prop_bufg_I_O)         0.026     0.366 r  clk_IBUF_BUFG_inst/O
                         net (fo=507, unplaced)       0.114     0.480    clk_IBUF_BUFG
                         FDRE                                         r  ws_final_result_reg[20]/C
  -------------------------------------------------------------------    -------------------
                         FDRE (Prop_fdre_C_Q)         0.100     0.580 r  ws_final_result_reg[20]/Q
                         net (fo=5, unplaced)         0.114     0.694    u_regfile/rf_reg_r1_0_31_18_23/DIB0
                         RAMD32                                       r  u_regfile/rf_reg_r1_0_31_18_23/RAMB/I
  -------------------------------------------------------------------    -------------------

                         (clock clk rise edge)        0.000     0.000 r  
                                                      0.000     0.000 r  clk (IN)
                         net (fo=0)                   0.000     0.000    clk
                                                                      r  clk_IBUF_inst/I
                         IBUF (Prop_ibuf_I_O)         0.342     0.342 r  clk_IBUF_inst/O
                         net (fo=1, unplaced)         0.259     0.601    clk_IBUF
                                                                      r  clk_IBUF_BUFG_inst/I
                         BUFG (Prop_bufg_I_O)         0.030     0.631 r  clk_IBUF_BUFG_inst/O
                         net (fo=507, unplaced)       0.259     0.890    u_regfile/rf_reg_r1_0_31_18_23/WCLK
                         RAMD32                                       r  u_regfile/rf_reg_r1_0_31_18_23/RAMB/CLK
                         clock pessimism             -0.265     0.625    
                         RAMD32 (Hold_ramd32_CLK_I)
                                                      0.096     0.721    u_regfile/rf_reg_r1_0_31_18_23/RAMB
  -------------------------------------------------------------------
                         required time                         -0.721    
                         arrival time                           0.694    
  -------------------------------------------------------------------
                         slack                                 -0.027    

Slack (VIOLATED) :        -0.027ns  (arrival time - required time)
  Source:                 ws_final_result_reg[26]/C
                            (rising edge-triggered cell FDRE clocked by clk  {rise@0.000ns fall@5.000ns period=10.000ns})
  Destination:            u_regfile/rf_reg_r1_0_31_24_29/RAMB/I
                            (rising edge-triggered cell RAMD32 clocked by clk  {rise@0.000ns fall@5.000ns period=10.000ns})
  Path Group:             clk
  Path Type:              Hold (Min at Fast Process Corner)
  Requirement:            0.000ns  (clk rise@0.000ns - clk rise@0.000ns)
  Data Path Delay:        0.214ns  (logic 0.100ns (46.770%)  route 0.114ns (53.230%))
  Logic Levels:           0  
  Clock Path Skew:        0.145ns (DCD - SCD - CPR)
    Destination Clock Delay (DCD):    0.890ns
    Source Clock Delay      (SCD):    0.480ns
    Clock Pessimism Removal (CPR):    0.265ns

    Location             Delay type                Incr(ns)  Path(ns)    Netlist Resource(s)
  -------------------------------------------------------------------    -------------------
                         (clock clk rise edge)        0.000     0.000 r  
                                                      0.000     0.000 r  clk (IN)
                         net (fo=0)                   0.000     0.000    clk
                                                                      r  clk_IBUF_inst/I
                         IBUF (Prop_ibuf_I_O)         0.094     0.094 r  clk_IBUF_inst/O
                         net (fo=1, unplaced)         0.246     0.340    clk_IBUF
                                                                      r  clk_IBUF_BUFG_inst/I
                         BUFG (Prop_bufg_I_O)         0.026     0.366 r  clk_IBUF_BUFG_inst/O
                         net (fo=507, unplaced)       0.114     0.480    clk_IBUF_BUFG
                         FDRE                                         r  ws_final_result_reg[26]/C
  -------------------------------------------------------------------    -------------------
                         FDRE (Prop_fdre_C_Q)         0.100     0.580 r  ws_final_result_reg[26]/Q
                         net (fo=5, unplaced)         0.114     0.694    u_regfile/rf_reg_r1_0_31_24_29/DIB0
                         RAMD32                                       r  u_regfile/rf_reg_r1_0_31_24_29/RAMB/I
  -------------------------------------------------------------------    -------------------

                         (clock clk rise edge)        0.000     0.000 r  
                                                      0.000     0.000 r  clk (IN)
                         net (fo=0)                   0.000     0.000    clk
                                                                      r  clk_IBUF_inst/I
                         IBUF (Prop_ibuf_I_O)         0.342     0.342 r  clk_IBUF_inst/O
                         net (fo=1, unplaced)         0.259     0.601    clk_IBUF
                                                                      r  clk_IBUF_BUFG_inst/I
                         BUFG (Prop_bufg_I_O)         0.030     0.631 r  clk_IBUF_BUFG_inst/O
                         net (fo=507, unplaced)       0.259     0.890    u_regfile/rf_reg_r1_0_31_24_29/WCLK
                         RAMD32                                       r  u_regfile/rf_reg_r1_0_31_24_29/RAMB/CLK
                         clock pessimism             -0.265     0.625    
                         RAMD32 (Hold_ramd32_CLK_I)
                                                      0.096     0.721    u_regfile/rf_reg_r1_0_31_24_29/RAMB
  -------------------------------------------------------------------
                         required time                         -0.721    
                         arrival time                           0.694    
  -------------------------------------------------------------------
                         slack                                 -0.027    

Slack (VIOLATED) :        -0.027ns  (arrival time - required time)
  Source:                 ws_final_result_reg[8]/C
                            (rising edge-triggered cell FDRE clocked by clk  {rise@0.000ns fall@5.000ns period=10.000ns})
  Destination:            u_regfile/rf_reg_r1_0_31_6_11/RAMB/I
                            (rising edge-triggered cell RAMD32 clocked by clk  {rise@0.000ns fall@5.000ns period=10.000ns})
  Path Group:             clk
  Path Type:              Hold (Min at Fast Process Corner)
  Requirement:            0.000ns  (clk rise@0.000ns - clk rise@0.000ns)
  Data Path Delay:        0.214ns  (logic 0.100ns (46.770%)  route 0.114ns (53.230%))
  Logic Levels:           0  
  Clock Path Skew:        0.145ns (DCD - SCD - CPR)
    Destination Clock Delay (DCD):    0.890ns
    Source Clock Delay      (SCD):    0.480ns
    Clock Pessimism Removal (CPR):    0.265ns

    Location             Delay type                Incr(ns)  Path(ns)    Netlist Resource(s)
  -------------------------------------------------------------------    -------------------
                         (clock clk rise edge)        0.000     0.000 r  
                                                      0.000     0.000 r  clk (IN)
                         net (fo=0)                   0.000     0.000    clk
                                                                      r  clk_IBUF_inst/I
                         IBUF (Prop_ibuf_I_O)         0.094     0.094 r  clk_IBUF_inst/O
                         net (fo=1, unplaced)         0.246     0.340    clk_IBUF
                                                                      r  clk_IBUF_BUFG_inst/I
                         BUFG (Prop_bufg_I_O)         0.026     0.366 r  clk_IBUF_BUFG_inst/O
                         net (fo=507, unplaced)       0.114     0.480    clk_IBUF_BUFG
                         FDRE                                         r  ws_final_result_reg[8]/C
  -------------------------------------------------------------------    -------------------
                         FDRE (Prop_fdre_C_Q)         0.100     0.580 r  ws_final_result_reg[8]/Q
                         net (fo=5, unplaced)         0.114     0.694    u_regfile/rf_reg_r1_0_31_6_11/DIB0
                         RAMD32                                       r  u_regfile/rf_reg_r1_0_31_6_11/RAMB/I
  -------------------------------------------------------------------    -------------------

                         (clock clk rise edge)        0.000     0.000 r  
                                                      0.000     0.000 r  clk (IN)
                         net (fo=0)                   0.000     0.000    clk
                                                                      r  clk_IBUF_inst/I
                         IBUF (Prop_ibuf_I_O)         0.342     0.342 r  clk_IBUF_inst/O
                         net (fo=1, unplaced)         0.259     0.601    clk_IBUF
                                                                      r  clk_IBUF_BUFG_inst/I
                         BUFG (Prop_bufg_I_O)         0.030     0.631 r  clk_IBUF_BUFG_inst/O
                         net (fo=507, unplaced)       0.259     0.890    u_regfile/rf_reg_r1_0_31_6_11/WCLK
                         RAMD32                                       r  u_regfile/rf_reg_r1_0_31_6_11/RAMB/CLK
                         clock pessimism             -0.265     0.625    
                         RAMD32 (Hold_ramd32_CLK_I)
                                                      0.096     0.721    u_regfile/rf_reg_r1_0_31_6_11/RAMB
  -------------------------------------------------------------------
                         required time                         -0.721    
                         arrival time                           0.694    
  -------------------------------------------------------------------
                         slack                                 -0.027    

Slack (VIOLATED) :        -0.027ns  (arrival time - required time)
  Source:                 ws_final_result_reg[2]/C
                            (rising edge-triggered cell FDRE clocked by clk  {rise@0.000ns fall@5.000ns period=10.000ns})
  Destination:            u_regfile/rf_reg_r2_0_31_0_5/RAMB/I
                            (rising edge-triggered cell RAMD32 clocked by clk  {rise@0.000ns fall@5.000ns period=10.000ns})
  Path Group:             clk
  Path Type:              Hold (Min at Fast Process Corner)
  Requirement:            0.000ns  (clk rise@0.000ns - clk rise@0.000ns)
  Data Path Delay:        0.214ns  (logic 0.100ns (46.770%)  route 0.114ns (53.230%))
  Logic Levels:           0  
  Clock Path Skew:        0.145ns (DCD - SCD - CPR)
    Destination Clock Delay (DCD):    0.890ns
    Source Clock Delay      (SCD):    0.480ns
    Clock Pessimism Removal (CPR):    0.265ns

    Location             Delay type                Incr(ns)  Path(ns)    Netlist Resource(s)
  -------------------------------------------------------------------    -------------------
                         (clock clk rise edge)        0.000     0.000 r  
                                                      0.000     0.000 r  clk (IN)
                         net (fo=0)                   0.000     0.000    clk
                                                                      r  clk_IBUF_inst/I
                         IBUF (Prop_ibuf_I_O)         0.094     0.094 r  clk_IBUF_inst/O
                         net (fo=1, unplaced)         0.246     0.340    clk_IBUF
                                                                      r  clk_IBUF_BUFG_inst/I
                         BUFG (Prop_bufg_I_O)         0.026     0.366 r  clk_IBUF_BUFG_inst/O
                         net (fo=507, unplaced)       0.114     0.480    clk_IBUF_BUFG
                         FDRE                                         r  ws_final_result_reg[2]/C
  -------------------------------------------------------------------    -------------------
                         FDRE (Prop_fdre_C_Q)         0.100     0.580 r  ws_final_result_reg[2]/Q
                         net (fo=5, unplaced)         0.114     0.694    u_regfile/rf_reg_r2_0_31_0_5/DIB0
                         RAMD32                                       r  u_regfile/rf_reg_r2_0_31_0_5/RAMB/I
  -------------------------------------------------------------------    -------------------

                         (clock clk rise edge)        0.000     0.000 r  
                                                      0.000     0.000 r  clk (IN)
                         net (fo=0)                   0.000     0.000    clk
                                                                      r  clk_IBUF_inst/I
                         IBUF (Prop_ibuf_I_O)         0.342     0.342 r  clk_IBUF_inst/O
                         net (fo=1, unplaced)         0.259     0.601    clk_IBUF
                                                                      r  clk_IBUF_BUFG_inst/I
                         BUFG (Prop_bufg_I_O)         0.030     0.631 r  clk_IBUF_BUFG_inst/O
                         net (fo=507, unplaced)       0.259     0.890    u_regfile/rf_reg_r2_0_31_0_5/WCLK
                         RAMD32                                       r  u_regfile/rf_reg_r2_0_31_0_5/RAMB/CLK
                         clock pessimism             -0.265     0.625    
                         RAMD32 (Hold_ramd32_CLK_I)
                                                      0.096     0.721    u_regfile/rf_reg_r2_0_31_0_5/RAMB
  -------------------------------------------------------------------
                         required time                         -0.721    
                         arrival time                           0.694    
  -------------------------------------------------------------------
                         slack                                 -0.027    

Slack (VIOLATED) :        -0.027ns  (arrival time - required time)
  Source:                 ws_final_result_reg[14]/C
                            (rising edge-triggered cell FDRE clocked by clk  {rise@0.000ns fall@5.000ns period=10.000ns})
  Destination:            u_regfile/rf_reg_r2_0_31_12_17/RAMB/I
                            (rising edge-triggered cell RAMD32 clocked by clk  {rise@0.000ns fall@5.000ns period=10.000ns})
  Path Group:             clk
  Path Type:              Hold (Min at Fast Process Corner)
  Requirement:            0.000ns  (clk rise@0.000ns - clk rise@0.000ns)
  Data Path Delay:        0.214ns  (logic 0.100ns (46.770%)  route 0.114ns (53.230%))
  Logic Levels:           0  
  Clock Path Skew:        0.145ns (DCD - SCD - CPR)
    Destination Clock Delay (DCD):    0.890ns
    Source Clock Delay      (SCD):    0.480ns
    Clock Pessimism Removal (CPR):    0.265ns

    Location             Delay type                Incr(ns)  Path(ns)    Netlist Resource(s)
  -------------------------------------------------------------------    -------------------
                         (clock clk rise edge)        0.000     0.000 r  
                                                      0.000     0.000 r  clk (IN)
                         net (fo=0)                   0.000     0.000    clk
                                                                      r  clk_IBUF_inst/I
                         IBUF (Prop_ibuf_I_O)         0.094     0.094 r  clk_IBUF_inst/O
                         net (fo=1, unplaced)         0.246     0.340    clk_IBUF
                                                                      r  clk_IBUF_BUFG_inst/I
                         BUFG (Prop_bufg_I_O)         0.026     0.366 r  clk_IBUF_BUFG_inst/O
                         net (fo=507, unplaced)       0.114     0.480    clk_IBUF_BUFG
                         FDRE                                         r  ws_final_result_reg[14]/C
  -------------------------------------------------------------------    -------------------
                         FDRE (Prop_fdre_C_Q)         0.100     0.580 r  ws_final_result_reg[14]/Q
                         net (fo=5, unplaced)         0.114     0.694    u_regfile/rf_reg_r2_0_31_12_17/DIB0
                         RAMD32                                       r  u_regfile/rf_reg_r2_0_31_12_17/RAMB/I
  -------------------------------------------------------------------    -------------------

                         (clock clk rise edge)        0.000     0.000 r  
                                                      0.000     0.000 r  clk (IN)
                         net (fo=0)                   0.000     0.000    clk
                                                                      r  clk_IBUF_inst/I
                         IBUF (Prop_ibuf_I_O)         0.342     0.342 r  clk_IBUF_inst/O
                         net (fo=1, unplaced)         0.259     0.601    clk_IBUF
                                                                      r  clk_IBUF_BUFG_inst/I
                         BUFG (Prop_bufg_I_O)         0.030     0.631 r  clk_IBUF_BUFG_inst/O
                         net (fo=507, unplaced)       0.259     0.890    u_regfile/rf_reg_r2_0_31_12_17/WCLK
                         RAMD32                                       r  u_regfile/rf_reg_r2_0_31_12_17/RAMB/CLK
                         clock pessimism             -0.265     0.625    
                         RAMD32 (Hold_ramd32_CLK_I)
                                                      0.096     0.721    u_regfile/rf_reg_r2_0_31_12_17/RAMB
  -------------------------------------------------------------------
                         required time                         -0.721    
                         arrival time                           0.694    
  -------------------------------------------------------------------
                         slack                                 -0.027    

Slack (VIOLATED) :        -0.027ns  (arrival time - required time)
  Source:                 ws_final_result_reg[20]/C
                            (rising edge-triggered cell FDRE clocked by clk  {rise@0.000ns fall@5.000ns period=10.000ns})
  Destination:            u_regfile/rf_reg_r2_0_31_18_23/RAMB/I
                            (rising edge-triggered cell RAMD32 clocked by clk  {rise@0.000ns fall@5.000ns period=10.000ns})
  Path Group:             clk
  Path Type:              Hold (Min at Fast Process Corner)
  Requirement:            0.000ns  (clk rise@0.000ns - clk rise@0.000ns)
  Data Path Delay:        0.214ns  (logic 0.100ns (46.770%)  route 0.114ns (53.230%))
  Logic Levels:           0  
  Clock Path Skew:        0.145ns (DCD - SCD - CPR)
    Destination Clock Delay (DCD):    0.890ns
    Source Clock Delay      (SCD):    0.480ns
    Clock Pessimism Removal (CPR):    0.265ns

    Location             Delay type                Incr(ns)  Path(ns)    Netlist Resource(s)
  -------------------------------------------------------------------    -------------------
                         (clock clk rise edge)        0.000     0.000 r  
                                                      0.000     0.000 r  clk (IN)
                         net (fo=0)                   0.000     0.000    clk
                                                                      r  clk_IBUF_inst/I
                         IBUF (Prop_ibuf_I_O)         0.094     0.094 r  clk_IBUF_inst/O
                         net (fo=1, unplaced)         0.246     0.340    clk_IBUF
                                                                      r  clk_IBUF_BUFG_inst/I
                         BUFG (Prop_bufg_I_O)         0.026     0.366 r  clk_IBUF_BUFG_inst/O
                         net (fo=507, unplaced)       0.114     0.480    clk_IBUF_BUFG
                         FDRE                                         r  ws_final_result_reg[20]/C
  -------------------------------------------------------------------    -------------------
                         FDRE (Prop_fdre_C_Q)         0.100     0.580 r  ws_final_result_reg[20]/Q
                         net (fo=5, unplaced)         0.114     0.694    u_regfile/rf_reg_r2_0_31_18_23/DIB0
                         RAMD32                                       r  u_regfile/rf_reg_r2_0_31_18_23/RAMB/I
  -------------------------------------------------------------------    -------------------

                         (clock clk rise edge)        0.000     0.000 r  
                                                      0.000     0.000 r  clk (IN)
                         net (fo=0)                   0.000     0.000    clk
                                                                      r  clk_IBUF_inst/I
                         IBUF (Prop_ibuf_I_O)         0.342     0.342 r  clk_IBUF_inst/O
                         net (fo=1, unplaced)         0.259     0.601    clk_IBUF
                                                                      r  clk_IBUF_BUFG_inst/I
                         BUFG (Prop_bufg_I_O)         0.030     0.631 r  clk_IBUF_BUFG_inst/O
                         net (fo=507, unplaced)       0.259     0.890    u_regfile/rf_reg_r2_0_31_18_23/WCLK
                         RAMD32                                       r  u_regfile/rf_reg_r2_0_31_18_23/RAMB/CLK
                         clock pessimism             -0.265     0.625    
                         RAMD32 (Hold_ramd32_CLK_I)
                                                      0.096     0.721    u_regfile/rf_reg_r2_0_31_18_23/RAMB
  -------------------------------------------------------------------
                         required time                         -0.721    
                         arrival time                           0.694    
  -------------------------------------------------------------------
                         slack                                 -0.027    

Slack (VIOLATED) :        -0.027ns  (arrival time - required time)
  Source:                 ws_final_result_reg[26]/C
                            (rising edge-triggered cell FDRE clocked by clk  {rise@0.000ns fall@5.000ns period=10.000ns})
  Destination:            u_regfile/rf_reg_r2_0_31_24_29/RAMB/I
                            (rising edge-triggered cell RAMD32 clocked by clk  {rise@0.000ns fall@5.000ns period=10.000ns})
  Path Group:             clk
  Path Type:              Hold (Min at Fast Process Corner)
  Requirement:            0.000ns  (clk rise@0.000ns - clk rise@0.000ns)
  Data Path Delay:        0.214ns  (logic 0.100ns (46.770%)  route 0.114ns (53.230%))
  Logic Levels:           0  
  Clock Path Skew:        0.145ns (DCD - SCD - CPR)
    Destination Clock Delay (DCD):    0.890ns
    Source Clock Delay      (SCD):    0.480ns
    Clock Pessimism Removal (CPR):    0.265ns

    Location             Delay type                Incr(ns)  Path(ns)    Netlist Resource(s)
  -------------------------------------------------------------------    -------------------
                         (clock clk rise edge)        0.000     0.000 r  
                                                      0.000     0.000 r  clk (IN)
                         net (fo=0)                   0.000     0.000    clk
                                                                      r  clk_IBUF_inst/I
                         IBUF (Prop_ibuf_I_O)         0.094     0.094 r  clk_IBUF_inst/O
                         net (fo=1, unplaced)         0.246     0.340    clk_IBUF
                                                                      r  clk_IBUF_BUFG_inst/I
                         BUFG (Prop_bufg_I_O)         0.026     0.366 r  clk_IBUF_BUFG_inst/O
                         net (fo=507, unplaced)       0.114     0.480    clk_IBUF_BUFG
                         FDRE                                         r  ws_final_result_reg[26]/C
  -------------------------------------------------------------------    -------------------
                         FDRE (Prop_fdre_C_Q)         0.100     0.580 r  ws_final_result_reg[26]/Q
                         net (fo=5, unplaced)         0.114     0.694    u_regfile/rf_reg_r2_0_31_24_29/DIB0
                         RAMD32                                       r  u_regfile/rf_reg_r2_0_31_24_29/RAMB/I
  -------------------------------------------------------------------    -------------------

                         (clock clk rise edge)        0.000     0.000 r  
                                                      0.000     0.000 r  clk (IN)
                         net (fo=0)                   0.000     0.000    clk
                                                                      r  clk_IBUF_inst/I
                         IBUF (Prop_ibuf_I_O)         0.342     0.342 r  clk_IBUF_inst/O
                         net (fo=1, unplaced)         0.259     0.601    clk_IBUF
                                                                      r  clk_IBUF_BUFG_inst/I
                         BUFG (Prop_bufg_I_O)         0.030     0.631 r  clk_IBUF_BUFG_inst/O
                         net (fo=507, unplaced)       0.259     0.890    u_regfile/rf_reg_r2_0_31_24_29/WCLK
                         RAMD32                                       r  u_regfile/rf_reg_r2_0_31_24_29/RAMB/CLK
                         clock pessimism             -0.265     0.625    
                         RAMD32 (Hold_ramd32_CLK_I)
                                                      0.096     0.721    u_regfile/rf_reg_r2_0_31_24_29/RAMB
  -------------------------------------------------------------------
                         required time                         -0.721    
                         arrival time                           0.694    
  -------------------------------------------------------------------
                         slack                                 -0.027    

Slack (VIOLATED) :        -0.027ns  (arrival time - required time)
  Source:                 ws_final_result_reg[8]/C
                            (rising edge-triggered cell FDRE clocked by clk  {rise@0.000ns fall@5.000ns period=10.000ns})
  Destination:            u_regfile/rf_reg_r2_0_31_6_11/RAMB/I
                            (rising edge-triggered cell RAMD32 clocked by clk  {rise@0.000ns fall@5.000ns period=10.000ns})
  Path Group:             clk
  Path Type:              Hold (Min at Fast Process Corner)
  Requirement:            0.000ns  (clk rise@0.000ns - clk rise@0.000ns)
  Data Path Delay:        0.214ns  (logic 0.100ns (46.770%)  route 0.114ns (53.230%))
  Logic Levels:           0  
  Clock Path Skew:        0.145ns (DCD - SCD - CPR)
    Destination Clock Delay (DCD):    0.890ns
    Source Clock Delay      (SCD):    0.480ns
    Clock Pessimism Removal (CPR):    0.265ns

    Location             Delay type                Incr(ns)  Path(ns)    Netlist Resource(s)
  -------------------------------------------------------------------    -------------------
                         (clock clk rise edge)        0.000     0.000 r  
                                                      0.000     0.000 r  clk (IN)
                         net (fo=0)                   0.000     0.000    clk
                                                                      r  clk_IBUF_inst/I
                         IBUF (Prop_ibuf_I_O)         0.094     0.094 r  clk_IBUF_inst/O
                         net (fo=1, unplaced)         0.246     0.340    clk_IBUF
                                                                      r  clk_IBUF_BUFG_inst/I
                         BUFG (Prop_bufg_I_O)         0.026     0.366 r  clk_IBUF_BUFG_inst/O
                         net (fo=507, unplaced)       0.114     0.480    clk_IBUF_BUFG
                         FDRE                                         r  ws_final_result_reg[8]/C
  -------------------------------------------------------------------    -------------------
                         FDRE (Prop_fdre_C_Q)         0.100     0.580 r  ws_final_result_reg[8]/Q
                         net (fo=5, unplaced)         0.114     0.694    u_regfile/rf_reg_r2_0_31_6_11/DIB0
                         RAMD32                                       r  u_regfile/rf_reg_r2_0_31_6_11/RAMB/I
  -------------------------------------------------------------------    -------------------

                         (clock clk rise edge)        0.000     0.000 r  
                                                      0.000     0.000 r  clk (IN)
                         net (fo=0)                   0.000     0.000    clk
                                                                      r  clk_IBUF_inst/I
                         IBUF (Prop_ibuf_I_O)         0.342     0.342 r  clk_IBUF_inst/O
                         net (fo=1, unplaced)         0.259     0.601    clk_IBUF
                                                                      r  clk_IBUF_BUFG_inst/I
                         BUFG (Prop_bufg_I_O)         0.030     0.631 r  clk_IBUF_BUFG_inst/O
                         net (fo=507, unplaced)       0.259     0.890    u_regfile/rf_reg_r2_0_31_6_11/WCLK
                         RAMD32                                       r  u_regfile/rf_reg_r2_0_31_6_11/RAMB/CLK
                         clock pessimism             -0.265     0.625    
                         RAMD32 (Hold_ramd32_CLK_I)
                                                      0.096     0.721    u_regfile/rf_reg_r2_0_31_6_11/RAMB
  -------------------------------------------------------------------
                         required time                         -0.721    
                         arrival time                           0.694    
  -------------------------------------------------------------------
                         slack                                 -0.027    





Pulse Width Checks
--------------------------------------------------------------------------------------
Clock Name:         clk
Waveform(ns):       { 0.000 5.000 }
Period(ns):         10.000
Sources:            { clk }

Check Type        Corner  Lib Pin     Reference Pin  Required(ns)  Actual(ns)  Slack(ns)  Location  Pin
Min Period        n/a     BUFG/I      n/a            1.600         10.000      8.400                clk_IBUF_BUFG_inst/I
Min Period        n/a     FDRE/C      n/a            0.700         10.000      9.300                es_dest_reg[0]/C
Min Period        n/a     FDRE/C      n/a            0.700         10.000      9.300                es_dest_reg[1]/C
Min Period        n/a     FDRE/C      n/a            0.700         10.000      9.300                es_dest_reg[2]/C
Min Period        n/a     FDRE/C      n/a            0.700         10.000      9.300                es_dest_reg[3]/C
Min Period        n/a     FDRE/C      n/a            0.700         10.000      9.300                es_dest_reg[4]/C
Min Period        n/a     FDRE/C      n/a            0.700         10.000      9.300                es_gr_we_reg/C
Min Period        n/a     FDRE/C      n/a            0.700         10.000      9.300                es_imm_reg[0]/C
Min Period        n/a     FDRE/C      n/a            0.700         10.000      9.300                es_imm_reg[10]/C
Min Period        n/a     FDRE/C      n/a            0.700         10.000      9.300                es_imm_reg[11]/C
Low Pulse Width   Slow    RAMD32/CLK  n/a            0.910         5.000       4.090                u_regfile/rf_reg_r1_0_31_0_5/RAMA_D1/CLK
Low Pulse Width   Fast    RAMD32/CLK  n/a            0.910         5.000       4.090                u_regfile/rf_reg_r1_0_31_0_5/RAMA_D1/CLK
Low Pulse Width   Slow    RAMD32/CLK  n/a            0.910         5.000       4.090                u_regfile/rf_reg_r1_0_31_0_5/RAMB/CLK
Low Pulse Width   Fast    RAMD32/CLK  n/a            0.910         5.000       4.090                u_regfile/rf_reg_r1_0_31_0_5/RAMB/CLK
Low Pulse Width   Slow    RAMD32/CLK  n/a            0.910         5.000       4.090                u_regfile/rf_reg_r1_0_31_0_5/RAMB_D1/CLK
Low Pulse Width   Fast    RAMD32/CLK  n/a            0.910         5.000       4.090                u_regfile/rf_reg_r1_0_31_0_5/RAMB_D1/CLK
Low Pulse Width   Slow    RAMD32/CLK  n/a            0.910         5.000       4.090                u_regfile/rf_reg_r1_0_31_0_5/RAMC/CLK
Low Pulse Width   Fast    RAMD32/CLK  n/a            0.910         5.000       4.090                u_regfile/rf_reg_r1_0_31_0_5/RAMC/CLK
Low Pulse Width   Slow    RAMD32/CLK  n/a            0.910         5.000       4.090                u_regfile/rf_reg_r1_0_31_0_5/RAMC_D1/CLK
Low Pulse Width   Fast    RAMD32/CLK  n/a            0.910         5.000       4.090                u_regfile/rf_reg_r1_0_31_0_5/RAMC_D1/CLK
High Pulse Width  Slow    RAMD32/CLK  n/a            0.910         5.000       4.090                u_regfile/rf_reg_r1_0_31_0_5/RAMA_D1/CLK
High Pulse Width  Fast    RAMD32/CLK  n/a            0.910         5.000       4.090                u_regfile/rf_reg_r1_0_31_0_5/RAMA_D1/CLK
High Pulse Width  Slow    RAMD32/CLK  n/a            0.910         5.000       4.090                u_regfile/rf_reg_r1_0_31_0_5/RAMB/CLK
High Pulse Width  Fast    RAMD32/CLK  n/a            0.910         5.000       4.090                u_regfile/rf_reg_r1_0_31_0_5/RAMB/CLK
High Pulse Width  Slow    RAMD32/CLK  n/a            0.910         5.000       4.090                u_regfile/rf_reg_r1_0_31_0_5/RAMB_D1/CLK
High Pulse Width  Fast    RAMD32/CLK  n/a            0.910         5.000       4.090                u_regfile/rf_reg_r1_0_31_0_5/RAMB_D1/CLK
High Pulse Width  Slow    RAMD32/CLK  n/a            0.910         5.000       4.090                u_regfile/rf_reg_r1_0_31_0_5/RAMC/CLK
High Pulse Width  Fast    RAMD32/CLK  n/a            0.910         5.000       4.090                u_regfile/rf_reg_r1_0_31_0_5/RAMC/CLK
High Pulse Width  Slow    RAMD32/CLK  n/a            0.910         5.000       4.090                u_regfile/rf_reg_r1_0_31_0_5/RAMC_D1/CLK
High Pulse Width  Fast    RAMD32/CLK  n/a            0.910         5.000       4.090                u_regfile/rf_reg_r1_0_31_0_5/RAMC_D1/CLK



--------------------------------------------------------------------------------------
Path Group:  (none)
From Clock:  clk
  To Clock:  

Max Delay           174 Endpoints
Min Delay           174 Endpoints
--------------------------------------------------------------------------------------


Max Delay Paths
--------------------------------------------------------------------------------------
Slack:                    inf
  Source:                 es_src1_is_pc_reg/C
                            (rising edge-triggered cell FDRE clocked by clk  {rise@0.000ns fall@5.000ns period=10.000ns})
  Destination:            data_sram_addr[21]
                            (output port)
  Path Group:             (none)
  Path Type:              Max at Slow Process Corner
  Data Path Delay:        7.102ns  (logic 3.149ns (44.334%)  route 3.954ns (55.666%))
  Logic Levels:           7  (LUT5=2 LUT6=4 OBUF=1)
  Clock Uncertainty:      0.025ns  ((TSJ^2 + TIJ^2)^1/2 + DJ) / 2 + PE
    Total System Jitter     (TSJ):    0.050ns
    Total Input Jitter      (TIJ):    0.000ns
    Discrete Jitter          (DJ):    0.000ns
    Phase Error              (PE):    0.000ns

    Location             Delay type                Incr(ns)  Path(ns)    Netlist Resource(s)
  -------------------------------------------------------------------    -------------------
                         (clock clk rise edge)        0.000     0.000 r  
                                                      0.000     0.000 r  clk (IN)
                         net (fo=0)                   0.000     0.000    clk
                                                                      r  clk_IBUF_inst/I
                         IBUF (Prop_ibuf_I_O)         0.830     0.830 r  clk_IBUF_inst/O
                         net (fo=1, unplaced)         0.584     1.413    clk_IBUF
                                                                      r  clk_IBUF_BUFG_inst/I
                         BUFG (Prop_bufg_I_O)         0.120     1.533 r  clk_IBUF_BUFG_inst/O
                         net (fo=507, unplaced)       0.584     2.117    clk_IBUF_BUFG
                         FDRE                                         r  es_src1_is_pc_reg/C
  -------------------------------------------------------------------    -------------------
                         FDRE (Prop_fdre_C_Q)         0.269     2.386 r  es_src1_is_pc_reg/Q
                         net (fo=221, unplaced)       0.662     3.048    u_pc/es_src2_is_4
                                                                      r  u_pc/alu_result0_carry_i_2/I0
                         LUT5 (Prop_lut5_I0_O)        0.153     3.201 r  u_pc/alu_result0_carry_i_2/O
                         net (fo=130, unplaced)       0.770     3.971    u_pc/es_pc_reg[15][2]
                                                                      r  u_pc/data_sram_addr_OBUF[24]_inst_i_12/I1
                         LUT6 (Prop_lut6_I1_O)        0.053     4.024 r  u_pc/data_sram_addr_OBUF[24]_inst_i_12/O
                         net (fo=4, unplaced)         0.545     4.569    u_pc/data_sram_addr_OBUF[24]_inst_i_12_n_0
                                                                      r  u_pc/data_sram_addr_OBUF[22]_inst_i_8/I0
                         LUT5 (Prop_lut5_I0_O)        0.053     4.622 r  u_pc/data_sram_addr_OBUF[22]_inst_i_8/O
                         net (fo=2, unplaced)         0.351     4.973    u_pc/data_sram_addr_OBUF[22]_inst_i_8_n_0
                                                                      r  u_pc/data_sram_addr_OBUF[21]_inst_i_4/I4
                         LUT6 (Prop_lut6_I4_O)        0.053     5.026 r  u_pc/data_sram_addr_OBUF[21]_inst_i_4/O
                         net (fo=1, unplaced)         0.521     5.547    u_pc/data_sram_addr_OBUF[21]_inst_i_4_n_0
                                                                      r  u_pc/data_sram_addr_OBUF[21]_inst_i_2/I2
                         LUT6 (Prop_lut6_I2_O)        0.053     5.600 r  u_pc/data_sram_addr_OBUF[21]_inst_i_2/O
                         net (fo=1, unplaced)         0.521     6.121    u_alu/ms_alu_result_reg[21]
                                                                      r  u_alu/data_sram_addr_OBUF[21]_inst_i_1/I2
                         LUT6 (Prop_lut6_I2_O)        0.053     6.174 r  u_alu/data_sram_addr_OBUF[21]_inst_i_1/O
                         net (fo=5, unplaced)         0.584     6.758    data_sram_addr_OBUF[21]
                                                                      r  data_sram_addr_OBUF[21]_inst/I
                         OBUF (Prop_obuf_I_O)         2.462     9.220 r  data_sram_addr_OBUF[21]_inst/O
                         net (fo=0)                   0.000     9.220    data_sram_addr[21]
                                                                      r  data_sram_addr[21] (OUT)
  -------------------------------------------------------------------    -------------------

Slack:                    inf
  Source:                 es_src1_is_pc_reg/C
                            (rising edge-triggered cell FDRE clocked by clk  {rise@0.000ns fall@5.000ns period=10.000ns})
  Destination:            data_sram_addr[20]
                            (output port)
  Path Group:             (none)
  Path Type:              Max at Slow Process Corner
  Data Path Delay:        7.096ns  (logic 3.149ns (44.372%)  route 3.948ns (55.628%))
  Logic Levels:           7  (LUT5=2 LUT6=4 OBUF=1)
  Clock Uncertainty:      0.025ns  ((TSJ^2 + TIJ^2)^1/2 + DJ) / 2 + PE
    Total System Jitter     (TSJ):    0.050ns
    Total Input Jitter      (TIJ):    0.000ns
    Discrete Jitter          (DJ):    0.000ns
    Phase Error              (PE):    0.000ns

    Location             Delay type                Incr(ns)  Path(ns)    Netlist Resource(s)
  -------------------------------------------------------------------    -------------------
                         (clock clk rise edge)        0.000     0.000 r  
                                                      0.000     0.000 r  clk (IN)
                         net (fo=0)                   0.000     0.000    clk
                                                                      r  clk_IBUF_inst/I
                         IBUF (Prop_ibuf_I_O)         0.830     0.830 r  clk_IBUF_inst/O
                         net (fo=1, unplaced)         0.584     1.413    clk_IBUF
                                                                      r  clk_IBUF_BUFG_inst/I
                         BUFG (Prop_bufg_I_O)         0.120     1.533 r  clk_IBUF_BUFG_inst/O
                         net (fo=507, unplaced)       0.584     2.117    clk_IBUF_BUFG
                         FDRE                                         r  es_src1_is_pc_reg/C
  -------------------------------------------------------------------    -------------------
                         FDRE (Prop_fdre_C_Q)         0.269     2.386 r  es_src1_is_pc_reg/Q
                         net (fo=221, unplaced)       0.662     3.048    u_pc/es_src2_is_4
                                                                      r  u_pc/alu_result0_carry_i_2/I0
                         LUT5 (Prop_lut5_I0_O)        0.153     3.201 r  u_pc/alu_result0_carry_i_2/O
                         net (fo=130, unplaced)       0.770     3.971    u_pc/es_pc_reg[15][2]
                                                                      r  u_pc/data_sram_addr_OBUF[23]_inst_i_12/I1
                         LUT6 (Prop_lut6_I1_O)        0.053     4.024 r  u_pc/data_sram_addr_OBUF[23]_inst_i_12/O
                         net (fo=3, unplaced)         0.539     4.563    u_pc/data_sram_addr_OBUF[23]_inst_i_12_n_0
                                                                      r  u_pc/data_sram_addr_OBUF[21]_inst_i_8/I0
                         LUT5 (Prop_lut5_I0_O)        0.053     4.616 r  u_pc/data_sram_addr_OBUF[21]_inst_i_8/O
                         net (fo=2, unplaced)         0.351     4.967    u_pc/data_sram_addr_OBUF[21]_inst_i_8_n_0
                                                                      r  u_pc/data_sram_addr_OBUF[20]_inst_i_4/I4
                         LUT6 (Prop_lut6_I4_O)        0.053     5.020 r  u_pc/data_sram_addr_OBUF[20]_inst_i_4/O
                         net (fo=1, unplaced)         0.521     5.541    u_pc/data_sram_addr_OBUF[20]_inst_i_4_n_0
                                                                      r  u_pc/data_sram_addr_OBUF[20]_inst_i_2/I2
                         LUT6 (Prop_lut6_I2_O)        0.053     5.594 r  u_pc/data_sram_addr_OBUF[20]_inst_i_2/O
                         net (fo=1, unplaced)         0.521     6.115    u_alu/ms_alu_result_reg[20]
                                                                      r  u_alu/data_sram_addr_OBUF[20]_inst_i_1/I2
                         LUT6 (Prop_lut6_I2_O)        0.053     6.168 r  u_alu/data_sram_addr_OBUF[20]_inst_i_1/O
                         net (fo=5, unplaced)         0.584     6.752    data_sram_addr_OBUF[20]
                                                                      r  data_sram_addr_OBUF[20]_inst/I
                         OBUF (Prop_obuf_I_O)         2.462     9.214 r  data_sram_addr_OBUF[20]_inst/O
                         net (fo=0)                   0.000     9.214    data_sram_addr[20]
                                                                      r  data_sram_addr[20] (OUT)
  -------------------------------------------------------------------    -------------------

Slack:                    inf
  Source:                 es_src1_is_pc_reg/C
                            (rising edge-triggered cell FDRE clocked by clk  {rise@0.000ns fall@5.000ns period=10.000ns})
  Destination:            data_sram_addr[22]
                            (output port)
  Path Group:             (none)
  Path Type:              Max at Slow Process Corner
  Data Path Delay:        7.072ns  (logic 3.149ns (44.523%)  route 3.924ns (55.477%))
  Logic Levels:           7  (LUT5=2 LUT6=4 OBUF=1)
  Clock Uncertainty:      0.025ns  ((TSJ^2 + TIJ^2)^1/2 + DJ) / 2 + PE
    Total System Jitter     (TSJ):    0.050ns
    Total Input Jitter      (TIJ):    0.000ns
    Discrete Jitter          (DJ):    0.000ns
    Phase Error              (PE):    0.000ns

    Location             Delay type                Incr(ns)  Path(ns)    Netlist Resource(s)
  -------------------------------------------------------------------    -------------------
                         (clock clk rise edge)        0.000     0.000 r  
                                                      0.000     0.000 r  clk (IN)
                         net (fo=0)                   0.000     0.000    clk
                                                                      r  clk_IBUF_inst/I
                         IBUF (Prop_ibuf_I_O)         0.830     0.830 r  clk_IBUF_inst/O
                         net (fo=1, unplaced)         0.584     1.413    clk_IBUF
                                                                      r  clk_IBUF_BUFG_inst/I
                         BUFG (Prop_bufg_I_O)         0.120     1.533 r  clk_IBUF_BUFG_inst/O
                         net (fo=507, unplaced)       0.584     2.117    clk_IBUF_BUFG
                         FDRE                                         r  es_src1_is_pc_reg/C
  -------------------------------------------------------------------    -------------------
                         FDRE (Prop_fdre_C_Q)         0.269     2.386 r  es_src1_is_pc_reg/Q
                         net (fo=221, unplaced)       0.662     3.048    u_pc/es_src2_is_4
                                                                      r  u_pc/alu_result0_carry_i_2/I0
                         LUT5 (Prop_lut5_I0_O)        0.153     3.201 r  u_pc/alu_result0_carry_i_2/O
                         net (fo=130, unplaced)       0.770     3.971    u_pc/es_pc_reg[15][2]
                                                                      r  u_pc/data_sram_addr_OBUF[24]_inst_i_12/I1
                         LUT6 (Prop_lut6_I1_O)        0.053     4.024 r  u_pc/data_sram_addr_OBUF[24]_inst_i_12/O
                         net (fo=4, unplaced)         0.545     4.569    u_pc/data_sram_addr_OBUF[24]_inst_i_12_n_0
                                                                      r  u_pc/data_sram_addr_OBUF[22]_inst_i_8/I0
                         LUT5 (Prop_lut5_I0_O)        0.053     4.622 r  u_pc/data_sram_addr_OBUF[22]_inst_i_8/O
                         net (fo=2, unplaced)         0.321     4.943    u_pc/data_sram_addr_OBUF[22]_inst_i_8_n_0
                                                                      r  u_pc/data_sram_addr_OBUF[22]_inst_i_4/I3
                         LUT6 (Prop_lut6_I3_O)        0.053     4.996 r  u_pc/data_sram_addr_OBUF[22]_inst_i_4/O
                         net (fo=1, unplaced)         0.521     5.517    u_pc/data_sram_addr_OBUF[22]_inst_i_4_n_0
                                                                      r  u_pc/data_sram_addr_OBUF[22]_inst_i_2/I2
                         LUT6 (Prop_lut6_I2_O)        0.053     5.570 r  u_pc/data_sram_addr_OBUF[22]_inst_i_2/O
                         net (fo=1, unplaced)         0.521     6.091    u_alu/ms_alu_result_reg[22]
                                                                      r  u_alu/data_sram_addr_OBUF[22]_inst_i_1/I2
                         LUT6 (Prop_lut6_I2_O)        0.053     6.144 r  u_alu/data_sram_addr_OBUF[22]_inst_i_1/O
                         net (fo=5, unplaced)         0.584     6.728    data_sram_addr_OBUF[22]
                                                                      r  data_sram_addr_OBUF[22]_inst/I
                         OBUF (Prop_obuf_I_O)         2.462     9.190 r  data_sram_addr_OBUF[22]_inst/O
                         net (fo=0)                   0.000     9.190    data_sram_addr[22]
                                                                      r  data_sram_addr[22] (OUT)
  -------------------------------------------------------------------    -------------------

Slack:                    inf
  Source:                 es_src1_is_pc_reg/C
                            (rising edge-triggered cell FDRE clocked by clk  {rise@0.000ns fall@5.000ns period=10.000ns})
  Destination:            data_sram_addr[19]
                            (output port)
  Path Group:             (none)
  Path Type:              Max at Slow Process Corner
  Data Path Delay:        7.048ns  (logic 3.149ns (44.674%)  route 3.900ns (55.326%))
  Logic Levels:           7  (LUT5=2 LUT6=4 OBUF=1)
  Clock Uncertainty:      0.025ns  ((TSJ^2 + TIJ^2)^1/2 + DJ) / 2 + PE
    Total System Jitter     (TSJ):    0.050ns
    Total Input Jitter      (TIJ):    0.000ns
    Discrete Jitter          (DJ):    0.000ns
    Phase Error              (PE):    0.000ns

    Location             Delay type                Incr(ns)  Path(ns)    Netlist Resource(s)
  -------------------------------------------------------------------    -------------------
                         (clock clk rise edge)        0.000     0.000 r  
                                                      0.000     0.000 r  clk (IN)
                         net (fo=0)                   0.000     0.000    clk
                                                                      r  clk_IBUF_inst/I
                         IBUF (Prop_ibuf_I_O)         0.830     0.830 r  clk_IBUF_inst/O
                         net (fo=1, unplaced)         0.584     1.413    clk_IBUF
                                                                      r  clk_IBUF_BUFG_inst/I
                         BUFG (Prop_bufg_I_O)         0.120     1.533 r  clk_IBUF_BUFG_inst/O
                         net (fo=507, unplaced)       0.584     2.117    clk_IBUF_BUFG
                         FDRE                                         r  es_src1_is_pc_reg/C
  -------------------------------------------------------------------    -------------------
                         FDRE (Prop_fdre_C_Q)         0.269     2.386 f  es_src1_is_pc_reg/Q
                         net (fo=221, unplaced)       0.651     3.037    u_pc/es_src2_is_4
                                                                      f  u_pc/alu_result0_carry__6_i_9/I2
                         LUT5 (Prop_lut5_I2_O)        0.153     3.190 r  u_pc/alu_result0_carry__6_i_9/O
                         net (fo=23, unplaced)        0.727     3.917    u_pc/alu_src2[30]
                                                                      r  u_pc/data_sram_addr_OBUF[22]_inst_i_13/I0
                         LUT5 (Prop_lut5_I0_O)        0.053     3.970 r  u_pc/data_sram_addr_OBUF[22]_inst_i_13/O
                         net (fo=4, unplaced)         0.545     4.515    u_pc/data_sram_addr_OBUF[22]_inst_i_13_n_0
                                                                      r  u_pc/data_sram_addr_OBUF[20]_inst_i_8/I1
                         LUT6 (Prop_lut6_I1_O)        0.053     4.568 r  u_pc/data_sram_addr_OBUF[20]_inst_i_8/O
                         net (fo=2, unplaced)         0.351     4.919    u_pc/data_sram_addr_OBUF[20]_inst_i_8_n_0
                                                                      r  u_pc/data_sram_addr_OBUF[19]_inst_i_4/I4
                         LUT6 (Prop_lut6_I4_O)        0.053     4.972 r  u_pc/data_sram_addr_OBUF[19]_inst_i_4/O
                         net (fo=1, unplaced)         0.521     5.493    u_pc/data_sram_addr_OBUF[19]_inst_i_4_n_0
                                                                      r  u_pc/data_sram_addr_OBUF[19]_inst_i_2/I2
                         LUT6 (Prop_lut6_I2_O)        0.053     5.546 r  u_pc/data_sram_addr_OBUF[19]_inst_i_2/O
                         net (fo=1, unplaced)         0.521     6.067    u_alu/ms_alu_result_reg[19]
                                                                      r  u_alu/data_sram_addr_OBUF[19]_inst_i_1/I2
                         LUT6 (Prop_lut6_I2_O)        0.053     6.120 r  u_alu/data_sram_addr_OBUF[19]_inst_i_1/O
                         net (fo=5, unplaced)         0.584     6.704    data_sram_addr_OBUF[19]
                                                                      r  data_sram_addr_OBUF[19]_inst/I
                         OBUF (Prop_obuf_I_O)         2.462     9.166 r  data_sram_addr_OBUF[19]_inst/O
                         net (fo=0)                   0.000     9.166    data_sram_addr[19]
                                                                      r  data_sram_addr[19] (OUT)
  -------------------------------------------------------------------    -------------------

Slack:                    inf
  Source:                 es_src1_is_pc_reg/C
                            (rising edge-triggered cell FDRE clocked by clk  {rise@0.000ns fall@5.000ns period=10.000ns})
  Destination:            data_sram_addr[10]
                            (output port)
  Path Group:             (none)
  Path Type:              Max at Slow Process Corner
  Data Path Delay:        7.046ns  (logic 3.149ns (44.687%)  route 3.898ns (55.313%))
  Logic Levels:           7  (LUT5=2 LUT6=4 OBUF=1)
  Clock Uncertainty:      0.025ns  ((TSJ^2 + TIJ^2)^1/2 + DJ) / 2 + PE
    Total System Jitter     (TSJ):    0.050ns
    Total Input Jitter      (TIJ):    0.000ns
    Discrete Jitter          (DJ):    0.000ns
    Phase Error              (PE):    0.000ns

    Location             Delay type                Incr(ns)  Path(ns)    Netlist Resource(s)
  -------------------------------------------------------------------    -------------------
                         (clock clk rise edge)        0.000     0.000 r  
                                                      0.000     0.000 r  clk (IN)
                         net (fo=0)                   0.000     0.000    clk
                                                                      r  clk_IBUF_inst/I
                         IBUF (Prop_ibuf_I_O)         0.830     0.830 r  clk_IBUF_inst/O
                         net (fo=1, unplaced)         0.584     1.413    clk_IBUF
                                                                      r  clk_IBUF_BUFG_inst/I
                         BUFG (Prop_bufg_I_O)         0.120     1.533 r  clk_IBUF_BUFG_inst/O
                         net (fo=507, unplaced)       0.584     2.117    clk_IBUF_BUFG
                         FDRE                                         r  es_src1_is_pc_reg/C
  -------------------------------------------------------------------    -------------------
                         FDRE (Prop_fdre_C_Q)         0.269     2.386 f  es_src1_is_pc_reg/Q
                         net (fo=221, unplaced)       0.651     3.037    u_pc/es_src2_is_4
                                                                      f  u_pc/alu_result0_carry__4_i_12/I2
                         LUT5 (Prop_lut5_I2_O)        0.153     3.190 r  u_pc/alu_result0_carry__4_i_12/O
                         net (fo=10, unplaced)        0.707     3.897    u_pc/alu_src2[20]
                                                                      r  u_pc/data_sram_addr_OBUF[11]_inst_i_11/I0
                         LUT5 (Prop_lut5_I0_O)        0.053     3.950 r  u_pc/data_sram_addr_OBUF[11]_inst_i_11/O
                         net (fo=4, unplaced)         0.545     4.495    u_pc/data_sram_addr_OBUF[11]_inst_i_11_n_0
                                                                      r  u_pc/data_sram_addr_OBUF[9]_inst_i_7/I1
                         LUT6 (Prop_lut6_I1_O)        0.053     4.548 r  u_pc/data_sram_addr_OBUF[9]_inst_i_7/O
                         net (fo=3, unplaced)         0.539     5.087    u_pc/data_sram_addr_OBUF[9]_inst_i_7_n_0
                                                                      r  u_pc/data_sram_addr_OBUF[10]_inst_i_6/I0
                         LUT6 (Prop_lut6_I0_O)        0.053     5.140 r  u_pc/data_sram_addr_OBUF[10]_inst_i_6/O
                         net (fo=2, unplaced)         0.351     5.491    u_pc/data_sram_addr_OBUF[10]_inst_i_6_n_0
                                                                      r  u_pc/data_sram_addr_OBUF[10]_inst_i_2/I2
                         LUT6 (Prop_lut6_I2_O)        0.053     5.544 r  u_pc/data_sram_addr_OBUF[10]_inst_i_2/O
                         net (fo=1, unplaced)         0.521     6.065    u_alu/ms_alu_result_reg[10]
                                                                      r  u_alu/data_sram_addr_OBUF[10]_inst_i_1/I1
                         LUT6 (Prop_lut6_I1_O)        0.053     6.118 r  u_alu/data_sram_addr_OBUF[10]_inst_i_1/O
                         net (fo=3, unplaced)         0.584     6.702    data_sram_addr_OBUF[10]
                                                                      r  data_sram_addr_OBUF[10]_inst/I
                         OBUF (Prop_obuf_I_O)         2.462     9.164 r  data_sram_addr_OBUF[10]_inst/O
                         net (fo=0)                   0.000     9.164    data_sram_addr[10]
                                                                      r  data_sram_addr[10] (OUT)
  -------------------------------------------------------------------    -------------------

Slack:                    inf
  Source:                 es_src1_is_pc_reg/C
                            (rising edge-triggered cell FDRE clocked by clk  {rise@0.000ns fall@5.000ns period=10.000ns})
  Destination:            data_sram_addr[11]
                            (output port)
  Path Group:             (none)
  Path Type:              Max at Slow Process Corner
  Data Path Delay:        7.046ns  (logic 3.149ns (44.687%)  route 3.898ns (55.313%))
  Logic Levels:           7  (LUT5=2 LUT6=4 OBUF=1)
  Clock Uncertainty:      0.025ns  ((TSJ^2 + TIJ^2)^1/2 + DJ) / 2 + PE
    Total System Jitter     (TSJ):    0.050ns
    Total Input Jitter      (TIJ):    0.000ns
    Discrete Jitter          (DJ):    0.000ns
    Phase Error              (PE):    0.000ns

    Location             Delay type                Incr(ns)  Path(ns)    Netlist Resource(s)
  -------------------------------------------------------------------    -------------------
                         (clock clk rise edge)        0.000     0.000 r  
                                                      0.000     0.000 r  clk (IN)
                         net (fo=0)                   0.000     0.000    clk
                                                                      r  clk_IBUF_inst/I
                         IBUF (Prop_ibuf_I_O)         0.830     0.830 r  clk_IBUF_inst/O
                         net (fo=1, unplaced)         0.584     1.413    clk_IBUF
                                                                      r  clk_IBUF_BUFG_inst/I
                         BUFG (Prop_bufg_I_O)         0.120     1.533 r  clk_IBUF_BUFG_inst/O
                         net (fo=507, unplaced)       0.584     2.117    clk_IBUF_BUFG
                         FDRE                                         r  es_src1_is_pc_reg/C
  -------------------------------------------------------------------    -------------------
                         FDRE (Prop_fdre_C_Q)         0.269     2.386 f  es_src1_is_pc_reg/Q
                         net (fo=221, unplaced)       0.651     3.037    u_pc/es_src2_is_4
                                                                      f  u_pc/alu_result0_carry__4_i_11/I2
                         LUT5 (Prop_lut5_I2_O)        0.153     3.190 r  u_pc/alu_result0_carry__4_i_11/O
                         net (fo=10, unplaced)        0.707     3.897    u_pc/alu_src2[21]
                                                                      r  u_pc/data_sram_addr_OBUF[12]_inst_i_11/I0
                         LUT5 (Prop_lut5_I0_O)        0.053     3.950 r  u_pc/data_sram_addr_OBUF[12]_inst_i_11/O
                         net (fo=4, unplaced)         0.545     4.495    u_pc/data_sram_addr_OBUF[12]_inst_i_11_n_0
                                                                      r  u_pc/data_sram_addr_OBUF[10]_inst_i_7/I1
                         LUT6 (Prop_lut6_I1_O)        0.053     4.548 r  u_pc/data_sram_addr_OBUF[10]_inst_i_7/O
                         net (fo=3, unplaced)         0.539     5.087    u_pc/data_sram_addr_OBUF[10]_inst_i_7_n_0
                                                                      r  u_pc/data_sram_addr_OBUF[11]_inst_i_6/I0
                         LUT6 (Prop_lut6_I0_O)        0.053     5.140 r  u_pc/data_sram_addr_OBUF[11]_inst_i_6/O
                         net (fo=2, unplaced)         0.351     5.491    u_pc/data_sram_addr_OBUF[11]_inst_i_6_n_0
                                                                      r  u_pc/data_sram_addr_OBUF[11]_inst_i_2/I2
                         LUT6 (Prop_lut6_I2_O)        0.053     5.544 r  u_pc/data_sram_addr_OBUF[11]_inst_i_2/O
                         net (fo=1, unplaced)         0.521     6.065    u_alu/ms_alu_result_reg[11]
                                                                      r  u_alu/data_sram_addr_OBUF[11]_inst_i_1/I1
                         LUT6 (Prop_lut6_I1_O)        0.053     6.118 r  u_alu/data_sram_addr_OBUF[11]_inst_i_1/O
                         net (fo=3, unplaced)         0.584     6.702    data_sram_addr_OBUF[11]
                                                                      r  data_sram_addr_OBUF[11]_inst/I
                         OBUF (Prop_obuf_I_O)         2.462     9.164 r  data_sram_addr_OBUF[11]_inst/O
                         net (fo=0)                   0.000     9.164    data_sram_addr[11]
                                                                      r  data_sram_addr[11] (OUT)
  -------------------------------------------------------------------    -------------------

Slack:                    inf
  Source:                 es_src1_is_pc_reg/C
                            (rising edge-triggered cell FDRE clocked by clk  {rise@0.000ns fall@5.000ns period=10.000ns})
  Destination:            data_sram_addr[12]
                            (output port)
  Path Group:             (none)
  Path Type:              Max at Slow Process Corner
  Data Path Delay:        7.046ns  (logic 3.149ns (44.687%)  route 3.898ns (55.313%))
  Logic Levels:           7  (LUT5=2 LUT6=4 OBUF=1)
  Clock Uncertainty:      0.025ns  ((TSJ^2 + TIJ^2)^1/2 + DJ) / 2 + PE
    Total System Jitter     (TSJ):    0.050ns
    Total Input Jitter      (TIJ):    0.000ns
    Discrete Jitter          (DJ):    0.000ns
    Phase Error              (PE):    0.000ns

    Location             Delay type                Incr(ns)  Path(ns)    Netlist Resource(s)
  -------------------------------------------------------------------    -------------------
                         (clock clk rise edge)        0.000     0.000 r  
                                                      0.000     0.000 r  clk (IN)
                         net (fo=0)                   0.000     0.000    clk
                                                                      r  clk_IBUF_inst/I
                         IBUF (Prop_ibuf_I_O)         0.830     0.830 r  clk_IBUF_inst/O
                         net (fo=1, unplaced)         0.584     1.413    clk_IBUF
                                                                      r  clk_IBUF_BUFG_inst/I
                         BUFG (Prop_bufg_I_O)         0.120     1.533 r  clk_IBUF_BUFG_inst/O
                         net (fo=507, unplaced)       0.584     2.117    clk_IBUF_BUFG
                         FDRE                                         r  es_src1_is_pc_reg/C
  -------------------------------------------------------------------    -------------------
                         FDRE (Prop_fdre_C_Q)         0.269     2.386 f  es_src1_is_pc_reg/Q
                         net (fo=221, unplaced)       0.651     3.037    u_pc/es_src2_is_4
                                                                      f  u_pc/alu_result0_carry__4_i_10/I2
                         LUT5 (Prop_lut5_I2_O)        0.153     3.190 r  u_pc/alu_result0_carry__4_i_10/O
                         net (fo=10, unplaced)        0.707     3.897    u_pc/alu_src2[22]
                                                                      r  u_pc/data_sram_addr_OBUF[13]_inst_i_11/I0
                         LUT5 (Prop_lut5_I0_O)        0.053     3.950 r  u_pc/data_sram_addr_OBUF[13]_inst_i_11/O
                         net (fo=4, unplaced)         0.545     4.495    u_pc/data_sram_addr_OBUF[13]_inst_i_11_n_0
                                                                      r  u_pc/data_sram_addr_OBUF[11]_inst_i_7/I1
                         LUT6 (Prop_lut6_I1_O)        0.053     4.548 r  u_pc/data_sram_addr_OBUF[11]_inst_i_7/O
                         net (fo=3, unplaced)         0.539     5.087    u_pc/data_sram_addr_OBUF[11]_inst_i_7_n_0
                                                                      r  u_pc/data_sram_addr_OBUF[12]_inst_i_6/I0
                         LUT6 (Prop_lut6_I0_O)        0.053     5.140 r  u_pc/data_sram_addr_OBUF[12]_inst_i_6/O
                         net (fo=2, unplaced)         0.351     5.491    u_pc/data_sram_addr_OBUF[12]_inst_i_6_n_0
                                                                      r  u_pc/data_sram_addr_OBUF[12]_inst_i_2/I2
                         LUT6 (Prop_lut6_I2_O)        0.053     5.544 r  u_pc/data_sram_addr_OBUF[12]_inst_i_2/O
                         net (fo=1, unplaced)         0.521     6.065    u_alu/ms_alu_result_reg[12]
                                                                      r  u_alu/data_sram_addr_OBUF[12]_inst_i_1/I1
                         LUT6 (Prop_lut6_I1_O)        0.053     6.118 r  u_alu/data_sram_addr_OBUF[12]_inst_i_1/O
                         net (fo=3, unplaced)         0.584     6.702    data_sram_addr_OBUF[12]
                                                                      r  data_sram_addr_OBUF[12]_inst/I
                         OBUF (Prop_obuf_I_O)         2.462     9.164 r  data_sram_addr_OBUF[12]_inst/O
                         net (fo=0)                   0.000     9.164    data_sram_addr[12]
                                                                      r  data_sram_addr[12] (OUT)
  -------------------------------------------------------------------    -------------------

Slack:                    inf
  Source:                 es_src1_is_pc_reg/C
                            (rising edge-triggered cell FDRE clocked by clk  {rise@0.000ns fall@5.000ns period=10.000ns})
  Destination:            data_sram_addr[13]
                            (output port)
  Path Group:             (none)
  Path Type:              Max at Slow Process Corner
  Data Path Delay:        7.046ns  (logic 3.149ns (44.687%)  route 3.898ns (55.313%))
  Logic Levels:           7  (LUT5=2 LUT6=4 OBUF=1)
  Clock Uncertainty:      0.025ns  ((TSJ^2 + TIJ^2)^1/2 + DJ) / 2 + PE
    Total System Jitter     (TSJ):    0.050ns
    Total Input Jitter      (TIJ):    0.000ns
    Discrete Jitter          (DJ):    0.000ns
    Phase Error              (PE):    0.000ns

    Location             Delay type                Incr(ns)  Path(ns)    Netlist Resource(s)
  -------------------------------------------------------------------    -------------------
                         (clock clk rise edge)        0.000     0.000 r  
                                                      0.000     0.000 r  clk (IN)
                         net (fo=0)                   0.000     0.000    clk
                                                                      r  clk_IBUF_inst/I
                         IBUF (Prop_ibuf_I_O)         0.830     0.830 r  clk_IBUF_inst/O
                         net (fo=1, unplaced)         0.584     1.413    clk_IBUF
                                                                      r  clk_IBUF_BUFG_inst/I
                         BUFG (Prop_bufg_I_O)         0.120     1.533 r  clk_IBUF_BUFG_inst/O
                         net (fo=507, unplaced)       0.584     2.117    clk_IBUF_BUFG
                         FDRE                                         r  es_src1_is_pc_reg/C
  -------------------------------------------------------------------    -------------------
                         FDRE (Prop_fdre_C_Q)         0.269     2.386 f  es_src1_is_pc_reg/Q
                         net (fo=221, unplaced)       0.651     3.037    u_pc/es_src2_is_4
                                                                      f  u_pc/alu_result0_carry__4_i_9/I2
                         LUT5 (Prop_lut5_I2_O)        0.153     3.190 r  u_pc/alu_result0_carry__4_i_9/O
                         net (fo=10, unplaced)        0.707     3.897    u_pc/alu_src2[23]
                                                                      r  u_pc/data_sram_addr_OBUF[14]_inst_i_14/I0
                         LUT5 (Prop_lut5_I0_O)        0.053     3.950 r  u_pc/data_sram_addr_OBUF[14]_inst_i_14/O
                         net (fo=4, unplaced)         0.545     4.495    u_pc/data_sram_addr_OBUF[14]_inst_i_14_n_0
                                                                      r  u_pc/data_sram_addr_OBUF[12]_inst_i_7/I1
                         LUT6 (Prop_lut6_I1_O)        0.053     4.548 r  u_pc/data_sram_addr_OBUF[12]_inst_i_7/O
                         net (fo=3, unplaced)         0.539     5.087    u_pc/data_sram_addr_OBUF[12]_inst_i_7_n_0
                                                                      r  u_pc/data_sram_addr_OBUF[13]_inst_i_6/I0
                         LUT6 (Prop_lut6_I0_O)        0.053     5.140 r  u_pc/data_sram_addr_OBUF[13]_inst_i_6/O
                         net (fo=2, unplaced)         0.351     5.491    u_pc/data_sram_addr_OBUF[13]_inst_i_6_n_0
                                                                      r  u_pc/data_sram_addr_OBUF[13]_inst_i_2/I2
                         LUT6 (Prop_lut6_I2_O)        0.053     5.544 r  u_pc/data_sram_addr_OBUF[13]_inst_i_2/O
                         net (fo=1, unplaced)         0.521     6.065    u_alu/ms_alu_result_reg[13]
                                                                      r  u_alu/data_sram_addr_OBUF[13]_inst_i_1/I1
                         LUT6 (Prop_lut6_I1_O)        0.053     6.118 r  u_alu/data_sram_addr_OBUF[13]_inst_i_1/O
                         net (fo=6, unplaced)         0.584     6.702    data_sram_addr_OBUF[13]
                                                                      r  data_sram_addr_OBUF[13]_inst/I
                         OBUF (Prop_obuf_I_O)         2.462     9.164 r  data_sram_addr_OBUF[13]_inst/O
                         net (fo=0)                   0.000     9.164    data_sram_addr[13]
                                                                      r  data_sram_addr[13] (OUT)
  -------------------------------------------------------------------    -------------------

Slack:                    inf
  Source:                 es_src1_is_pc_reg/C
                            (rising edge-triggered cell FDRE clocked by clk  {rise@0.000ns fall@5.000ns period=10.000ns})
  Destination:            data_sram_addr[9]
                            (output port)
  Path Group:             (none)
  Path Type:              Max at Slow Process Corner
  Data Path Delay:        7.044ns  (logic 3.149ns (44.700%)  route 3.896ns (55.301%))
  Logic Levels:           7  (LUT5=2 LUT6=4 OBUF=1)
  Clock Uncertainty:      0.025ns  ((TSJ^2 + TIJ^2)^1/2 + DJ) / 2 + PE
    Total System Jitter     (TSJ):    0.050ns
    Total Input Jitter      (TIJ):    0.000ns
    Discrete Jitter          (DJ):    0.000ns
    Phase Error              (PE):    0.000ns

    Location             Delay type                Incr(ns)  Path(ns)    Netlist Resource(s)
  -------------------------------------------------------------------    -------------------
                         (clock clk rise edge)        0.000     0.000 r  
                                                      0.000     0.000 r  clk (IN)
                         net (fo=0)                   0.000     0.000    clk
                                                                      r  clk_IBUF_inst/I
                         IBUF (Prop_ibuf_I_O)         0.830     0.830 r  clk_IBUF_inst/O
                         net (fo=1, unplaced)         0.584     1.413    clk_IBUF
                                                                      r  clk_IBUF_BUFG_inst/I
                         BUFG (Prop_bufg_I_O)         0.120     1.533 r  clk_IBUF_BUFG_inst/O
                         net (fo=507, unplaced)       0.584     2.117    clk_IBUF_BUFG
                         FDRE                                         r  es_src1_is_pc_reg/C
  -------------------------------------------------------------------    -------------------
                         FDRE (Prop_fdre_C_Q)         0.269     2.386 f  es_src1_is_pc_reg/Q
                         net (fo=221, unplaced)       0.651     3.037    u_pc/es_src2_is_4
                                                                      f  u_pc/alu_result0_carry__3_i_9/I2
                         LUT5 (Prop_lut5_I2_O)        0.153     3.190 r  u_pc/alu_result0_carry__3_i_9/O
                         net (fo=9, unplaced)         0.705     3.895    u_pc/alu_src2[19]
                                                                      r  u_pc/data_sram_addr_OBUF[10]_inst_i_11/I0
                         LUT5 (Prop_lut5_I0_O)        0.053     3.948 r  u_pc/data_sram_addr_OBUF[10]_inst_i_11/O
                         net (fo=4, unplaced)         0.545     4.493    u_pc/data_sram_addr_OBUF[10]_inst_i_11_n_0
                                                                      r  u_pc/data_sram_addr_OBUF[8]_inst_i_7/I1
                         LUT6 (Prop_lut6_I1_O)        0.053     4.546 r  u_pc/data_sram_addr_OBUF[8]_inst_i_7/O
                         net (fo=3, unplaced)         0.539     5.085    u_pc/data_sram_addr_OBUF[8]_inst_i_7_n_0
                                                                      r  u_pc/data_sram_addr_OBUF[9]_inst_i_6/I0
                         LUT6 (Prop_lut6_I0_O)        0.053     5.138 r  u_pc/data_sram_addr_OBUF[9]_inst_i_6/O
                         net (fo=2, unplaced)         0.351     5.489    u_pc/data_sram_addr_OBUF[9]_inst_i_6_n_0
                                                                      r  u_pc/data_sram_addr_OBUF[9]_inst_i_2/I2
                         LUT6 (Prop_lut6_I2_O)        0.053     5.542 r  u_pc/data_sram_addr_OBUF[9]_inst_i_2/O
                         net (fo=1, unplaced)         0.521     6.063    u_alu/ms_alu_result_reg[9]
                                                                      r  u_alu/data_sram_addr_OBUF[9]_inst_i_1/I1
                         LUT6 (Prop_lut6_I1_O)        0.053     6.116 r  u_alu/data_sram_addr_OBUF[9]_inst_i_1/O
                         net (fo=3, unplaced)         0.584     6.700    data_sram_addr_OBUF[9]
                                                                      r  data_sram_addr_OBUF[9]_inst/I
                         OBUF (Prop_obuf_I_O)         2.462     9.162 r  data_sram_addr_OBUF[9]_inst/O
                         net (fo=0)                   0.000     9.162    data_sram_addr[9]
                                                                      r  data_sram_addr[9] (OUT)
  -------------------------------------------------------------------    -------------------

Slack:                    inf
  Source:                 es_src1_is_pc_reg/C
                            (rising edge-triggered cell FDRE clocked by clk  {rise@0.000ns fall@5.000ns period=10.000ns})
  Destination:            data_sram_addr[17]
                            (output port)
  Path Group:             (none)
  Path Type:              Max at Slow Process Corner
  Data Path Delay:        7.042ns  (logic 3.149ns (44.712%)  route 3.894ns (55.288%))
  Logic Levels:           7  (LUT5=2 LUT6=4 OBUF=1)
  Clock Uncertainty:      0.025ns  ((TSJ^2 + TIJ^2)^1/2 + DJ) / 2 + PE
    Total System Jitter     (TSJ):    0.050ns
    Total Input Jitter      (TIJ):    0.000ns
    Discrete Jitter          (DJ):    0.000ns
    Phase Error              (PE):    0.000ns

    Location             Delay type                Incr(ns)  Path(ns)    Netlist Resource(s)
  -------------------------------------------------------------------    -------------------
                         (clock clk rise edge)        0.000     0.000 r  
                                                      0.000     0.000 r  clk (IN)
                         net (fo=0)                   0.000     0.000    clk
                                                                      r  clk_IBUF_inst/I
                         IBUF (Prop_ibuf_I_O)         0.830     0.830 r  clk_IBUF_inst/O
                         net (fo=1, unplaced)         0.584     1.413    clk_IBUF
                                                                      r  clk_IBUF_BUFG_inst/I
                         BUFG (Prop_bufg_I_O)         0.120     1.533 r  clk_IBUF_BUFG_inst/O
                         net (fo=507, unplaced)       0.584     2.117    clk_IBUF_BUFG
                         FDRE                                         r  es_src1_is_pc_reg/C
  -------------------------------------------------------------------    -------------------
                         FDRE (Prop_fdre_C_Q)         0.269     2.386 f  es_src1_is_pc_reg/Q
                         net (fo=221, unplaced)       0.651     3.037    u_pc/es_src2_is_4
                                                                      f  u_pc/alu_result0_carry__6_i_11/I2
                         LUT5 (Prop_lut5_I2_O)        0.153     3.190 r  u_pc/alu_result0_carry__6_i_11/O
                         net (fo=18, unplaced)        0.721     3.911    u_pc/alu_src2[28]
                                                                      r  u_pc/data_sram_addr_OBUF[20]_inst_i_14/I0
                         LUT5 (Prop_lut5_I0_O)        0.053     3.964 r  u_pc/data_sram_addr_OBUF[20]_inst_i_14/O
                         net (fo=4, unplaced)         0.545     4.509    u_pc/data_sram_addr_OBUF[20]_inst_i_14_n_0
                                                                      r  u_pc/data_sram_addr_OBUF[18]_inst_i_8/I1
                         LUT6 (Prop_lut6_I1_O)        0.053     4.562 r  u_pc/data_sram_addr_OBUF[18]_inst_i_8/O
                         net (fo=2, unplaced)         0.351     4.913    u_pc/data_sram_addr_OBUF[18]_inst_i_8_n_0
                                                                      r  u_pc/data_sram_addr_OBUF[17]_inst_i_4/I4
                         LUT6 (Prop_lut6_I4_O)        0.053     4.966 r  u_pc/data_sram_addr_OBUF[17]_inst_i_4/O
                         net (fo=1, unplaced)         0.521     5.487    u_pc/data_sram_addr_OBUF[17]_inst_i_4_n_0
                                                                      r  u_pc/data_sram_addr_OBUF[17]_inst_i_2/I2
                         LUT6 (Prop_lut6_I2_O)        0.053     5.540 r  u_pc/data_sram_addr_OBUF[17]_inst_i_2/O
                         net (fo=1, unplaced)         0.521     6.061    u_alu/ms_alu_result_reg[17]
                                                                      r  u_alu/data_sram_addr_OBUF[17]_inst_i_1/I2
                         LUT6 (Prop_lut6_I2_O)        0.053     6.114 r  u_alu/data_sram_addr_OBUF[17]_inst_i_1/O
                         net (fo=5, unplaced)         0.584     6.698    data_sram_addr_OBUF[17]
                                                                      r  data_sram_addr_OBUF[17]_inst/I
                         OBUF (Prop_obuf_I_O)         2.462     9.160 r  data_sram_addr_OBUF[17]_inst/O
                         net (fo=0)                   0.000     9.160    data_sram_addr[17]
                                                                      r  data_sram_addr[17] (OUT)
  -------------------------------------------------------------------    -------------------





Min Delay Paths
--------------------------------------------------------------------------------------
Slack:                    inf
  Source:                 es_rt_value_reg[0]/C
                            (rising edge-triggered cell FDRE clocked by clk  {rise@0.000ns fall@5.000ns period=10.000ns})
  Destination:            data_sram_wdata[0]
                            (output port)
  Path Group:             (none)
  Path Type:              Min at Fast Process Corner
  Data Path Delay:        1.675ns  (logic 1.429ns (85.313%)  route 0.246ns (14.687%))
  Logic Levels:           1  (OBUF=1)
  Clock Uncertainty:      0.025ns  ((TSJ^2 + TIJ^2)^1/2 + DJ) / 2 + PE
    Total System Jitter     (TSJ):    0.050ns
    Total Input Jitter      (TIJ):    0.000ns
    Discrete Jitter          (DJ):    0.000ns
    Phase Error              (PE):    0.000ns

    Location             Delay type                Incr(ns)  Path(ns)    Netlist Resource(s)
  -------------------------------------------------------------------    -------------------
                         (clock clk rise edge)        0.000     0.000 r  
                                                      0.000     0.000 r  clk (IN)
                         net (fo=0)                   0.000     0.000    clk
                                                                      r  clk_IBUF_inst/I
                         IBUF (Prop_ibuf_I_O)         0.094     0.094 r  clk_IBUF_inst/O
                         net (fo=1, unplaced)         0.246     0.340    clk_IBUF
                                                                      r  clk_IBUF_BUFG_inst/I
                         BUFG (Prop_bufg_I_O)         0.026     0.366 r  clk_IBUF_BUFG_inst/O
                         net (fo=507, unplaced)       0.114     0.480    clk_IBUF_BUFG
                         FDRE                                         r  es_rt_value_reg[0]/C
  -------------------------------------------------------------------    -------------------
                         FDRE (Prop_fdre_C_Q)         0.100     0.580 r  es_rt_value_reg[0]/Q
                         net (fo=5, unplaced)         0.246     0.826    data_sram_wdata_OBUF[0]
                                                                      r  data_sram_wdata_OBUF[0]_inst/I
                         OBUF (Prop_obuf_I_O)         1.329     2.155 r  data_sram_wdata_OBUF[0]_inst/O
                         net (fo=0)                   0.000     2.155    data_sram_wdata[0]
                                                                      r  data_sram_wdata[0] (OUT)
  -------------------------------------------------------------------    -------------------

Slack:                    inf
  Source:                 es_rt_value_reg[10]/C
                            (rising edge-triggered cell FDRE clocked by clk  {rise@0.000ns fall@5.000ns period=10.000ns})
  Destination:            data_sram_wdata[10]
                            (output port)
  Path Group:             (none)
  Path Type:              Min at Fast Process Corner
  Data Path Delay:        1.675ns  (logic 1.429ns (85.313%)  route 0.246ns (14.687%))
  Logic Levels:           1  (OBUF=1)
  Clock Uncertainty:      0.025ns  ((TSJ^2 + TIJ^2)^1/2 + DJ) / 2 + PE
    Total System Jitter     (TSJ):    0.050ns
    Total Input Jitter      (TIJ):    0.000ns
    Discrete Jitter          (DJ):    0.000ns
    Phase Error              (PE):    0.000ns

    Location             Delay type                Incr(ns)  Path(ns)    Netlist Resource(s)
  -------------------------------------------------------------------    -------------------
                         (clock clk rise edge)        0.000     0.000 r  
                                                      0.000     0.000 r  clk (IN)
                         net (fo=0)                   0.000     0.000    clk
                                                                      r  clk_IBUF_inst/I
                         IBUF (Prop_ibuf_I_O)         0.094     0.094 r  clk_IBUF_inst/O
                         net (fo=1, unplaced)         0.246     0.340    clk_IBUF
                                                                      r  clk_IBUF_BUFG_inst/I
                         BUFG (Prop_bufg_I_O)         0.026     0.366 r  clk_IBUF_BUFG_inst/O
                         net (fo=507, unplaced)       0.114     0.480    clk_IBUF_BUFG
                         FDRE                                         r  es_rt_value_reg[10]/C
  -------------------------------------------------------------------    -------------------
                         FDRE (Prop_fdre_C_Q)         0.100     0.580 r  es_rt_value_reg[10]/Q
                         net (fo=3, unplaced)         0.246     0.826    data_sram_wdata_OBUF[10]
                                                                      r  data_sram_wdata_OBUF[10]_inst/I
                         OBUF (Prop_obuf_I_O)         1.329     2.155 r  data_sram_wdata_OBUF[10]_inst/O
                         net (fo=0)                   0.000     2.155    data_sram_wdata[10]
                                                                      r  data_sram_wdata[10] (OUT)
  -------------------------------------------------------------------    -------------------

Slack:                    inf
  Source:                 es_rt_value_reg[11]/C
                            (rising edge-triggered cell FDRE clocked by clk  {rise@0.000ns fall@5.000ns period=10.000ns})
  Destination:            data_sram_wdata[11]
                            (output port)
  Path Group:             (none)
  Path Type:              Min at Fast Process Corner
  Data Path Delay:        1.675ns  (logic 1.429ns (85.313%)  route 0.246ns (14.687%))
  Logic Levels:           1  (OBUF=1)
  Clock Uncertainty:      0.025ns  ((TSJ^2 + TIJ^2)^1/2 + DJ) / 2 + PE
    Total System Jitter     (TSJ):    0.050ns
    Total Input Jitter      (TIJ):    0.000ns
    Discrete Jitter          (DJ):    0.000ns
    Phase Error              (PE):    0.000ns

    Location             Delay type                Incr(ns)  Path(ns)    Netlist Resource(s)
  -------------------------------------------------------------------    -------------------
                         (clock clk rise edge)        0.000     0.000 r  
                                                      0.000     0.000 r  clk (IN)
                         net (fo=0)                   0.000     0.000    clk
                                                                      r  clk_IBUF_inst/I
                         IBUF (Prop_ibuf_I_O)         0.094     0.094 r  clk_IBUF_inst/O
                         net (fo=1, unplaced)         0.246     0.340    clk_IBUF
                                                                      r  clk_IBUF_BUFG_inst/I
                         BUFG (Prop_bufg_I_O)         0.026     0.366 r  clk_IBUF_BUFG_inst/O
                         net (fo=507, unplaced)       0.114     0.480    clk_IBUF_BUFG
                         FDRE                                         r  es_rt_value_reg[11]/C
  -------------------------------------------------------------------    -------------------
                         FDRE (Prop_fdre_C_Q)         0.100     0.580 r  es_rt_value_reg[11]/Q
                         net (fo=3, unplaced)         0.246     0.826    data_sram_wdata_OBUF[11]
                                                                      r  data_sram_wdata_OBUF[11]_inst/I
                         OBUF (Prop_obuf_I_O)         1.329     2.155 r  data_sram_wdata_OBUF[11]_inst/O
                         net (fo=0)                   0.000     2.155    data_sram_wdata[11]
                                                                      r  data_sram_wdata[11] (OUT)
  -------------------------------------------------------------------    -------------------

Slack:                    inf
  Source:                 es_rt_value_reg[12]/C
                            (rising edge-triggered cell FDRE clocked by clk  {rise@0.000ns fall@5.000ns period=10.000ns})
  Destination:            data_sram_wdata[12]
                            (output port)
  Path Group:             (none)
  Path Type:              Min at Fast Process Corner
  Data Path Delay:        1.675ns  (logic 1.429ns (85.313%)  route 0.246ns (14.687%))
  Logic Levels:           1  (OBUF=1)
  Clock Uncertainty:      0.025ns  ((TSJ^2 + TIJ^2)^1/2 + DJ) / 2 + PE
    Total System Jitter     (TSJ):    0.050ns
    Total Input Jitter      (TIJ):    0.000ns
    Discrete Jitter          (DJ):    0.000ns
    Phase Error              (PE):    0.000ns

    Location             Delay type                Incr(ns)  Path(ns)    Netlist Resource(s)
  -------------------------------------------------------------------    -------------------
                         (clock clk rise edge)        0.000     0.000 r  
                                                      0.000     0.000 r  clk (IN)
                         net (fo=0)                   0.000     0.000    clk
                                                                      r  clk_IBUF_inst/I
                         IBUF (Prop_ibuf_I_O)         0.094     0.094 r  clk_IBUF_inst/O
                         net (fo=1, unplaced)         0.246     0.340    clk_IBUF
                                                                      r  clk_IBUF_BUFG_inst/I
                         BUFG (Prop_bufg_I_O)         0.026     0.366 r  clk_IBUF_BUFG_inst/O
                         net (fo=507, unplaced)       0.114     0.480    clk_IBUF_BUFG
                         FDRE                                         r  es_rt_value_reg[12]/C
  -------------------------------------------------------------------    -------------------
                         FDRE (Prop_fdre_C_Q)         0.100     0.580 r  es_rt_value_reg[12]/Q
                         net (fo=3, unplaced)         0.246     0.826    data_sram_wdata_OBUF[12]
                                                                      r  data_sram_wdata_OBUF[12]_inst/I
                         OBUF (Prop_obuf_I_O)         1.329     2.155 r  data_sram_wdata_OBUF[12]_inst/O
                         net (fo=0)                   0.000     2.155    data_sram_wdata[12]
                                                                      r  data_sram_wdata[12] (OUT)
  -------------------------------------------------------------------    -------------------

Slack:                    inf
  Source:                 es_rt_value_reg[13]/C
                            (rising edge-triggered cell FDRE clocked by clk  {rise@0.000ns fall@5.000ns period=10.000ns})
  Destination:            data_sram_wdata[13]
                            (output port)
  Path Group:             (none)
  Path Type:              Min at Fast Process Corner
  Data Path Delay:        1.675ns  (logic 1.429ns (85.313%)  route 0.246ns (14.687%))
  Logic Levels:           1  (OBUF=1)
  Clock Uncertainty:      0.025ns  ((TSJ^2 + TIJ^2)^1/2 + DJ) / 2 + PE
    Total System Jitter     (TSJ):    0.050ns
    Total Input Jitter      (TIJ):    0.000ns
    Discrete Jitter          (DJ):    0.000ns
    Phase Error              (PE):    0.000ns

    Location             Delay type                Incr(ns)  Path(ns)    Netlist Resource(s)
  -------------------------------------------------------------------    -------------------
                         (clock clk rise edge)        0.000     0.000 r  
                                                      0.000     0.000 r  clk (IN)
                         net (fo=0)                   0.000     0.000    clk
                                                                      r  clk_IBUF_inst/I
                         IBUF (Prop_ibuf_I_O)         0.094     0.094 r  clk_IBUF_inst/O
                         net (fo=1, unplaced)         0.246     0.340    clk_IBUF
                                                                      r  clk_IBUF_BUFG_inst/I
                         BUFG (Prop_bufg_I_O)         0.026     0.366 r  clk_IBUF_BUFG_inst/O
                         net (fo=507, unplaced)       0.114     0.480    clk_IBUF_BUFG
                         FDRE                                         r  es_rt_value_reg[13]/C
  -------------------------------------------------------------------    -------------------
                         FDRE (Prop_fdre_C_Q)         0.100     0.580 r  es_rt_value_reg[13]/Q
                         net (fo=2, unplaced)         0.246     0.826    data_sram_wdata_OBUF[13]
                                                                      r  data_sram_wdata_OBUF[13]_inst/I
                         OBUF (Prop_obuf_I_O)         1.329     2.155 r  data_sram_wdata_OBUF[13]_inst/O
                         net (fo=0)                   0.000     2.155    data_sram_wdata[13]
                                                                      r  data_sram_wdata[13] (OUT)
  -------------------------------------------------------------------    -------------------

Slack:                    inf
  Source:                 es_rt_value_reg[14]/C
                            (rising edge-triggered cell FDRE clocked by clk  {rise@0.000ns fall@5.000ns period=10.000ns})
  Destination:            data_sram_wdata[14]
                            (output port)
  Path Group:             (none)
  Path Type:              Min at Fast Process Corner
  Data Path Delay:        1.675ns  (logic 1.429ns (85.313%)  route 0.246ns (14.687%))
  Logic Levels:           1  (OBUF=1)
  Clock Uncertainty:      0.025ns  ((TSJ^2 + TIJ^2)^1/2 + DJ) / 2 + PE
    Total System Jitter     (TSJ):    0.050ns
    Total Input Jitter      (TIJ):    0.000ns
    Discrete Jitter          (DJ):    0.000ns
    Phase Error              (PE):    0.000ns

    Location             Delay type                Incr(ns)  Path(ns)    Netlist Resource(s)
  -------------------------------------------------------------------    -------------------
                         (clock clk rise edge)        0.000     0.000 r  
                                                      0.000     0.000 r  clk (IN)
                         net (fo=0)                   0.000     0.000    clk
                                                                      r  clk_IBUF_inst/I
                         IBUF (Prop_ibuf_I_O)         0.094     0.094 r  clk_IBUF_inst/O
                         net (fo=1, unplaced)         0.246     0.340    clk_IBUF
                                                                      r  clk_IBUF_BUFG_inst/I
                         BUFG (Prop_bufg_I_O)         0.026     0.366 r  clk_IBUF_BUFG_inst/O
                         net (fo=507, unplaced)       0.114     0.480    clk_IBUF_BUFG
                         FDRE                                         r  es_rt_value_reg[14]/C
  -------------------------------------------------------------------    -------------------
                         FDRE (Prop_fdre_C_Q)         0.100     0.580 r  es_rt_value_reg[14]/Q
                         net (fo=2, unplaced)         0.246     0.826    data_sram_wdata_OBUF[14]
                                                                      r  data_sram_wdata_OBUF[14]_inst/I
                         OBUF (Prop_obuf_I_O)         1.329     2.155 r  data_sram_wdata_OBUF[14]_inst/O
                         net (fo=0)                   0.000     2.155    data_sram_wdata[14]
                                                                      r  data_sram_wdata[14] (OUT)
  -------------------------------------------------------------------    -------------------

Slack:                    inf
  Source:                 es_rt_value_reg[15]/C
                            (rising edge-triggered cell FDRE clocked by clk  {rise@0.000ns fall@5.000ns period=10.000ns})
  Destination:            data_sram_wdata[15]
                            (output port)
  Path Group:             (none)
  Path Type:              Min at Fast Process Corner
  Data Path Delay:        1.675ns  (logic 1.429ns (85.313%)  route 0.246ns (14.687%))
  Logic Levels:           1  (OBUF=1)
  Clock Uncertainty:      0.025ns  ((TSJ^2 + TIJ^2)^1/2 + DJ) / 2 + PE
    Total System Jitter     (TSJ):    0.050ns
    Total Input Jitter      (TIJ):    0.000ns
    Discrete Jitter          (DJ):    0.000ns
    Phase Error              (PE):    0.000ns

    Location             Delay type                Incr(ns)  Path(ns)    Netlist Resource(s)
  -------------------------------------------------------------------    -------------------
                         (clock clk rise edge)        0.000     0.000 r  
                                                      0.000     0.000 r  clk (IN)
                         net (fo=0)                   0.000     0.000    clk
                                                                      r  clk_IBUF_inst/I
                         IBUF (Prop_ibuf_I_O)         0.094     0.094 r  clk_IBUF_inst/O
                         net (fo=1, unplaced)         0.246     0.340    clk_IBUF
                                                                      r  clk_IBUF_BUFG_inst/I
                         BUFG (Prop_bufg_I_O)         0.026     0.366 r  clk_IBUF_BUFG_inst/O
                         net (fo=507, unplaced)       0.114     0.480    clk_IBUF_BUFG
                         FDRE                                         r  es_rt_value_reg[15]/C
  -------------------------------------------------------------------    -------------------
                         FDRE (Prop_fdre_C_Q)         0.100     0.580 r  es_rt_value_reg[15]/Q
                         net (fo=2, unplaced)         0.246     0.826    data_sram_wdata_OBUF[15]
                                                                      r  data_sram_wdata_OBUF[15]_inst/I
                         OBUF (Prop_obuf_I_O)         1.329     2.155 r  data_sram_wdata_OBUF[15]_inst/O
                         net (fo=0)                   0.000     2.155    data_sram_wdata[15]
                                                                      r  data_sram_wdata[15] (OUT)
  -------------------------------------------------------------------    -------------------

Slack:                    inf
  Source:                 es_rt_value_reg[16]/C
                            (rising edge-triggered cell FDRE clocked by clk  {rise@0.000ns fall@5.000ns period=10.000ns})
  Destination:            data_sram_wdata[16]
                            (output port)
  Path Group:             (none)
  Path Type:              Min at Fast Process Corner
  Data Path Delay:        1.675ns  (logic 1.429ns (85.313%)  route 0.246ns (14.687%))
  Logic Levels:           1  (OBUF=1)
  Clock Uncertainty:      0.025ns  ((TSJ^2 + TIJ^2)^1/2 + DJ) / 2 + PE
    Total System Jitter     (TSJ):    0.050ns
    Total Input Jitter      (TIJ):    0.000ns
    Discrete Jitter          (DJ):    0.000ns
    Phase Error              (PE):    0.000ns

    Location             Delay type                Incr(ns)  Path(ns)    Netlist Resource(s)
  -------------------------------------------------------------------    -------------------
                         (clock clk rise edge)        0.000     0.000 r  
                                                      0.000     0.000 r  clk (IN)
                         net (fo=0)                   0.000     0.000    clk
                                                                      r  clk_IBUF_inst/I
                         IBUF (Prop_ibuf_I_O)         0.094     0.094 r  clk_IBUF_inst/O
                         net (fo=1, unplaced)         0.246     0.340    clk_IBUF
                                                                      r  clk_IBUF_BUFG_inst/I
                         BUFG (Prop_bufg_I_O)         0.026     0.366 r  clk_IBUF_BUFG_inst/O
                         net (fo=507, unplaced)       0.114     0.480    clk_IBUF_BUFG
                         FDRE                                         r  es_rt_value_reg[16]/C
  -------------------------------------------------------------------    -------------------
                         FDRE (Prop_fdre_C_Q)         0.100     0.580 r  es_rt_value_reg[16]/Q
                         net (fo=7, unplaced)         0.246     0.826    data_sram_wdata_OBUF[16]
                                                                      r  data_sram_wdata_OBUF[16]_inst/I
                         OBUF (Prop_obuf_I_O)         1.329     2.155 r  data_sram_wdata_OBUF[16]_inst/O
                         net (fo=0)                   0.000     2.155    data_sram_wdata[16]
                                                                      r  data_sram_wdata[16] (OUT)
  -------------------------------------------------------------------    -------------------

Slack:                    inf
  Source:                 es_rt_value_reg[17]/C
                            (rising edge-triggered cell FDRE clocked by clk  {rise@0.000ns fall@5.000ns period=10.000ns})
  Destination:            data_sram_wdata[17]
                            (output port)
  Path Group:             (none)
  Path Type:              Min at Fast Process Corner
  Data Path Delay:        1.675ns  (logic 1.429ns (85.313%)  route 0.246ns (14.687%))
  Logic Levels:           1  (OBUF=1)
  Clock Uncertainty:      0.025ns  ((TSJ^2 + TIJ^2)^1/2 + DJ) / 2 + PE
    Total System Jitter     (TSJ):    0.050ns
    Total Input Jitter      (TIJ):    0.000ns
    Discrete Jitter          (DJ):    0.000ns
    Phase Error              (PE):    0.000ns

    Location             Delay type                Incr(ns)  Path(ns)    Netlist Resource(s)
  -------------------------------------------------------------------    -------------------
                         (clock clk rise edge)        0.000     0.000 r  
                                                      0.000     0.000 r  clk (IN)
                         net (fo=0)                   0.000     0.000    clk
                                                                      r  clk_IBUF_inst/I
                         IBUF (Prop_ibuf_I_O)         0.094     0.094 r  clk_IBUF_inst/O
                         net (fo=1, unplaced)         0.246     0.340    clk_IBUF
                                                                      r  clk_IBUF_BUFG_inst/I
                         BUFG (Prop_bufg_I_O)         0.026     0.366 r  clk_IBUF_BUFG_inst/O
                         net (fo=507, unplaced)       0.114     0.480    clk_IBUF_BUFG
                         FDRE                                         r  es_rt_value_reg[17]/C
  -------------------------------------------------------------------    -------------------
                         FDRE (Prop_fdre_C_Q)         0.100     0.580 r  es_rt_value_reg[17]/Q
                         net (fo=7, unplaced)         0.246     0.826    data_sram_wdata_OBUF[17]
                                                                      r  data_sram_wdata_OBUF[17]_inst/I
                         OBUF (Prop_obuf_I_O)         1.329     2.155 r  data_sram_wdata_OBUF[17]_inst/O
                         net (fo=0)                   0.000     2.155    data_sram_wdata[17]
                                                                      r  data_sram_wdata[17] (OUT)
  -------------------------------------------------------------------    -------------------

Slack:                    inf
  Source:                 es_rt_value_reg[18]/C
                            (rising edge-triggered cell FDRE clocked by clk  {rise@0.000ns fall@5.000ns period=10.000ns})
  Destination:            data_sram_wdata[18]
                            (output port)
  Path Group:             (none)
  Path Type:              Min at Fast Process Corner
  Data Path Delay:        1.675ns  (logic 1.429ns (85.313%)  route 0.246ns (14.687%))
  Logic Levels:           1  (OBUF=1)
  Clock Uncertainty:      0.025ns  ((TSJ^2 + TIJ^2)^1/2 + DJ) / 2 + PE
    Total System Jitter     (TSJ):    0.050ns
    Total Input Jitter      (TIJ):    0.000ns
    Discrete Jitter          (DJ):    0.000ns
    Phase Error              (PE):    0.000ns

    Location             Delay type                Incr(ns)  Path(ns)    Netlist Resource(s)
  -------------------------------------------------------------------    -------------------
                         (clock clk rise edge)        0.000     0.000 r  
                                                      0.000     0.000 r  clk (IN)
                         net (fo=0)                   0.000     0.000    clk
                                                                      r  clk_IBUF_inst/I
                         IBUF (Prop_ibuf_I_O)         0.094     0.094 r  clk_IBUF_inst/O
                         net (fo=1, unplaced)         0.246     0.340    clk_IBUF
                                                                      r  clk_IBUF_BUFG_inst/I
                         BUFG (Prop_bufg_I_O)         0.026     0.366 r  clk_IBUF_BUFG_inst/O
                         net (fo=507, unplaced)       0.114     0.480    clk_IBUF_BUFG
                         FDRE                                         r  es_rt_value_reg[18]/C
  -------------------------------------------------------------------    -------------------
                         FDRE (Prop_fdre_C_Q)         0.100     0.580 r  es_rt_value_reg[18]/Q
                         net (fo=7, unplaced)         0.246     0.826    data_sram_wdata_OBUF[18]
                                                                      r  data_sram_wdata_OBUF[18]_inst/I
                         OBUF (Prop_obuf_I_O)         1.329     2.155 r  data_sram_wdata_OBUF[18]_inst/O
                         net (fo=0)                   0.000     2.155    data_sram_wdata[18]
                                                                      r  data_sram_wdata[18] (OUT)
  -------------------------------------------------------------------    -------------------





--------------------------------------------------------------------------------------
Path Group:  (none)
From Clock:  
  To Clock:  clk

Max Delay            65 Endpoints
Min Delay            65 Endpoints
--------------------------------------------------------------------------------------


Max Delay Paths
--------------------------------------------------------------------------------------
Slack:                    inf
  Source:                 resetn
                            (input port)
  Destination:            reset_reg/D
                            (rising edge-triggered cell FDRE clocked by clk  {rise@0.000ns fall@5.000ns period=10.000ns})
  Path Group:             (none)
  Path Type:              Setup (Max at Slow Process Corner)
  Data Path Delay:        1.466ns  (logic 0.883ns (60.203%)  route 0.584ns (39.797%))
  Logic Levels:           2  (IBUF=1 LUT1=1)
  Clock Path Skew:        1.860ns (DCD - SCD + CPR)
    Destination Clock Delay (DCD):    1.860ns
    Source Clock Delay      (SCD):    0.000ns
    Clock Pessimism Removal (CPR):    0.000ns

    Location             Delay type                Incr(ns)  Path(ns)    Netlist Resource(s)
  -------------------------------------------------------------------    -------------------
                                                      0.000     0.000 f  resetn (IN)
                         net (fo=0)                   0.000     0.000    resetn
                                                                      f  resetn_IBUF_inst/I
                         IBUF (Prop_ibuf_I_O)         0.830     0.830 f  resetn_IBUF_inst/O
                         net (fo=1, unplaced)         0.584     1.413    resetn_IBUF
                                                                      f  reset_i_1/I0
                         LUT1 (Prop_lut1_I0_O)        0.053     1.466 r  reset_i_1/O
                         net (fo=1, unplaced)         0.000     1.466    p_0_in
                         FDRE                                         r  reset_reg/D
  -------------------------------------------------------------------    -------------------

                         (clock clk rise edge)        0.000     0.000 r  
                                                      0.000     0.000 r  clk (IN)
                         net (fo=0)                   0.000     0.000    clk
                                                                      r  clk_IBUF_inst/I
                         IBUF (Prop_ibuf_I_O)         0.754     0.754 r  clk_IBUF_inst/O
                         net (fo=1, unplaced)         0.554     1.308    clk_IBUF
                                                                      r  clk_IBUF_BUFG_inst/I
                         BUFG (Prop_bufg_I_O)         0.113     1.421 r  clk_IBUF_BUFG_inst/O
                         net (fo=507, unplaced)       0.439     1.860    clk_IBUF_BUFG
                         FDRE                                         r  reset_reg/C

Slack:                    inf
  Source:                 inst_sram_rdata[0]
                            (input port)
  Destination:            ds_inst_reg[0]/D
                            (rising edge-triggered cell FDRE clocked by clk  {rise@0.000ns fall@5.000ns period=10.000ns})
  Path Group:             (none)
  Path Type:              Setup (Max at Slow Process Corner)
  Data Path Delay:        1.413ns  (logic 0.830ns (58.711%)  route 0.584ns (41.289%))
  Logic Levels:           1  (IBUF=1)
  Clock Path Skew:        1.860ns (DCD - SCD + CPR)
    Destination Clock Delay (DCD):    1.860ns
    Source Clock Delay      (SCD):    0.000ns
    Clock Pessimism Removal (CPR):    0.000ns

    Location             Delay type                Incr(ns)  Path(ns)    Netlist Resource(s)
  -------------------------------------------------------------------    -------------------
                                                      0.000     0.000 r  inst_sram_rdata[0] (IN)
                         net (fo=0)                   0.000     0.000    inst_sram_rdata[0]
                                                                      r  inst_sram_rdata_IBUF[0]_inst/I
                         IBUF (Prop_ibuf_I_O)         0.830     0.830 r  inst_sram_rdata_IBUF[0]_inst/O
                         net (fo=1, unplaced)         0.584     1.413    inst_sram_rdata_IBUF[0]
                         FDRE                                         r  ds_inst_reg[0]/D
  -------------------------------------------------------------------    -------------------

                         (clock clk rise edge)        0.000     0.000 r  
                                                      0.000     0.000 r  clk (IN)
                         net (fo=0)                   0.000     0.000    clk
                                                                      r  clk_IBUF_inst/I
                         IBUF (Prop_ibuf_I_O)         0.754     0.754 r  clk_IBUF_inst/O
                         net (fo=1, unplaced)         0.554     1.308    clk_IBUF
                                                                      r  clk_IBUF_BUFG_inst/I
                         BUFG (Prop_bufg_I_O)         0.113     1.421 r  clk_IBUF_BUFG_inst/O
                         net (fo=507, unplaced)       0.439     1.860    clk_IBUF_BUFG
                         FDRE                                         r  ds_inst_reg[0]/C

Slack:                    inf
  Source:                 inst_sram_rdata[10]
                            (input port)
  Destination:            ds_inst_reg[10]/D
                            (rising edge-triggered cell FDRE clocked by clk  {rise@0.000ns fall@5.000ns period=10.000ns})
  Path Group:             (none)
  Path Type:              Setup (Max at Slow Process Corner)
  Data Path Delay:        1.413ns  (logic 0.830ns (58.711%)  route 0.584ns (41.289%))
  Logic Levels:           1  (IBUF=1)
  Clock Path Skew:        1.860ns (DCD - SCD + CPR)
    Destination Clock Delay (DCD):    1.860ns
    Source Clock Delay      (SCD):    0.000ns
    Clock Pessimism Removal (CPR):    0.000ns

    Location             Delay type                Incr(ns)  Path(ns)    Netlist Resource(s)
  -------------------------------------------------------------------    -------------------
                                                      0.000     0.000 r  inst_sram_rdata[10] (IN)
                         net (fo=0)                   0.000     0.000    inst_sram_rdata[10]
                                                                      r  inst_sram_rdata_IBUF[10]_inst/I
                         IBUF (Prop_ibuf_I_O)         0.830     0.830 r  inst_sram_rdata_IBUF[10]_inst/O
                         net (fo=1, unplaced)         0.584     1.413    inst_sram_rdata_IBUF[10]
                         FDRE                                         r  ds_inst_reg[10]/D
  -------------------------------------------------------------------    -------------------

                         (clock clk rise edge)        0.000     0.000 r  
                                                      0.000     0.000 r  clk (IN)
                         net (fo=0)                   0.000     0.000    clk
                                                                      r  clk_IBUF_inst/I
                         IBUF (Prop_ibuf_I_O)         0.754     0.754 r  clk_IBUF_inst/O
                         net (fo=1, unplaced)         0.554     1.308    clk_IBUF
                                                                      r  clk_IBUF_BUFG_inst/I
                         BUFG (Prop_bufg_I_O)         0.113     1.421 r  clk_IBUF_BUFG_inst/O
                         net (fo=507, unplaced)       0.439     1.860    clk_IBUF_BUFG
                         FDRE                                         r  ds_inst_reg[10]/C

Slack:                    inf
  Source:                 inst_sram_rdata[11]
                            (input port)
  Destination:            ds_inst_reg[11]/D
                            (rising edge-triggered cell FDRE clocked by clk  {rise@0.000ns fall@5.000ns period=10.000ns})
  Path Group:             (none)
  Path Type:              Setup (Max at Slow Process Corner)
  Data Path Delay:        1.413ns  (logic 0.830ns (58.711%)  route 0.584ns (41.289%))
  Logic Levels:           1  (IBUF=1)
  Clock Path Skew:        1.860ns (DCD - SCD + CPR)
    Destination Clock Delay (DCD):    1.860ns
    Source Clock Delay      (SCD):    0.000ns
    Clock Pessimism Removal (CPR):    0.000ns

    Location             Delay type                Incr(ns)  Path(ns)    Netlist Resource(s)
  -------------------------------------------------------------------    -------------------
                                                      0.000     0.000 r  inst_sram_rdata[11] (IN)
                         net (fo=0)                   0.000     0.000    inst_sram_rdata[11]
                                                                      r  inst_sram_rdata_IBUF[11]_inst/I
                         IBUF (Prop_ibuf_I_O)         0.830     0.830 r  inst_sram_rdata_IBUF[11]_inst/O
                         net (fo=1, unplaced)         0.584     1.413    inst_sram_rdata_IBUF[11]
                         FDRE                                         r  ds_inst_reg[11]/D
  -------------------------------------------------------------------    -------------------

                         (clock clk rise edge)        0.000     0.000 r  
                                                      0.000     0.000 r  clk (IN)
                         net (fo=0)                   0.000     0.000    clk
                                                                      r  clk_IBUF_inst/I
                         IBUF (Prop_ibuf_I_O)         0.754     0.754 r  clk_IBUF_inst/O
                         net (fo=1, unplaced)         0.554     1.308    clk_IBUF
                                                                      r  clk_IBUF_BUFG_inst/I
                         BUFG (Prop_bufg_I_O)         0.113     1.421 r  clk_IBUF_BUFG_inst/O
                         net (fo=507, unplaced)       0.439     1.860    clk_IBUF_BUFG
                         FDRE                                         r  ds_inst_reg[11]/C

Slack:                    inf
  Source:                 inst_sram_rdata[12]
                            (input port)
  Destination:            ds_inst_reg[12]/D
                            (rising edge-triggered cell FDRE clocked by clk  {rise@0.000ns fall@5.000ns period=10.000ns})
  Path Group:             (none)
  Path Type:              Setup (Max at Slow Process Corner)
  Data Path Delay:        1.413ns  (logic 0.830ns (58.711%)  route 0.584ns (41.289%))
  Logic Levels:           1  (IBUF=1)
  Clock Path Skew:        1.860ns (DCD - SCD + CPR)
    Destination Clock Delay (DCD):    1.860ns
    Source Clock Delay      (SCD):    0.000ns
    Clock Pessimism Removal (CPR):    0.000ns

    Location             Delay type                Incr(ns)  Path(ns)    Netlist Resource(s)
  -------------------------------------------------------------------    -------------------
                                                      0.000     0.000 r  inst_sram_rdata[12] (IN)
                         net (fo=0)                   0.000     0.000    inst_sram_rdata[12]
                                                                      r  inst_sram_rdata_IBUF[12]_inst/I
                         IBUF (Prop_ibuf_I_O)         0.830     0.830 r  inst_sram_rdata_IBUF[12]_inst/O
                         net (fo=1, unplaced)         0.584     1.413    inst_sram_rdata_IBUF[12]
                         FDRE                                         r  ds_inst_reg[12]/D
  -------------------------------------------------------------------    -------------------

                         (clock clk rise edge)        0.000     0.000 r  
                                                      0.000     0.000 r  clk (IN)
                         net (fo=0)                   0.000     0.000    clk
                                                                      r  clk_IBUF_inst/I
                         IBUF (Prop_ibuf_I_O)         0.754     0.754 r  clk_IBUF_inst/O
                         net (fo=1, unplaced)         0.554     1.308    clk_IBUF
                                                                      r  clk_IBUF_BUFG_inst/I
                         BUFG (Prop_bufg_I_O)         0.113     1.421 r  clk_IBUF_BUFG_inst/O
                         net (fo=507, unplaced)       0.439     1.860    clk_IBUF_BUFG
                         FDRE                                         r  ds_inst_reg[12]/C

Slack:                    inf
  Source:                 inst_sram_rdata[13]
                            (input port)
  Destination:            ds_inst_reg[13]/D
                            (rising edge-triggered cell FDRE clocked by clk  {rise@0.000ns fall@5.000ns period=10.000ns})
  Path Group:             (none)
  Path Type:              Setup (Max at Slow Process Corner)
  Data Path Delay:        1.413ns  (logic 0.830ns (58.711%)  route 0.584ns (41.289%))
  Logic Levels:           1  (IBUF=1)
  Clock Path Skew:        1.860ns (DCD - SCD + CPR)
    Destination Clock Delay (DCD):    1.860ns
    Source Clock Delay      (SCD):    0.000ns
    Clock Pessimism Removal (CPR):    0.000ns

    Location             Delay type                Incr(ns)  Path(ns)    Netlist Resource(s)
  -------------------------------------------------------------------    -------------------
                                                      0.000     0.000 r  inst_sram_rdata[13] (IN)
                         net (fo=0)                   0.000     0.000    inst_sram_rdata[13]
                                                                      r  inst_sram_rdata_IBUF[13]_inst/I
                         IBUF (Prop_ibuf_I_O)         0.830     0.830 r  inst_sram_rdata_IBUF[13]_inst/O
                         net (fo=1, unplaced)         0.584     1.413    inst_sram_rdata_IBUF[13]
                         FDRE                                         r  ds_inst_reg[13]/D
  -------------------------------------------------------------------    -------------------

                         (clock clk rise edge)        0.000     0.000 r  
                                                      0.000     0.000 r  clk (IN)
                         net (fo=0)                   0.000     0.000    clk
                                                                      r  clk_IBUF_inst/I
                         IBUF (Prop_ibuf_I_O)         0.754     0.754 r  clk_IBUF_inst/O
                         net (fo=1, unplaced)         0.554     1.308    clk_IBUF
                                                                      r  clk_IBUF_BUFG_inst/I
                         BUFG (Prop_bufg_I_O)         0.113     1.421 r  clk_IBUF_BUFG_inst/O
                         net (fo=507, unplaced)       0.439     1.860    clk_IBUF_BUFG
                         FDRE                                         r  ds_inst_reg[13]/C

Slack:                    inf
  Source:                 inst_sram_rdata[14]
                            (input port)
  Destination:            ds_inst_reg[14]/D
                            (rising edge-triggered cell FDRE clocked by clk  {rise@0.000ns fall@5.000ns period=10.000ns})
  Path Group:             (none)
  Path Type:              Setup (Max at Slow Process Corner)
  Data Path Delay:        1.413ns  (logic 0.830ns (58.711%)  route 0.584ns (41.289%))
  Logic Levels:           1  (IBUF=1)
  Clock Path Skew:        1.860ns (DCD - SCD + CPR)
    Destination Clock Delay (DCD):    1.860ns
    Source Clock Delay      (SCD):    0.000ns
    Clock Pessimism Removal (CPR):    0.000ns

    Location             Delay type                Incr(ns)  Path(ns)    Netlist Resource(s)
  -------------------------------------------------------------------    -------------------
                                                      0.000     0.000 r  inst_sram_rdata[14] (IN)
                         net (fo=0)                   0.000     0.000    inst_sram_rdata[14]
                                                                      r  inst_sram_rdata_IBUF[14]_inst/I
                         IBUF (Prop_ibuf_I_O)         0.830     0.830 r  inst_sram_rdata_IBUF[14]_inst/O
                         net (fo=1, unplaced)         0.584     1.413    inst_sram_rdata_IBUF[14]
                         FDRE                                         r  ds_inst_reg[14]/D
  -------------------------------------------------------------------    -------------------

                         (clock clk rise edge)        0.000     0.000 r  
                                                      0.000     0.000 r  clk (IN)
                         net (fo=0)                   0.000     0.000    clk
                                                                      r  clk_IBUF_inst/I
                         IBUF (Prop_ibuf_I_O)         0.754     0.754 r  clk_IBUF_inst/O
                         net (fo=1, unplaced)         0.554     1.308    clk_IBUF
                                                                      r  clk_IBUF_BUFG_inst/I
                         BUFG (Prop_bufg_I_O)         0.113     1.421 r  clk_IBUF_BUFG_inst/O
                         net (fo=507, unplaced)       0.439     1.860    clk_IBUF_BUFG
                         FDRE                                         r  ds_inst_reg[14]/C

Slack:                    inf
  Source:                 inst_sram_rdata[15]
                            (input port)
  Destination:            ds_inst_reg[15]/D
                            (rising edge-triggered cell FDRE clocked by clk  {rise@0.000ns fall@5.000ns period=10.000ns})
  Path Group:             (none)
  Path Type:              Setup (Max at Slow Process Corner)
  Data Path Delay:        1.413ns  (logic 0.830ns (58.711%)  route 0.584ns (41.289%))
  Logic Levels:           1  (IBUF=1)
  Clock Path Skew:        1.860ns (DCD - SCD + CPR)
    Destination Clock Delay (DCD):    1.860ns
    Source Clock Delay      (SCD):    0.000ns
    Clock Pessimism Removal (CPR):    0.000ns

    Location             Delay type                Incr(ns)  Path(ns)    Netlist Resource(s)
  -------------------------------------------------------------------    -------------------
                                                      0.000     0.000 r  inst_sram_rdata[15] (IN)
                         net (fo=0)                   0.000     0.000    inst_sram_rdata[15]
                                                                      r  inst_sram_rdata_IBUF[15]_inst/I
                         IBUF (Prop_ibuf_I_O)         0.830     0.830 r  inst_sram_rdata_IBUF[15]_inst/O
                         net (fo=1, unplaced)         0.584     1.413    inst_sram_rdata_IBUF[15]
                         FDRE                                         r  ds_inst_reg[15]/D
  -------------------------------------------------------------------    -------------------

                         (clock clk rise edge)        0.000     0.000 r  
                                                      0.000     0.000 r  clk (IN)
                         net (fo=0)                   0.000     0.000    clk
                                                                      r  clk_IBUF_inst/I
                         IBUF (Prop_ibuf_I_O)         0.754     0.754 r  clk_IBUF_inst/O
                         net (fo=1, unplaced)         0.554     1.308    clk_IBUF
                                                                      r  clk_IBUF_BUFG_inst/I
                         BUFG (Prop_bufg_I_O)         0.113     1.421 r  clk_IBUF_BUFG_inst/O
                         net (fo=507, unplaced)       0.439     1.860    clk_IBUF_BUFG
                         FDRE                                         r  ds_inst_reg[15]/C

Slack:                    inf
  Source:                 inst_sram_rdata[16]
                            (input port)
  Destination:            ds_inst_reg[16]/D
                            (rising edge-triggered cell FDRE clocked by clk  {rise@0.000ns fall@5.000ns period=10.000ns})
  Path Group:             (none)
  Path Type:              Setup (Max at Slow Process Corner)
  Data Path Delay:        1.413ns  (logic 0.830ns (58.711%)  route 0.584ns (41.289%))
  Logic Levels:           1  (IBUF=1)
  Clock Path Skew:        1.860ns (DCD - SCD + CPR)
    Destination Clock Delay (DCD):    1.860ns
    Source Clock Delay      (SCD):    0.000ns
    Clock Pessimism Removal (CPR):    0.000ns

    Location             Delay type                Incr(ns)  Path(ns)    Netlist Resource(s)
  -------------------------------------------------------------------    -------------------
                                                      0.000     0.000 r  inst_sram_rdata[16] (IN)
                         net (fo=0)                   0.000     0.000    inst_sram_rdata[16]
                                                                      r  inst_sram_rdata_IBUF[16]_inst/I
                         IBUF (Prop_ibuf_I_O)         0.830     0.830 r  inst_sram_rdata_IBUF[16]_inst/O
                         net (fo=1, unplaced)         0.584     1.413    inst_sram_rdata_IBUF[16]
                         FDRE                                         r  ds_inst_reg[16]/D
  -------------------------------------------------------------------    -------------------

                         (clock clk rise edge)        0.000     0.000 r  
                                                      0.000     0.000 r  clk (IN)
                         net (fo=0)                   0.000     0.000    clk
                                                                      r  clk_IBUF_inst/I
                         IBUF (Prop_ibuf_I_O)         0.754     0.754 r  clk_IBUF_inst/O
                         net (fo=1, unplaced)         0.554     1.308    clk_IBUF
                                                                      r  clk_IBUF_BUFG_inst/I
                         BUFG (Prop_bufg_I_O)         0.113     1.421 r  clk_IBUF_BUFG_inst/O
                         net (fo=507, unplaced)       0.439     1.860    clk_IBUF_BUFG
                         FDRE                                         r  ds_inst_reg[16]/C

Slack:                    inf
  Source:                 inst_sram_rdata[17]
                            (input port)
  Destination:            ds_inst_reg[17]/D
                            (rising edge-triggered cell FDRE clocked by clk  {rise@0.000ns fall@5.000ns period=10.000ns})
  Path Group:             (none)
  Path Type:              Setup (Max at Slow Process Corner)
  Data Path Delay:        1.413ns  (logic 0.830ns (58.711%)  route 0.584ns (41.289%))
  Logic Levels:           1  (IBUF=1)
  Clock Path Skew:        1.860ns (DCD - SCD + CPR)
    Destination Clock Delay (DCD):    1.860ns
    Source Clock Delay      (SCD):    0.000ns
    Clock Pessimism Removal (CPR):    0.000ns

    Location             Delay type                Incr(ns)  Path(ns)    Netlist Resource(s)
  -------------------------------------------------------------------    -------------------
                                                      0.000     0.000 r  inst_sram_rdata[17] (IN)
                         net (fo=0)                   0.000     0.000    inst_sram_rdata[17]
                                                                      r  inst_sram_rdata_IBUF[17]_inst/I
                         IBUF (Prop_ibuf_I_O)         0.830     0.830 r  inst_sram_rdata_IBUF[17]_inst/O
                         net (fo=1, unplaced)         0.584     1.413    inst_sram_rdata_IBUF[17]
                         FDRE                                         r  ds_inst_reg[17]/D
  -------------------------------------------------------------------    -------------------

                         (clock clk rise edge)        0.000     0.000 r  
                                                      0.000     0.000 r  clk (IN)
                         net (fo=0)                   0.000     0.000    clk
                                                                      r  clk_IBUF_inst/I
                         IBUF (Prop_ibuf_I_O)         0.754     0.754 r  clk_IBUF_inst/O
                         net (fo=1, unplaced)         0.554     1.308    clk_IBUF
                                                                      r  clk_IBUF_BUFG_inst/I
                         BUFG (Prop_bufg_I_O)         0.113     1.421 r  clk_IBUF_BUFG_inst/O
                         net (fo=507, unplaced)       0.439     1.860    clk_IBUF_BUFG
                         FDRE                                         r  ds_inst_reg[17]/C





Min Delay Paths
--------------------------------------------------------------------------------------
Slack:                    inf
  Source:                 inst_sram_rdata[0]
                            (input port)
  Destination:            ds_inst_reg[0]/D
                            (rising edge-triggered cell FDRE clocked by clk  {rise@0.000ns fall@5.000ns period=10.000ns})
  Path Group:             (none)
  Path Type:              Hold (Min at Fast Process Corner)
  Data Path Delay:        0.340ns  (logic 0.094ns (27.619%)  route 0.246ns (72.381%))
  Logic Levels:           1  (IBUF=1)
  Clock Path Skew:        0.890ns (DCD - SCD - CPR)
    Destination Clock Delay (DCD):    0.890ns
    Source Clock Delay      (SCD):    0.000ns
    Clock Pessimism Removal (CPR):    -0.000ns

    Location             Delay type                Incr(ns)  Path(ns)    Netlist Resource(s)
  -------------------------------------------------------------------    -------------------
                                                      0.000     0.000 r  inst_sram_rdata[0] (IN)
                         net (fo=0)                   0.000     0.000    inst_sram_rdata[0]
                                                                      r  inst_sram_rdata_IBUF[0]_inst/I
                         IBUF (Prop_ibuf_I_O)         0.094     0.094 r  inst_sram_rdata_IBUF[0]_inst/O
                         net (fo=1, unplaced)         0.246     0.340    inst_sram_rdata_IBUF[0]
                         FDRE                                         r  ds_inst_reg[0]/D
  -------------------------------------------------------------------    -------------------

                         (clock clk rise edge)        0.000     0.000 r  
                                                      0.000     0.000 r  clk (IN)
                         net (fo=0)                   0.000     0.000    clk
                                                                      r  clk_IBUF_inst/I
                         IBUF (Prop_ibuf_I_O)         0.342     0.342 r  clk_IBUF_inst/O
                         net (fo=1, unplaced)         0.259     0.601    clk_IBUF
                                                                      r  clk_IBUF_BUFG_inst/I
                         BUFG (Prop_bufg_I_O)         0.030     0.631 r  clk_IBUF_BUFG_inst/O
                         net (fo=507, unplaced)       0.259     0.890    clk_IBUF_BUFG
                         FDRE                                         r  ds_inst_reg[0]/C

Slack:                    inf
  Source:                 inst_sram_rdata[10]
                            (input port)
  Destination:            ds_inst_reg[10]/D
                            (rising edge-triggered cell FDRE clocked by clk  {rise@0.000ns fall@5.000ns period=10.000ns})
  Path Group:             (none)
  Path Type:              Hold (Min at Fast Process Corner)
  Data Path Delay:        0.340ns  (logic 0.094ns (27.619%)  route 0.246ns (72.381%))
  Logic Levels:           1  (IBUF=1)
  Clock Path Skew:        0.890ns (DCD - SCD - CPR)
    Destination Clock Delay (DCD):    0.890ns
    Source Clock Delay      (SCD):    0.000ns
    Clock Pessimism Removal (CPR):    -0.000ns

    Location             Delay type                Incr(ns)  Path(ns)    Netlist Resource(s)
  -------------------------------------------------------------------    -------------------
                                                      0.000     0.000 r  inst_sram_rdata[10] (IN)
                         net (fo=0)                   0.000     0.000    inst_sram_rdata[10]
                                                                      r  inst_sram_rdata_IBUF[10]_inst/I
                         IBUF (Prop_ibuf_I_O)         0.094     0.094 r  inst_sram_rdata_IBUF[10]_inst/O
                         net (fo=1, unplaced)         0.246     0.340    inst_sram_rdata_IBUF[10]
                         FDRE                                         r  ds_inst_reg[10]/D
  -------------------------------------------------------------------    -------------------

                         (clock clk rise edge)        0.000     0.000 r  
                                                      0.000     0.000 r  clk (IN)
                         net (fo=0)                   0.000     0.000    clk
                                                                      r  clk_IBUF_inst/I
                         IBUF (Prop_ibuf_I_O)         0.342     0.342 r  clk_IBUF_inst/O
                         net (fo=1, unplaced)         0.259     0.601    clk_IBUF
                                                                      r  clk_IBUF_BUFG_inst/I
                         BUFG (Prop_bufg_I_O)         0.030     0.631 r  clk_IBUF_BUFG_inst/O
                         net (fo=507, unplaced)       0.259     0.890    clk_IBUF_BUFG
                         FDRE                                         r  ds_inst_reg[10]/C

Slack:                    inf
  Source:                 inst_sram_rdata[11]
                            (input port)
  Destination:            ds_inst_reg[11]/D
                            (rising edge-triggered cell FDRE clocked by clk  {rise@0.000ns fall@5.000ns period=10.000ns})
  Path Group:             (none)
  Path Type:              Hold (Min at Fast Process Corner)
  Data Path Delay:        0.340ns  (logic 0.094ns (27.619%)  route 0.246ns (72.381%))
  Logic Levels:           1  (IBUF=1)
  Clock Path Skew:        0.890ns (DCD - SCD - CPR)
    Destination Clock Delay (DCD):    0.890ns
    Source Clock Delay      (SCD):    0.000ns
    Clock Pessimism Removal (CPR):    -0.000ns

    Location             Delay type                Incr(ns)  Path(ns)    Netlist Resource(s)
  -------------------------------------------------------------------    -------------------
                                                      0.000     0.000 r  inst_sram_rdata[11] (IN)
                         net (fo=0)                   0.000     0.000    inst_sram_rdata[11]
                                                                      r  inst_sram_rdata_IBUF[11]_inst/I
                         IBUF (Prop_ibuf_I_O)         0.094     0.094 r  inst_sram_rdata_IBUF[11]_inst/O
                         net (fo=1, unplaced)         0.246     0.340    inst_sram_rdata_IBUF[11]
                         FDRE                                         r  ds_inst_reg[11]/D
  -------------------------------------------------------------------    -------------------

                         (clock clk rise edge)        0.000     0.000 r  
                                                      0.000     0.000 r  clk (IN)
                         net (fo=0)                   0.000     0.000    clk
                                                                      r  clk_IBUF_inst/I
                         IBUF (Prop_ibuf_I_O)         0.342     0.342 r  clk_IBUF_inst/O
                         net (fo=1, unplaced)         0.259     0.601    clk_IBUF
                                                                      r  clk_IBUF_BUFG_inst/I
                         BUFG (Prop_bufg_I_O)         0.030     0.631 r  clk_IBUF_BUFG_inst/O
                         net (fo=507, unplaced)       0.259     0.890    clk_IBUF_BUFG
                         FDRE                                         r  ds_inst_reg[11]/C

Slack:                    inf
  Source:                 inst_sram_rdata[12]
                            (input port)
  Destination:            ds_inst_reg[12]/D
                            (rising edge-triggered cell FDRE clocked by clk  {rise@0.000ns fall@5.000ns period=10.000ns})
  Path Group:             (none)
  Path Type:              Hold (Min at Fast Process Corner)
  Data Path Delay:        0.340ns  (logic 0.094ns (27.619%)  route 0.246ns (72.381%))
  Logic Levels:           1  (IBUF=1)
  Clock Path Skew:        0.890ns (DCD - SCD - CPR)
    Destination Clock Delay (DCD):    0.890ns
    Source Clock Delay      (SCD):    0.000ns
    Clock Pessimism Removal (CPR):    -0.000ns

    Location             Delay type                Incr(ns)  Path(ns)    Netlist Resource(s)
  -------------------------------------------------------------------    -------------------
                                                      0.000     0.000 r  inst_sram_rdata[12] (IN)
                         net (fo=0)                   0.000     0.000    inst_sram_rdata[12]
                                                                      r  inst_sram_rdata_IBUF[12]_inst/I
                         IBUF (Prop_ibuf_I_O)         0.094     0.094 r  inst_sram_rdata_IBUF[12]_inst/O
                         net (fo=1, unplaced)         0.246     0.340    inst_sram_rdata_IBUF[12]
                         FDRE                                         r  ds_inst_reg[12]/D
  -------------------------------------------------------------------    -------------------

                         (clock clk rise edge)        0.000     0.000 r  
                                                      0.000     0.000 r  clk (IN)
                         net (fo=0)                   0.000     0.000    clk
                                                                      r  clk_IBUF_inst/I
                         IBUF (Prop_ibuf_I_O)         0.342     0.342 r  clk_IBUF_inst/O
                         net (fo=1, unplaced)         0.259     0.601    clk_IBUF
                                                                      r  clk_IBUF_BUFG_inst/I
                         BUFG (Prop_bufg_I_O)         0.030     0.631 r  clk_IBUF_BUFG_inst/O
                         net (fo=507, unplaced)       0.259     0.890    clk_IBUF_BUFG
                         FDRE                                         r  ds_inst_reg[12]/C

Slack:                    inf
  Source:                 inst_sram_rdata[13]
                            (input port)
  Destination:            ds_inst_reg[13]/D
                            (rising edge-triggered cell FDRE clocked by clk  {rise@0.000ns fall@5.000ns period=10.000ns})
  Path Group:             (none)
  Path Type:              Hold (Min at Fast Process Corner)
  Data Path Delay:        0.340ns  (logic 0.094ns (27.619%)  route 0.246ns (72.381%))
  Logic Levels:           1  (IBUF=1)
  Clock Path Skew:        0.890ns (DCD - SCD - CPR)
    Destination Clock Delay (DCD):    0.890ns
    Source Clock Delay      (SCD):    0.000ns
    Clock Pessimism Removal (CPR):    -0.000ns

    Location             Delay type                Incr(ns)  Path(ns)    Netlist Resource(s)
  -------------------------------------------------------------------    -------------------
                                                      0.000     0.000 r  inst_sram_rdata[13] (IN)
                         net (fo=0)                   0.000     0.000    inst_sram_rdata[13]
                                                                      r  inst_sram_rdata_IBUF[13]_inst/I
                         IBUF (Prop_ibuf_I_O)         0.094     0.094 r  inst_sram_rdata_IBUF[13]_inst/O
                         net (fo=1, unplaced)         0.246     0.340    inst_sram_rdata_IBUF[13]
                         FDRE                                         r  ds_inst_reg[13]/D
  -------------------------------------------------------------------    -------------------

                         (clock clk rise edge)        0.000     0.000 r  
                                                      0.000     0.000 r  clk (IN)
                         net (fo=0)                   0.000     0.000    clk
                                                                      r  clk_IBUF_inst/I
                         IBUF (Prop_ibuf_I_O)         0.342     0.342 r  clk_IBUF_inst/O
                         net (fo=1, unplaced)         0.259     0.601    clk_IBUF
                                                                      r  clk_IBUF_BUFG_inst/I
                         BUFG (Prop_bufg_I_O)         0.030     0.631 r  clk_IBUF_BUFG_inst/O
                         net (fo=507, unplaced)       0.259     0.890    clk_IBUF_BUFG
                         FDRE                                         r  ds_inst_reg[13]/C

Slack:                    inf
  Source:                 inst_sram_rdata[14]
                            (input port)
  Destination:            ds_inst_reg[14]/D
                            (rising edge-triggered cell FDRE clocked by clk  {rise@0.000ns fall@5.000ns period=10.000ns})
  Path Group:             (none)
  Path Type:              Hold (Min at Fast Process Corner)
  Data Path Delay:        0.340ns  (logic 0.094ns (27.619%)  route 0.246ns (72.381%))
  Logic Levels:           1  (IBUF=1)
  Clock Path Skew:        0.890ns (DCD - SCD - CPR)
    Destination Clock Delay (DCD):    0.890ns
    Source Clock Delay      (SCD):    0.000ns
    Clock Pessimism Removal (CPR):    -0.000ns

    Location             Delay type                Incr(ns)  Path(ns)    Netlist Resource(s)
  -------------------------------------------------------------------    -------------------
                                                      0.000     0.000 r  inst_sram_rdata[14] (IN)
                         net (fo=0)                   0.000     0.000    inst_sram_rdata[14]
                                                                      r  inst_sram_rdata_IBUF[14]_inst/I
                         IBUF (Prop_ibuf_I_O)         0.094     0.094 r  inst_sram_rdata_IBUF[14]_inst/O
                         net (fo=1, unplaced)         0.246     0.340    inst_sram_rdata_IBUF[14]
                         FDRE                                         r  ds_inst_reg[14]/D
  -------------------------------------------------------------------    -------------------

                         (clock clk rise edge)        0.000     0.000 r  
                                                      0.000     0.000 r  clk (IN)
                         net (fo=0)                   0.000     0.000    clk
                                                                      r  clk_IBUF_inst/I
                         IBUF (Prop_ibuf_I_O)         0.342     0.342 r  clk_IBUF_inst/O
                         net (fo=1, unplaced)         0.259     0.601    clk_IBUF
                                                                      r  clk_IBUF_BUFG_inst/I
                         BUFG (Prop_bufg_I_O)         0.030     0.631 r  clk_IBUF_BUFG_inst/O
                         net (fo=507, unplaced)       0.259     0.890    clk_IBUF_BUFG
                         FDRE                                         r  ds_inst_reg[14]/C

Slack:                    inf
  Source:                 inst_sram_rdata[15]
                            (input port)
  Destination:            ds_inst_reg[15]/D
                            (rising edge-triggered cell FDRE clocked by clk  {rise@0.000ns fall@5.000ns period=10.000ns})
  Path Group:             (none)
  Path Type:              Hold (Min at Fast Process Corner)
  Data Path Delay:        0.340ns  (logic 0.094ns (27.619%)  route 0.246ns (72.381%))
  Logic Levels:           1  (IBUF=1)
  Clock Path Skew:        0.890ns (DCD - SCD - CPR)
    Destination Clock Delay (DCD):    0.890ns
    Source Clock Delay      (SCD):    0.000ns
    Clock Pessimism Removal (CPR):    -0.000ns

    Location             Delay type                Incr(ns)  Path(ns)    Netlist Resource(s)
  -------------------------------------------------------------------    -------------------
                                                      0.000     0.000 r  inst_sram_rdata[15] (IN)
                         net (fo=0)                   0.000     0.000    inst_sram_rdata[15]
                                                                      r  inst_sram_rdata_IBUF[15]_inst/I
                         IBUF (Prop_ibuf_I_O)         0.094     0.094 r  inst_sram_rdata_IBUF[15]_inst/O
                         net (fo=1, unplaced)         0.246     0.340    inst_sram_rdata_IBUF[15]
                         FDRE                                         r  ds_inst_reg[15]/D
  -------------------------------------------------------------------    -------------------

                         (clock clk rise edge)        0.000     0.000 r  
                                                      0.000     0.000 r  clk (IN)
                         net (fo=0)                   0.000     0.000    clk
                                                                      r  clk_IBUF_inst/I
                         IBUF (Prop_ibuf_I_O)         0.342     0.342 r  clk_IBUF_inst/O
                         net (fo=1, unplaced)         0.259     0.601    clk_IBUF
                                                                      r  clk_IBUF_BUFG_inst/I
                         BUFG (Prop_bufg_I_O)         0.030     0.631 r  clk_IBUF_BUFG_inst/O
                         net (fo=507, unplaced)       0.259     0.890    clk_IBUF_BUFG
                         FDRE                                         r  ds_inst_reg[15]/C

Slack:                    inf
  Source:                 inst_sram_rdata[16]
                            (input port)
  Destination:            ds_inst_reg[16]/D
                            (rising edge-triggered cell FDRE clocked by clk  {rise@0.000ns fall@5.000ns period=10.000ns})
  Path Group:             (none)
  Path Type:              Hold (Min at Fast Process Corner)
  Data Path Delay:        0.340ns  (logic 0.094ns (27.619%)  route 0.246ns (72.381%))
  Logic Levels:           1  (IBUF=1)
  Clock Path Skew:        0.890ns (DCD - SCD - CPR)
    Destination Clock Delay (DCD):    0.890ns
    Source Clock Delay      (SCD):    0.000ns
    Clock Pessimism Removal (CPR):    -0.000ns

    Location             Delay type                Incr(ns)  Path(ns)    Netlist Resource(s)
  -------------------------------------------------------------------    -------------------
                                                      0.000     0.000 r  inst_sram_rdata[16] (IN)
                         net (fo=0)                   0.000     0.000    inst_sram_rdata[16]
                                                                      r  inst_sram_rdata_IBUF[16]_inst/I
                         IBUF (Prop_ibuf_I_O)         0.094     0.094 r  inst_sram_rdata_IBUF[16]_inst/O
                         net (fo=1, unplaced)         0.246     0.340    inst_sram_rdata_IBUF[16]
                         FDRE                                         r  ds_inst_reg[16]/D
  -------------------------------------------------------------------    -------------------

                         (clock clk rise edge)        0.000     0.000 r  
                                                      0.000     0.000 r  clk (IN)
                         net (fo=0)                   0.000     0.000    clk
                                                                      r  clk_IBUF_inst/I
                         IBUF (Prop_ibuf_I_O)         0.342     0.342 r  clk_IBUF_inst/O
                         net (fo=1, unplaced)         0.259     0.601    clk_IBUF
                                                                      r  clk_IBUF_BUFG_inst/I
                         BUFG (Prop_bufg_I_O)         0.030     0.631 r  clk_IBUF_BUFG_inst/O
                         net (fo=507, unplaced)       0.259     0.890    clk_IBUF_BUFG
                         FDRE                                         r  ds_inst_reg[16]/C

Slack:                    inf
  Source:                 inst_sram_rdata[17]
                            (input port)
  Destination:            ds_inst_reg[17]/D
                            (rising edge-triggered cell FDRE clocked by clk  {rise@0.000ns fall@5.000ns period=10.000ns})
  Path Group:             (none)
  Path Type:              Hold (Min at Fast Process Corner)
  Data Path Delay:        0.340ns  (logic 0.094ns (27.619%)  route 0.246ns (72.381%))
  Logic Levels:           1  (IBUF=1)
  Clock Path Skew:        0.890ns (DCD - SCD - CPR)
    Destination Clock Delay (DCD):    0.890ns
    Source Clock Delay      (SCD):    0.000ns
    Clock Pessimism Removal (CPR):    -0.000ns

    Location             Delay type                Incr(ns)  Path(ns)    Netlist Resource(s)
  -------------------------------------------------------------------    -------------------
                                                      0.000     0.000 r  inst_sram_rdata[17] (IN)
                         net (fo=0)                   0.000     0.000    inst_sram_rdata[17]
                                                                      r  inst_sram_rdata_IBUF[17]_inst/I
                         IBUF (Prop_ibuf_I_O)         0.094     0.094 r  inst_sram_rdata_IBUF[17]_inst/O
                         net (fo=1, unplaced)         0.246     0.340    inst_sram_rdata_IBUF[17]
                         FDRE                                         r  ds_inst_reg[17]/D
  -------------------------------------------------------------------    -------------------

                         (clock clk rise edge)        0.000     0.000 r  
                                                      0.000     0.000 r  clk (IN)
                         net (fo=0)                   0.000     0.000    clk
                                                                      r  clk_IBUF_inst/I
                         IBUF (Prop_ibuf_I_O)         0.342     0.342 r  clk_IBUF_inst/O
                         net (fo=1, unplaced)         0.259     0.601    clk_IBUF
                                                                      r  clk_IBUF_BUFG_inst/I
                         BUFG (Prop_bufg_I_O)         0.030     0.631 r  clk_IBUF_BUFG_inst/O
                         net (fo=507, unplaced)       0.259     0.890    clk_IBUF_BUFG
                         FDRE                                         r  ds_inst_reg[17]/C

Slack:                    inf
  Source:                 inst_sram_rdata[18]
                            (input port)
  Destination:            ds_inst_reg[18]/D
                            (rising edge-triggered cell FDRE clocked by clk  {rise@0.000ns fall@5.000ns period=10.000ns})
  Path Group:             (none)
  Path Type:              Hold (Min at Fast Process Corner)
  Data Path Delay:        0.340ns  (logic 0.094ns (27.619%)  route 0.246ns (72.381%))
  Logic Levels:           1  (IBUF=1)
  Clock Path Skew:        0.890ns (DCD - SCD - CPR)
    Destination Clock Delay (DCD):    0.890ns
    Source Clock Delay      (SCD):    0.000ns
    Clock Pessimism Removal (CPR):    -0.000ns

    Location             Delay type                Incr(ns)  Path(ns)    Netlist Resource(s)
  -------------------------------------------------------------------    -------------------
                                                      0.000     0.000 r  inst_sram_rdata[18] (IN)
                         net (fo=0)                   0.000     0.000    inst_sram_rdata[18]
                                                                      r  inst_sram_rdata_IBUF[18]_inst/I
                         IBUF (Prop_ibuf_I_O)         0.094     0.094 r  inst_sram_rdata_IBUF[18]_inst/O
                         net (fo=1, unplaced)         0.246     0.340    inst_sram_rdata_IBUF[18]
                         FDRE                                         r  ds_inst_reg[18]/D
  -------------------------------------------------------------------    -------------------

                         (clock clk rise edge)        0.000     0.000 r  
                                                      0.000     0.000 r  clk (IN)
                         net (fo=0)                   0.000     0.000    clk
                                                                      r  clk_IBUF_inst/I
                         IBUF (Prop_ibuf_I_O)         0.342     0.342 r  clk_IBUF_inst/O
                         net (fo=1, unplaced)         0.259     0.601    clk_IBUF
                                                                      r  clk_IBUF_BUFG_inst/I
                         BUFG (Prop_bufg_I_O)         0.030     0.631 r  clk_IBUF_BUFG_inst/O
                         net (fo=507, unplaced)       0.259     0.890    clk_IBUF_BUFG
                         FDRE                                         r  ds_inst_reg[18]/C





